nohup: ignoring input
/opt/miniconda3/envs/warprec/lib/python3.12/site-packages/hyperopt/atpe.py:19: UserWarning: pkg_resources is deprecated as an API. See https://setuptools.pypa.io/en/latest/pkg_resources.html. The pkg_resources package is slated for removal as early as 2025-11-30. Refrain from using this package or pin to Setuptools<81.
  import pkg_resources
03-08-2026 13:23:39 - WarpRec - 📝 [37mStarting experiment.[0m
03-08-2026 13:23:39 - WarpRec - 📝 [37mReading train configuration file in: config/lightgcn_book.yml[0m
03-08-2026 13:23:39 - WarpRec - 📝 [37mReading process completed correctly.[0m
2026-08-03 13:23:39,900	WARNING services.py:397 -- Found multiple active Ray instances: {'herd-ray-head:6379', '10.74.0.72:6379'}. Connecting to latest cluster at 10.74.0.72:6379. You can override this by setting the `--address` flag or `RAY_ADDRESS` environment variable.
2026-08-03 13:23:39,900	INFO worker.py:1833 -- Connecting to existing Ray cluster at address: 10.74.0.72:6379...
2026-08-03 13:23:39,912	INFO worker.py:2013 -- Connected to Ray cluster.
2026-08-03 13:23:40,006	INFO packaging.py:588 -- Creating a file package for local module 'warprec'.
2026-08-03 13:23:40,138	INFO packaging.py:380 -- Pushing file package 'gcs://_ray_pkg_57bbb2a0e1648d4b.zip' (3.79MiB) to Ray cluster...
2026-08-03 13:23:40,154	INFO packaging.py:393 -- Successfully pushed file package 'gcs://_ray_pkg_57bbb2a0e1648d4b.zip'.
/opt/miniconda3/envs/warprec/lib/python3.12/site-packages/ray/_private/worker.py:2052: FutureWarning: Tip: In future versions of Ray, Ray will no longer override accelerator visible devices env var if num_gpus=0 or num_gpus=None (default). To enable this behavior and turn off this error message, set RAY_ACCEL_ENV_VAR_OVERRIDE_ON_ZERO=0
  warnings.warn(
03-08-2026 13:23:40 - WarpRec - ✅ [32mConnected to existing Ray cluster.[0m
03-08-2026 13:23:40 - WarpRec - 📝 [37mSetting up experiment local folder.[0m
03-08-2026 13:23:40 - WarpRec - 📝 [37mExperiment folder created successfully.[0m
03-08-2026 13:23:40 - WarpRec - 📝 [37mDelegating data preparation to Ray cluster[0m
[36m(pid=4027644)[0m /opt/miniconda3/envs/warprec/lib/python3.12/site-packages/hyperopt/atpe.py:19: UserWarning: pkg_resources is deprecated as an API. See https://setuptools.pypa.io/en/latest/pkg_resources.html. The pkg_resources package is slated for removal as early as 2025-11-30. Refrain from using this package or pin to Setuptools<81.
[36m(pid=4027644)[0m   import pkg_resources
[36m(remote_data_preparation pid=4027644)[0m 03-08-2026 13:23:50 - WarpRec - 📝 [37mStarting reading split process from: datasets/amazon_book/ using polars[0m
[36m(remote_data_preparation pid=4027644)[0m 03-08-2026 13:23:50 - WarpRec - ✅ [32mReading process completed successfully.[0m
[36m(remote_data_preparation pid=4027644)[0m 03-08-2026 13:23:50 - WarpRec - 📝 [37mCreating main dataset[0m
[36m(remote_data_preparation pid=4027644)[0m 03-08-2026 13:23:50 - WarpRec - 📝 [37m----------------------------------Train set----------------------------------[0m
[36m(remote_data_preparation pid=4027644)[0m 03-08-2026 13:23:50 - WarpRec - 📊 [36mNumber of users: 52643      Number of items: 91599      Transactions: 2380730[0m
[36m(remote_data_preparation pid=4027644)[0m 03-08-2026 13:23:50 - WarpRec - 📝 [37m-----------------------------------------------------------------------------[0m
[36m(remote_data_preparation pid=4027644)[0m 03-08-2026 13:23:51 - WarpRec - 📝 [37m----------------------------------Test set----------------------------------[0m
[36m(remote_data_preparation pid=4027644)[0m 03-08-2026 13:23:51 - WarpRec - 📊 [36mNumber of users: 52639      Number of items: 82629      Transactions: 603378[0m
[36m(remote_data_preparation pid=4027644)[0m 03-08-2026 13:23:51 - WarpRec - 📝 [37m----------------------------------------------------------------------------[0m
[36m(remote_data_preparation pid=4027644)[0m 03-08-2026 13:23:51 - WarpRec - 📝 [37mPreparing main dataset inner structures for evaluation.[0m
03-08-2026 13:23:51 - WarpRec - ✅ [32mData preparation completed in 12.29 seconds.[0m
03-08-2026 13:23:51 - WarpRec - 📢 [33mValidation metric for this experiment has been set to: nDCG@10[0m
[36m(pid=4027907)[0m /opt/miniconda3/envs/warprec/lib/python3.12/site-packages/hyperopt/atpe.py:19: UserWarning: pkg_resources is deprecated as an API. See https://setuptools.pypa.io/en/latest/pkg_resources.html. The pkg_resources package is slated for removal as early as 2025-11-30. Refrain from using this package or pin to Setuptools<81.
[36m(pid=4027907)[0m   import pkg_resources
[36m(TrainController pid=4028103)[0m /opt/miniconda3/envs/warprec/lib/python3.12/site-packages/hyperopt/atpe.py:19: UserWarning: pkg_resources is deprecated as an API. See https://setuptools.pypa.io/en/latest/pkg_resources.html. The pkg_resources package is slated for removal as early as 2025-11-30. Refrain from using this package or pin to Setuptools<81.
[36m(TrainController pid=4028103)[0m   import pkg_resources
[36m(TrainController pid=4028103)[0m Attempting to start training worker group of size 1 with the following resources: [{'CPU': 1.0, 'GPU': 1}] * 1
[36m(RayTrainWorker pid=4028311)[0m /opt/miniconda3/envs/warprec/lib/python3.12/site-packages/hyperopt/atpe.py:19: UserWarning: pkg_resources is deprecated as an API. See https://setuptools.pypa.io/en/latest/pkg_resources.html. The pkg_resources package is slated for removal as early as 2025-11-30. Refrain from using this package or pin to Setuptools<81.
[36m(RayTrainWorker pid=4028311)[0m   import pkg_resources
[36m(TrainController pid=4028103)[0m Started training worker group of size 1: 
[36m(TrainController pid=4028103)[0m - (ip=10.74.0.72, pid=4028311) world_rank=0, local_rank=0, node_rank=0
[36m(RayTrainWorker pid=4028311)[0m Setting up process group for: env:// [rank=0, world_size=1]
╭────────────────────────────────────────────────────────────────────────╮
│ Configuration for experiment     train_driver_fn_2026-08-03_13-23-52   │
├────────────────────────────────────────────────────────────────────────┤
│ Search algorithm                 BasicVariantGenerator                 │
│ Scheduler                        FIFOSchedulerWrapper                  │
│ Number of trials                 1                                     │
╰────────────────────────────────────────────────────────────────────────╯

View detailed results here: /home/vincenzo/warprec/experiment/lightgcn/amazon_book/amazon_book/ray_results/train_driver_fn_2026-08-03_13-23-52
To visualize your results with TensorBoard, run: `tensorboard --logdir /tmp/ray/session_2026-07-30_08-57-47_027174_771826/artifacts/2026-08-03_13-23-52/train_driver_fn_2026-08-03_13-23-52/driver_artifacts`

Trial status: 1 PENDING
Current time: 2026-08-03 13:23:52. Total running time: 0s
Logical resource usage: 0.05/12 CPUs, 0/2 GPUs (0.0/1.0 accelerator_type:G)
╭─────────────────────────────────────────────────────────────────────────────────────────────────────────────────────────────────────────╮
│ Trial name                          status       embedding_size     n_layers     reg_weight     batch_size     epochs     learning_rate │
├─────────────────────────────────────────────────────────────────────────────────────────────────────────────────────────────────────────┤
│ LightGCN_LyricalMacaqueOfEmphasis   PENDING                  64            3         0.0001           4096       1000             0.001 │
╰─────────────────────────────────────────────────────────────────────────────────────────────────────────────────────────────────────────╯

Trial LightGCN_LyricalMacaqueOfEmphasis started with configuration:
╭───────────────────────────────────────────────────────────╮
│ Trial LightGCN_LyricalMacaqueOfEmphasis config            │
├───────────────────────────────────────────────────────────┤
│ batch_size                                           4096 │
│ embedding_size                                         64 │
│ epochs                                               1000 │
│ learning_rate                                       0.001 │
│ n_layers                                                3 │
│ reg_weight                                         0.0001 │
╰───────────────────────────────────────────────────────────╯

Trial status: 1 RUNNING
Current time: 2026-08-03 13:24:22. Total running time: 30s
Logical resource usage: 0.05/12 CPUs, 0/2 GPUs (0.0/1.0 accelerator_type:G)
╭─────────────────────────────────────────────────────────────────────────────────────────────────────────────────────────────────────────╮
│ Trial name                          status       embedding_size     n_layers     reg_weight     batch_size     epochs     learning_rate │
├─────────────────────────────────────────────────────────────────────────────────────────────────────────────────────────────────────────┤
│ LightGCN_LyricalMacaqueOfEmphasis   RUNNING                  64            3         0.0001           4096       1000             0.001 │
╰─────────────────────────────────────────────────────────────────────────────────────────────────────────────────────────────────────────╯
Trial status: 1 RUNNING
Current time: 2026-08-03 13:24:52. Total running time: 1min 0s
Logical resource usage: 0.05/12 CPUs, 0/2 GPUs (0.0/1.0 accelerator_type:G)
╭─────────────────────────────────────────────────────────────────────────────────────────────────────────────────────────────────────────╮
│ Trial name                          status       embedding_size     n_layers     reg_weight     batch_size     epochs     learning_rate │
├─────────────────────────────────────────────────────────────────────────────────────────────────────────────────────────────────────────┤
│ LightGCN_LyricalMacaqueOfEmphasis   RUNNING                  64            3         0.0001           4096       1000             0.001 │
╰─────────────────────────────────────────────────────────────────────────────────────────────────────────────────────────────────────────╯
Trial status: 1 RUNNING
Current time: 2026-08-03 13:25:22. Total running time: 1min 30s
Logical resource usage: 0.05/12 CPUs, 0/2 GPUs (0.0/1.0 accelerator_type:G)
╭─────────────────────────────────────────────────────────────────────────────────────────────────────────────────────────────────────────╮
│ Trial name                          status       embedding_size     n_layers     reg_weight     batch_size     epochs     learning_rate │
├─────────────────────────────────────────────────────────────────────────────────────────────────────────────────────────────────────────┤
│ LightGCN_LyricalMacaqueOfEmphasis   RUNNING                  64            3         0.0001           4096       1000             0.001 │
╰─────────────────────────────────────────────────────────────────────────────────────────────────────────────────────────────────────────╯[36m(RayTrainWorker pid=4028311)[0m [rank0]:[W803 13:25:25.276174976 ProcessGroupNCCL.cpp:4715] [PG ID 0 PG GUID 0 Rank 0]  using GPU 0 as device used by this process is currently unknown. This can potentially cause a hang if this rank to GPU mapping is incorrect. You can pecify device_id in init_process_group() to force use of a particular device.
[36m(RayTrainWorker pid=4028311)[0m Checkpoint successfully created at: Checkpoint(filesystem=local, path=/home/vincenzo/warprec/experiment/lightgcn/amazon_book/amazon_book/ray_results/ray_train_trial_id=91fef_00000/checkpoint_2026-08-03_13-25-25.911787)
[36m(RayTrainWorker pid=4028311)[0m Reporting training result 1: TrainingReport(checkpoint=Checkpoint(filesystem=local, path=/home/vincenzo/warprec/experiment/lightgcn/amazon_book/amazon_book/ray_results/ray_train_trial_id=91fef_00000/checkpoint_2026-08-03_13-25-25.911787), metrics={'nDCG@10': 0.0070487684570252895, 'Recall@10': 0.006225635763257742, 'EPC@10': 0.005940354894846678, 'Gini@10': 0.9995278120040894, 'best_nDCG@10': 0.0070487684570252895, 'loss': 0.4421495199203491, 'ram_peak_mb': 7988.5546875, 'vram_peak_mb': 2104.56884765625, 'epoch': 0, 'step': 582}, validation_spec=None)
[36m(RayTrainWorker pid=4028311)[0m Checkpoint successfully created at: Checkpoint(filesystem=local, path=/home/vincenzo/warprec/experiment/lightgcn/amazon_book/amazon_book/ray_results/ray_train_trial_id=91fef_00000/checkpoint_2026-08-03_13-26-20.905725)
[36m(RayTrainWorker pid=4028311)[0m Reporting training result 2: TrainingReport(checkpoint=Checkpoint(filesystem=local, path=/home/vincenzo/warprec/experiment/lightgcn/amazon_book/amazon_book/ray_results/ray_train_trial_id=91fef_00000/checkpoint_2026-08-03_13-26-20.905725), metrics={'nDCG@10': 0.009130359627306461, 'Recall@10': 0.008198754861950874, 'EPC@10': 0.007655782625079155, 'Gini@10': 0.9992984533309937, 'best_nDCG@10': 0.009130359627306461, 'loss': 0.28347355127334595, 'ram_peak_mb': 9061.578125, 'vram_peak_mb': 2104.5869140625, 'epoch': 1, 'step': 1164}, validation_spec=None)

Trial status: 1 RUNNING
Current time: 2026-08-03 13:25:52. Total running time: 2min 0s
Logical resource usage: 0.05/12 CPUs, 0/2 GPUs (0.0/1.0 accelerator_type:G)
Current best trial: 91fef_00000 with nDCG@10=0.0070487684570252895 and params={'embedding_size': 64, 'n_layers': 3, 'reg_weight': 0.0001, 'batch_size': 4096, 'epochs': 1000, 'learning_rate': 0.001}
╭─────────────────────────────────────────────────────────────────────────────────────────────────────────────────────────────────────────────────────────────────────────────────────────────────────────────────────────╮
│ Trial name                          status       embedding_size     n_layers     reg_weight     batch_size     epochs     learning_rate     iter     total time (s)      nDCG@10     Recall@10       EPC@10     Gini@10 │
├─────────────────────────────────────────────────────────────────────────────────────────────────────────────────────────────────────────────────────────────────────────────────────────────────────────────────────────┤
│ LightGCN_LyricalMacaqueOfEmphasis   RUNNING                  64            3         0.0001           4096       1000             0.001        1            82.9191   0.00704877    0.00622564   0.00594035    0.999528 │
╰─────────────────────────────────────────────────────────────────────────────────────────────────────────────────────────────────────────────────────────────────────────────────────────────────────────────────────────╯
Trial status: 1 RUNNING
Current time: 2026-08-03 13:26:22. Total running time: 2min 30s
Logical resource usage: 0.05/12 CPUs, 0/2 GPUs (0.0/1.0 accelerator_type:G)
Current best trial: 91fef_00000 with nDCG@10=0.009130359627306461 and params={'embedding_size': 64, 'n_layers': 3, 'reg_weight': 0.0001, 'batch_size': 4096, 'epochs': 1000, 'learning_rate': 0.001}
╭─────────────────────────────────────────────────────────────────────────────────────────────────────────────────────────────────────────────────────────────────────────────────────────────────────────────────────────╮
│ Trial name                          status       embedding_size     n_layers     reg_weight     batch_size     epochs     learning_rate     iter     total time (s)      nDCG@10     Recall@10       EPC@10     Gini@10 │
├─────────────────────────────────────────────────────────────────────────────────────────────────────────────────────────────────────────────────────────────────────────────────────────────────────────────────────────┤
│ LightGCN_LyricalMacaqueOfEmphasis   RUNNING                  64            3         0.0001           4096       1000             0.001        2            139.206   0.00913036    0.00819875   0.00765578    0.999298 │
╰─────────────────────────────────────────────────────────────────────────────────────────────────────────────────────────────────────────────────────────────────────────────────────────────────────────────────────────╯
Trial status: 1 RUNNING
Current time: 2026-08-03 13:26:53. Total running time: 3min 0s
Logical resource usage: 0.05/12 CPUs, 0/2 GPUs (0.0/1.0 accelerator_type:G)
Current best trial: 91fef_00000 with nDCG@10=0.009130359627306461 and params={'embedding_size': 64, 'n_layers': 3, 'reg_weight': 0.0001, 'batch_size': 4096, 'epochs': 1000, 'learning_rate': 0.001}
╭─────────────────────────────────────────────────────────────────────────────────────────────────────────────────────────────────────────────────────────────────────────────────────────────────────────────────────────╮
│ Trial name                          status       embedding_size     n_layers     reg_weight     batch_size     epochs     learning_rate     iter     total time (s)      nDCG@10     Recall@10       EPC@10     Gini@10 │
├─────────────────────────────────────────────────────────────────────────────────────────────────────────────────────────────────────────────────────────────────────────────────────────────────────────────────────────┤
│ LightGCN_LyricalMacaqueOfEmphasis   RUNNING                  64            3         0.0001           4096       1000             0.001        2            139.206   0.00913036    0.00819875   0.00765578    0.999298 │
╰─────────────────────────────────────────────────────────────────────────────────────────────────────────────────────────────────────────────────────────────────────────────────────────────────────────────────────────╯[36m(RayTrainWorker pid=4028311)[0m Checkpoint successfully created at: Checkpoint(filesystem=local, path=/home/vincenzo/warprec/experiment/lightgcn/amazon_book/amazon_book/ray_results/ray_train_trial_id=91fef_00000/checkpoint_2026-08-03_13-27-14.837471)
[36m(RayTrainWorker pid=4028311)[0m Reporting training result 3: TrainingReport(checkpoint=Checkpoint(filesystem=local, path=/home/vincenzo/warprec/experiment/lightgcn/amazon_book/amazon_book/ray_results/ray_train_trial_id=91fef_00000/checkpoint_2026-08-03_13-27-14.837471), metrics={'nDCG@10': 0.009981994517147541, 'Recall@10': 0.008963585831224918, 'EPC@10': 0.008358576335012913, 'Gini@10': 0.9991515278816223, 'best_nDCG@10': 0.009981994517147541, 'loss': 0.23340049386024475, 'ram_peak_mb': 9078.1796875, 'vram_peak_mb': 2104.5927734375, 'epoch': 2, 'step': 1746}, validation_spec=None)
[36m(RayTrainWorker pid=4028311)[0m Checkpoint successfully created at: Checkpoint(filesystem=local, path=/home/vincenzo/warprec/experiment/lightgcn/amazon_book/amazon_book/ray_results/ray_train_trial_id=91fef_00000/checkpoint_2026-08-03_13-28-09.689273)
[36m(RayTrainWorker pid=4028311)[0m Reporting training result 4: TrainingReport(checkpoint=Checkpoint(filesystem=local, path=/home/vincenzo/warprec/experiment/lightgcn/amazon_book/amazon_book/ray_results/ray_train_trial_id=91fef_00000/checkpoint_2026-08-03_13-28-09.689273), metrics={'nDCG@10': 0.010654589161276817, 'Recall@10': 0.009485217742621899, 'EPC@10': 0.00891296099871397, 'Gini@10': 0.9990047216415405, 'best_nDCG@10': 0.010654589161276817, 'loss': 0.20201840996742249, 'ram_peak_mb': 9080.51953125, 'vram_peak_mb': 2104.5927734375, 'epoch': 3, 'step': 2328}, validation_spec=None)

Trial status: 1 RUNNING
Current time: 2026-08-03 13:27:23. Total running time: 3min 30s
Logical resource usage: 0.05/12 CPUs, 0/2 GPUs (0.0/1.0 accelerator_type:G)
Current best trial: 91fef_00000 with nDCG@10=0.009981994517147541 and params={'embedding_size': 64, 'n_layers': 3, 'reg_weight': 0.0001, 'batch_size': 4096, 'epochs': 1000, 'learning_rate': 0.001}
╭─────────────────────────────────────────────────────────────────────────────────────────────────────────────────────────────────────────────────────────────────────────────────────────────────────────────────────────╮
│ Trial name                          status       embedding_size     n_layers     reg_weight     batch_size     epochs     learning_rate     iter     total time (s)      nDCG@10     Recall@10       EPC@10     Gini@10 │
├─────────────────────────────────────────────────────────────────────────────────────────────────────────────────────────────────────────────────────────────────────────────────────────────────────────────────────────┤
│ LightGCN_LyricalMacaqueOfEmphasis   RUNNING                  64            3         0.0001           4096       1000             0.001        3            191.521   0.00998199    0.00896359   0.00835858    0.999152 │
╰─────────────────────────────────────────────────────────────────────────────────────────────────────────────────────────────────────────────────────────────────────────────────────────────────────────────────────────╯
Trial status: 1 RUNNING
Current time: 2026-08-03 13:27:53. Total running time: 4min 0s
Logical resource usage: 0.05/12 CPUs, 0/2 GPUs (0.0/1.0 accelerator_type:G)
Current best trial: 91fef_00000 with nDCG@10=0.009981994517147541 and params={'embedding_size': 64, 'n_layers': 3, 'reg_weight': 0.0001, 'batch_size': 4096, 'epochs': 1000, 'learning_rate': 0.001}
╭─────────────────────────────────────────────────────────────────────────────────────────────────────────────────────────────────────────────────────────────────────────────────────────────────────────────────────────╮
│ Trial name                          status       embedding_size     n_layers     reg_weight     batch_size     epochs     learning_rate     iter     total time (s)      nDCG@10     Recall@10       EPC@10     Gini@10 │
├─────────────────────────────────────────────────────────────────────────────────────────────────────────────────────────────────────────────────────────────────────────────────────────────────────────────────────────┤
│ LightGCN_LyricalMacaqueOfEmphasis   RUNNING                  64            3         0.0001           4096       1000             0.001        3            191.521   0.00998199    0.00896359   0.00835858    0.999152 │
╰─────────────────────────────────────────────────────────────────────────────────────────────────────────────────────────────────────────────────────────────────────────────────────────────────────────────────────────╯
Trial status: 1 RUNNING
Current time: 2026-08-03 13:28:23. Total running time: 4min 30s
Logical resource usage: 0.05/12 CPUs, 0/2 GPUs (0.0/1.0 accelerator_type:G)
Current best trial: 91fef_00000 with nDCG@10=0.010654589161276817 and params={'embedding_size': 64, 'n_layers': 3, 'reg_weight': 0.0001, 'batch_size': 4096, 'epochs': 1000, 'learning_rate': 0.001}
╭────────────────────────────────────────────────────────────────────────────────────────────────────────────────────────────────────────────────────────────────────────────────────────────────────────────────────────╮
│ Trial name                          status       embedding_size     n_layers     reg_weight     batch_size     epochs     learning_rate     iter     total time (s)     nDCG@10     Recall@10       EPC@10     Gini@10 │
├────────────────────────────────────────────────────────────────────────────────────────────────────────────────────────────────────────────────────────────────────────────────────────────────────────────────────────┤
│ LightGCN_LyricalMacaqueOfEmphasis   RUNNING                  64            3         0.0001           4096       1000             0.001        4            247.892   0.0106546    0.00948522   0.00891296    0.999005 │
╰────────────────────────────────────────────────────────────────────────────────────────────────────────────────────────────────────────────────────────────────────────────────────────────────────────────────────────╯[36m(RayTrainWorker pid=4028311)[0m Checkpoint successfully created at: Checkpoint(filesystem=local, path=/home/vincenzo/warprec/experiment/lightgcn/amazon_book/amazon_book/ray_results/ray_train_trial_id=91fef_00000/checkpoint_2026-08-03_13-29-04.226589)
[36m(RayTrainWorker pid=4028311)[0m Reporting training result 5: TrainingReport(checkpoint=Checkpoint(filesystem=local, path=/home/vincenzo/warprec/experiment/lightgcn/amazon_book/amazon_book/ray_results/ray_train_trial_id=91fef_00000/checkpoint_2026-08-03_13-29-04.226589), metrics={'nDCG@10': 0.011197388172149658, 'Recall@10': 0.009954532608389854, 'EPC@10': 0.009351829998195171, 'Gini@10': 0.9988673329353333, 'best_nDCG@10': 0.011197388172149658, 'loss': 0.17986178398132324, 'ram_peak_mb': 9082.09765625, 'vram_peak_mb': 2104.5927734375, 'epoch': 4, 'step': 2910}, validation_spec=None)

Trial status: 1 RUNNING
Current time: 2026-08-03 13:28:53. Total running time: 5min 0s
Logical resource usage: 0.05/12 CPUs, 0/2 GPUs (0.0/1.0 accelerator_type:G)
Current best trial: 91fef_00000 with nDCG@10=0.010654589161276817 and params={'embedding_size': 64, 'n_layers': 3, 'reg_weight': 0.0001, 'batch_size': 4096, 'epochs': 1000, 'learning_rate': 0.001}
╭────────────────────────────────────────────────────────────────────────────────────────────────────────────────────────────────────────────────────────────────────────────────────────────────────────────────────────╮
│ Trial name                          status       embedding_size     n_layers     reg_weight     batch_size     epochs     learning_rate     iter     total time (s)     nDCG@10     Recall@10       EPC@10     Gini@10 │
├────────────────────────────────────────────────────────────────────────────────────────────────────────────────────────────────────────────────────────────────────────────────────────────────────────────────────────┤
│ LightGCN_LyricalMacaqueOfEmphasis   RUNNING                  64            3         0.0001           4096       1000             0.001        4            247.892   0.0106546    0.00948522   0.00891296    0.999005 │
╰────────────────────────────────────────────────────────────────────────────────────────────────────────────────────────────────────────────────────────────────────────────────────────────────────────────────────────╯
Trial status: 1 RUNNING
Current time: 2026-08-03 13:29:23. Total running time: 5min 30s
Logical resource usage: 0.05/12 CPUs, 0/2 GPUs (0.0/1.0 accelerator_type:G)
Current best trial: 91fef_00000 with nDCG@10=0.011197388172149658 and params={'embedding_size': 64, 'n_layers': 3, 'reg_weight': 0.0001, 'batch_size': 4096, 'epochs': 1000, 'learning_rate': 0.001}
╭────────────────────────────────────────────────────────────────────────────────────────────────────────────────────────────────────────────────────────────────────────────────────────────────────────────────────────╮
│ Trial name                          status       embedding_size     n_layers     reg_weight     batch_size     epochs     learning_rate     iter     total time (s)     nDCG@10     Recall@10       EPC@10     Gini@10 │
├────────────────────────────────────────────────────────────────────────────────────────────────────────────────────────────────────────────────────────────────────────────────────────────────────────────────────────┤
│ LightGCN_LyricalMacaqueOfEmphasis   RUNNING                  64            3         0.0001           4096       1000             0.001        5            302.206   0.0111974    0.00995453   0.00935183    0.998867 │
╰────────────────────────────────────────────────────────────────────────────────────────────────────────────────────────────────────────────────────────────────────────────────────────────────────────────────────────╯
Trial status: 1 RUNNING
Current time: 2026-08-03 13:29:53. Total running time: 6min 0s
Logical resource usage: 0.05/12 CPUs, 0/2 GPUs (0.0/1.0 accelerator_type:G)
Current best trial: 91fef_00000 with nDCG@10=0.011197388172149658 and params={'embedding_size': 64, 'n_layers': 3, 'reg_weight': 0.0001, 'batch_size': 4096, 'epochs': 1000, 'learning_rate': 0.001}
╭────────────────────────────────────────────────────────────────────────────────────────────────────────────────────────────────────────────────────────────────────────────────────────────────────────────────────────╮
│ Trial name                          status       embedding_size     n_layers     reg_weight     batch_size     epochs     learning_rate     iter     total time (s)     nDCG@10     Recall@10       EPC@10     Gini@10 │
├────────────────────────────────────────────────────────────────────────────────────────────────────────────────────────────────────────────────────────────────────────────────────────────────────────────────────────┤
│ LightGCN_LyricalMacaqueOfEmphasis   RUNNING                  64            3         0.0001           4096       1000             0.001        5            302.206   0.0111974    0.00995453   0.00935183    0.998867 │
╰────────────────────────────────────────────────────────────────────────────────────────────────────────────────────────────────────────────────────────────────────────────────────────────────────────────────────────╯[36m(RayTrainWorker pid=4028311)[0m Checkpoint successfully created at: Checkpoint(filesystem=local, path=/home/vincenzo/warprec/experiment/lightgcn/amazon_book/amazon_book/ray_results/ray_train_trial_id=91fef_00000/checkpoint_2026-08-03_13-29-58.685897)
[36m(RayTrainWorker pid=4028311)[0m Reporting training result 6: TrainingReport(checkpoint=Checkpoint(filesystem=local, path=/home/vincenzo/warprec/experiment/lightgcn/amazon_book/amazon_book/ray_results/ray_train_trial_id=91fef_00000/checkpoint_2026-08-03_13-29-58.685897), metrics={'nDCG@10': 0.011748090386390686, 'Recall@10': 0.010435469448566437, 'EPC@10': 0.00980589259415865, 'Gini@10': 0.9987338185310364, 'best_nDCG@10': 0.011748090386390686, 'loss': 0.16317620873451233, 'ram_peak_mb': 9083.41015625, 'vram_peak_mb': 2104.5927734375, 'epoch': 5, 'step': 3492}, validation_spec=None)
[36m(RayTrainWorker pid=4028311)[0m Checkpoint successfully created at: Checkpoint(filesystem=local, path=/home/vincenzo/warprec/experiment/lightgcn/amazon_book/amazon_book/ray_results/ray_train_trial_id=91fef_00000/checkpoint_2026-08-03_13-30-53.035399)
[36m(RayTrainWorker pid=4028311)[0m Reporting training result 7: TrainingReport(checkpoint=Checkpoint(filesystem=local, path=/home/vincenzo/warprec/experiment/lightgcn/amazon_book/amazon_book/ray_results/ray_train_trial_id=91fef_00000/checkpoint_2026-08-03_13-30-53.035399), metrics={'nDCG@10': 0.01216304674744606, 'Recall@10': 0.010807636193931103, 'EPC@10': 0.010148140601813793, 'Gini@10': 0.998605489730835, 'best_nDCG@10': 0.01216304674744606, 'loss': 0.14965754747390747, 'ram_peak_mb': 9083.69140625, 'vram_peak_mb': 2104.5927734375, 'epoch': 6, 'step': 4074}, validation_spec=None)

Trial status: 1 RUNNING
Current time: 2026-08-03 13:30:23. Total running time: 6min 30s
Logical resource usage: 0.05/12 CPUs, 0/2 GPUs (0.0/1.0 accelerator_type:G)
Current best trial: 91fef_00000 with nDCG@10=0.011748090386390686 and params={'embedding_size': 64, 'n_layers': 3, 'reg_weight': 0.0001, 'batch_size': 4096, 'epochs': 1000, 'learning_rate': 0.001}
╭────────────────────────────────────────────────────────────────────────────────────────────────────────────────────────────────────────────────────────────────────────────────────────────────────────────────────────╮
│ Trial name                          status       embedding_size     n_layers     reg_weight     batch_size     epochs     learning_rate     iter     total time (s)     nDCG@10     Recall@10       EPC@10     Gini@10 │
├────────────────────────────────────────────────────────────────────────────────────────────────────────────────────────────────────────────────────────────────────────────────────────────────────────────────────────┤
│ LightGCN_LyricalMacaqueOfEmphasis   RUNNING                  64            3         0.0001           4096       1000             0.001        6            356.572   0.0117481     0.0104355   0.00980589    0.998734 │
╰────────────────────────────────────────────────────────────────────────────────────────────────────────────────────────────────────────────────────────────────────────────────────────────────────────────────────────╯
Trial status: 1 RUNNING
Current time: 2026-08-03 13:30:53. Total running time: 7min 0s
Logical resource usage: 0.05/12 CPUs, 0/2 GPUs (0.0/1.0 accelerator_type:G)
Current best trial: 91fef_00000 with nDCG@10=0.011748090386390686 and params={'embedding_size': 64, 'n_layers': 3, 'reg_weight': 0.0001, 'batch_size': 4096, 'epochs': 1000, 'learning_rate': 0.001}
╭────────────────────────────────────────────────────────────────────────────────────────────────────────────────────────────────────────────────────────────────────────────────────────────────────────────────────────╮
│ Trial name                          status       embedding_size     n_layers     reg_weight     batch_size     epochs     learning_rate     iter     total time (s)     nDCG@10     Recall@10       EPC@10     Gini@10 │
├────────────────────────────────────────────────────────────────────────────────────────────────────────────────────────────────────────────────────────────────────────────────────────────────────────────────────────┤
│ LightGCN_LyricalMacaqueOfEmphasis   RUNNING                  64            3         0.0001           4096       1000             0.001        6            356.572   0.0117481     0.0104355   0.00980589    0.998734 │
╰────────────────────────────────────────────────────────────────────────────────────────────────────────────────────────────────────────────────────────────────────────────────────────────────────────────────────────╯
Trial status: 1 RUNNING
Current time: 2026-08-03 13:31:23. Total running time: 7min 31s
Logical resource usage: 0.05/12 CPUs, 0/2 GPUs (0.0/1.0 accelerator_type:G)
Current best trial: 91fef_00000 with nDCG@10=0.01216304674744606 and params={'embedding_size': 64, 'n_layers': 3, 'reg_weight': 0.0001, 'batch_size': 4096, 'epochs': 1000, 'learning_rate': 0.001}
╭───────────────────────────────────────────────────────────────────────────────────────────────────────────────────────────────────────────────────────────────────────────────────────────────────────────────────────╮
│ Trial name                          status       embedding_size     n_layers     reg_weight     batch_size     epochs     learning_rate     iter     total time (s)     nDCG@10     Recall@10      EPC@10     Gini@10 │
├───────────────────────────────────────────────────────────────────────────────────────────────────────────────────────────────────────────────────────────────────────────────────────────────────────────────────────┤
│ LightGCN_LyricalMacaqueOfEmphasis   RUNNING                  64            3         0.0001           4096       1000             0.001        7            410.906    0.012163     0.0108076   0.0101481    0.998605 │
╰───────────────────────────────────────────────────────────────────────────────────────────────────────────────────────────────────────────────────────────────────────────────────────────────────────────────────────╯[36m(RayTrainWorker pid=4028311)[0m Checkpoint successfully created at: Checkpoint(filesystem=local, path=/home/vincenzo/warprec/experiment/lightgcn/amazon_book/amazon_book/ray_results/ray_train_trial_id=91fef_00000/checkpoint_2026-08-03_13-31-47.898845)
[36m(RayTrainWorker pid=4028311)[0m Reporting training result 8: TrainingReport(checkpoint=Checkpoint(filesystem=local, path=/home/vincenzo/warprec/experiment/lightgcn/amazon_book/amazon_book/ray_results/ray_train_trial_id=91fef_00000/checkpoint_2026-08-03_13-31-47.898845), metrics={'nDCG@10': 0.012661811895668507, 'Recall@10': 0.011268718168139458, 'EPC@10': 0.01055756863206625, 'Gini@10': 0.9984829425811768, 'best_nDCG@10': 0.012661811895668507, 'loss': 0.13960614800453186, 'ram_peak_mb': 9596.9453125, 'vram_peak_mb': 2104.5927734375, 'epoch': 7, 'step': 4656}, validation_spec=None)
[36m(RayTrainWorker pid=4028311)[0m Checkpoint successfully created at: Checkpoint(filesystem=local, path=/home/vincenzo/warprec/experiment/lightgcn/amazon_book/amazon_book/ray_results/ray_train_trial_id=91fef_00000/checkpoint_2026-08-03_13-32-42.534312)
[36m(RayTrainWorker pid=4028311)[0m Reporting training result 9: TrainingReport(checkpoint=Checkpoint(filesystem=local, path=/home/vincenzo/warprec/experiment/lightgcn/amazon_book/amazon_book/ray_results/ray_train_trial_id=91fef_00000/checkpoint_2026-08-03_13-32-42.534312), metrics={'nDCG@10': 0.012944738380610943, 'Recall@10': 0.011529752984642982, 'EPC@10': 0.010788078419864178, 'Gini@10': 0.9983652830123901, 'best_nDCG@10': 0.012944738380610943, 'loss': 0.13047659397125244, 'ram_peak_mb': 9598.17578125, 'vram_peak_mb': 2104.5927734375, 'epoch': 8, 'step': 5238}, validation_spec=None)

Trial status: 1 RUNNING
Current time: 2026-08-03 13:31:53. Total running time: 8min 1s
Logical resource usage: 0.05/12 CPUs, 0/2 GPUs (0.0/1.0 accelerator_type:G)
Current best trial: 91fef_00000 with nDCG@10=0.012661811895668507 and params={'embedding_size': 64, 'n_layers': 3, 'reg_weight': 0.0001, 'batch_size': 4096, 'epochs': 1000, 'learning_rate': 0.001}
╭───────────────────────────────────────────────────────────────────────────────────────────────────────────────────────────────────────────────────────────────────────────────────────────────────────────────────────╮
│ Trial name                          status       embedding_size     n_layers     reg_weight     batch_size     epochs     learning_rate     iter     total time (s)     nDCG@10     Recall@10      EPC@10     Gini@10 │
├───────────────────────────────────────────────────────────────────────────────────────────────────────────────────────────────────────────────────────────────────────────────────────────────────────────────────────┤
│ LightGCN_LyricalMacaqueOfEmphasis   RUNNING                  64            3         0.0001           4096       1000             0.001        8            465.242   0.0126618     0.0112687   0.0105576    0.998483 │
╰───────────────────────────────────────────────────────────────────────────────────────────────────────────────────────────────────────────────────────────────────────────────────────────────────────────────────────╯
Trial status: 1 RUNNING
Current time: 2026-08-03 13:32:23. Total running time: 8min 31s
Logical resource usage: 0.05/12 CPUs, 0/2 GPUs (0.0/1.0 accelerator_type:G)
Current best trial: 91fef_00000 with nDCG@10=0.012661811895668507 and params={'embedding_size': 64, 'n_layers': 3, 'reg_weight': 0.0001, 'batch_size': 4096, 'epochs': 1000, 'learning_rate': 0.001}
╭───────────────────────────────────────────────────────────────────────────────────────────────────────────────────────────────────────────────────────────────────────────────────────────────────────────────────────╮
│ Trial name                          status       embedding_size     n_layers     reg_weight     batch_size     epochs     learning_rate     iter     total time (s)     nDCG@10     Recall@10      EPC@10     Gini@10 │
├───────────────────────────────────────────────────────────────────────────────────────────────────────────────────────────────────────────────────────────────────────────────────────────────────────────────────────┤
│ LightGCN_LyricalMacaqueOfEmphasis   RUNNING                  64            3         0.0001           4096       1000             0.001        8            465.242   0.0126618     0.0112687   0.0105576    0.998483 │
╰───────────────────────────────────────────────────────────────────────────────────────────────────────────────────────────────────────────────────────────────────────────────────────────────────────────────────────╯
Trial status: 1 RUNNING
Current time: 2026-08-03 13:32:53. Total running time: 9min 1s
Logical resource usage: 0.05/12 CPUs, 0/2 GPUs (0.0/1.0 accelerator_type:G)
Current best trial: 91fef_00000 with nDCG@10=0.012944738380610943 and params={'embedding_size': 64, 'n_layers': 3, 'reg_weight': 0.0001, 'batch_size': 4096, 'epochs': 1000, 'learning_rate': 0.001}
╭───────────────────────────────────────────────────────────────────────────────────────────────────────────────────────────────────────────────────────────────────────────────────────────────────────────────────────╮
│ Trial name                          status       embedding_size     n_layers     reg_weight     batch_size     epochs     learning_rate     iter     total time (s)     nDCG@10     Recall@10      EPC@10     Gini@10 │
├───────────────────────────────────────────────────────────────────────────────────────────────────────────────────────────────────────────────────────────────────────────────────────────────────────────────────────┤
│ LightGCN_LyricalMacaqueOfEmphasis   RUNNING                  64            3         0.0001           4096       1000             0.001        9            519.606   0.0129447     0.0115298   0.0107881    0.998365 │
╰───────────────────────────────────────────────────────────────────────────────────────────────────────────────────────────────────────────────────────────────────────────────────────────────────────────────────────╯[36m(RayTrainWorker pid=4028311)[0m Checkpoint successfully created at: Checkpoint(filesystem=local, path=/home/vincenzo/warprec/experiment/lightgcn/amazon_book/amazon_book/ray_results/ray_train_trial_id=91fef_00000/checkpoint_2026-08-03_13-33-36.838009)
[36m(RayTrainWorker pid=4028311)[0m Reporting training result 10: TrainingReport(checkpoint=Checkpoint(filesystem=local, path=/home/vincenzo/warprec/experiment/lightgcn/amazon_book/amazon_book/ray_results/ray_train_trial_id=91fef_00000/checkpoint_2026-08-03_13-33-36.838009), metrics={'nDCG@10': 0.013244611211121082, 'Recall@10': 0.011797144077718258, 'EPC@10': 0.011025985702872276, 'Gini@10': 0.9982450604438782, 'best_nDCG@10': 0.013244611211121082, 'loss': 0.1230824813246727, 'ram_peak_mb': 9599.31640625, 'vram_peak_mb': 2104.5927734375, 'epoch': 9, 'step': 5820}, validation_spec=None)

Trial status: 1 RUNNING
Current time: 2026-08-03 13:33:23. Total running time: 9min 31s
Logical resource usage: 0.05/12 CPUs, 0/2 GPUs (0.0/1.0 accelerator_type:G)
Current best trial: 91fef_00000 with nDCG@10=0.012944738380610943 and params={'embedding_size': 64, 'n_layers': 3, 'reg_weight': 0.0001, 'batch_size': 4096, 'epochs': 1000, 'learning_rate': 0.001}
╭───────────────────────────────────────────────────────────────────────────────────────────────────────────────────────────────────────────────────────────────────────────────────────────────────────────────────────╮
│ Trial name                          status       embedding_size     n_layers     reg_weight     batch_size     epochs     learning_rate     iter     total time (s)     nDCG@10     Recall@10      EPC@10     Gini@10 │
├───────────────────────────────────────────────────────────────────────────────────────────────────────────────────────────────────────────────────────────────────────────────────────────────────────────────────────┤
│ LightGCN_LyricalMacaqueOfEmphasis   RUNNING                  64            3         0.0001           4096       1000             0.001        9            519.606   0.0129447     0.0115298   0.0107881    0.998365 │
╰───────────────────────────────────────────────────────────────────────────────────────────────────────────────────────────────────────────────────────────────────────────────────────────────────────────────────────╯
Trial status: 1 RUNNING
Current time: 2026-08-03 13:33:53. Total running time: 10min 1s
Logical resource usage: 0.05/12 CPUs, 0/2 GPUs (0.0/1.0 accelerator_type:G)
Current best trial: 91fef_00000 with nDCG@10=0.013244611211121082 and params={'embedding_size': 64, 'n_layers': 3, 'reg_weight': 0.0001, 'batch_size': 4096, 'epochs': 1000, 'learning_rate': 0.001}
╭──────────────────────────────────────────────────────────────────────────────────────────────────────────────────────────────────────────────────────────────────────────────────────────────────────────────────────╮
│ Trial name                          status       embedding_size     n_layers     reg_weight     batch_size     epochs     learning_rate     iter     total time (s)     nDCG@10     Recall@10     EPC@10     Gini@10 │
├──────────────────────────────────────────────────────────────────────────────────────────────────────────────────────────────────────────────────────────────────────────────────────────────────────────────────────┤
│ LightGCN_LyricalMacaqueOfEmphasis   RUNNING                  64            3         0.0001           4096       1000             0.001       10            573.959   0.0132446     0.0117971   0.011026    0.998245 │
╰──────────────────────────────────────────────────────────────────────────────────────────────────────────────────────────────────────────────────────────────────────────────────────────────────────────────────────╯
Trial status: 1 RUNNING
Current time: 2026-08-03 13:34:23. Total running time: 10min 31s
Logical resource usage: 0.05/12 CPUs, 0/2 GPUs (0.0/1.0 accelerator_type:G)
Current best trial: 91fef_00000 with nDCG@10=0.013244611211121082 and params={'embedding_size': 64, 'n_layers': 3, 'reg_weight': 0.0001, 'batch_size': 4096, 'epochs': 1000, 'learning_rate': 0.001}
╭──────────────────────────────────────────────────────────────────────────────────────────────────────────────────────────────────────────────────────────────────────────────────────────────────────────────────────╮
│ Trial name                          status       embedding_size     n_layers     reg_weight     batch_size     epochs     learning_rate     iter     total time (s)     nDCG@10     Recall@10     EPC@10     Gini@10 │
├──────────────────────────────────────────────────────────────────────────────────────────────────────────────────────────────────────────────────────────────────────────────────────────────────────────────────────┤
│ LightGCN_LyricalMacaqueOfEmphasis   RUNNING                  64            3         0.0001           4096       1000             0.001       10            573.959   0.0132446     0.0117971   0.011026    0.998245 │
╰──────────────────────────────────────────────────────────────────────────────────────────────────────────────────────────────────────────────────────────────────────────────────────────────────────────────────────╯[36m(RayTrainWorker pid=4028311)[0m Checkpoint successfully created at: Checkpoint(filesystem=local, path=/home/vincenzo/warprec/experiment/lightgcn/amazon_book/amazon_book/ray_results/ray_train_trial_id=91fef_00000/checkpoint_2026-08-03_13-34-31.336624)
[36m(RayTrainWorker pid=4028311)[0m Reporting training result 11: TrainingReport(checkpoint=Checkpoint(filesystem=local, path=/home/vincenzo/warprec/experiment/lightgcn/amazon_book/amazon_book/ray_results/ray_train_trial_id=91fef_00000/checkpoint_2026-08-03_13-34-31.336624), metrics={'nDCG@10': 0.013517918065190315, 'Recall@10': 0.012056832201778889, 'EPC@10': 0.011247240006923676, 'Gini@10': 0.9981382489204407, 'best_nDCG@10': 0.013517918065190315, 'loss': 0.11641916632652283, 'ram_peak_mb': 9599.4296875, 'vram_peak_mb': 2104.5927734375, 'epoch': 10, 'step': 6402}, validation_spec=None)
[36m(RayTrainWorker pid=4028311)[0m Checkpoint successfully created at: Checkpoint(filesystem=local, path=/home/vincenzo/warprec/experiment/lightgcn/amazon_book/amazon_book/ray_results/ray_train_trial_id=91fef_00000/checkpoint_2026-08-03_13-35-26.309632)
[36m(RayTrainWorker pid=4028311)[0m Reporting training result 12: TrainingReport(checkpoint=Checkpoint(filesystem=local, path=/home/vincenzo/warprec/experiment/lightgcn/amazon_book/amazon_book/ray_results/ray_train_trial_id=91fef_00000/checkpoint_2026-08-03_13-35-26.309632), metrics={'nDCG@10': 0.01386566273868084, 'Recall@10': 0.012407797388732433, 'EPC@10': 0.011527924798429012, 'Gini@10': 0.9980323314666748, 'best_nDCG@10': 0.01386566273868084, 'loss': 0.11053726077079773, 'ram_peak_mb': 9599.66015625, 'vram_peak_mb': 2104.5927734375, 'epoch': 11, 'step': 6984}, validation_spec=None)

Trial status: 1 RUNNING
Current time: 2026-08-03 13:34:53. Total running time: 11min 1s
Logical resource usage: 0.05/12 CPUs, 0/2 GPUs (0.0/1.0 accelerator_type:G)
Current best trial: 91fef_00000 with nDCG@10=0.013517918065190315 and params={'embedding_size': 64, 'n_layers': 3, 'reg_weight': 0.0001, 'batch_size': 4096, 'epochs': 1000, 'learning_rate': 0.001}
╭───────────────────────────────────────────────────────────────────────────────────────────────────────────────────────────────────────────────────────────────────────────────────────────────────────────────────────╮
│ Trial name                          status       embedding_size     n_layers     reg_weight     batch_size     epochs     learning_rate     iter     total time (s)     nDCG@10     Recall@10      EPC@10     Gini@10 │
├───────────────────────────────────────────────────────────────────────────────────────────────────────────────────────────────────────────────────────────────────────────────────────────────────────────────────────┤
│ LightGCN_LyricalMacaqueOfEmphasis   RUNNING                  64            3         0.0001           4096       1000             0.001       11            628.299   0.0135179     0.0120568   0.0112472    0.998138 │
╰───────────────────────────────────────────────────────────────────────────────────────────────────────────────────────────────────────────────────────────────────────────────────────────────────────────────────────╯
Trial status: 1 RUNNING
Current time: 2026-08-03 13:35:24. Total running time: 11min 31s
Logical resource usage: 0.05/12 CPUs, 0/2 GPUs (0.0/1.0 accelerator_type:G)
Current best trial: 91fef_00000 with nDCG@10=0.013517918065190315 and params={'embedding_size': 64, 'n_layers': 3, 'reg_weight': 0.0001, 'batch_size': 4096, 'epochs': 1000, 'learning_rate': 0.001}
╭───────────────────────────────────────────────────────────────────────────────────────────────────────────────────────────────────────────────────────────────────────────────────────────────────────────────────────╮
│ Trial name                          status       embedding_size     n_layers     reg_weight     batch_size     epochs     learning_rate     iter     total time (s)     nDCG@10     Recall@10      EPC@10     Gini@10 │
├───────────────────────────────────────────────────────────────────────────────────────────────────────────────────────────────────────────────────────────────────────────────────────────────────────────────────────┤
│ LightGCN_LyricalMacaqueOfEmphasis   RUNNING                  64            3         0.0001           4096       1000             0.001       11            628.299   0.0135179     0.0120568   0.0112472    0.998138 │
╰───────────────────────────────────────────────────────────────────────────────────────────────────────────────────────────────────────────────────────────────────────────────────────────────────────────────────────╯
Trial status: 1 RUNNING
Current time: 2026-08-03 13:35:54. Total running time: 12min 1s
Logical resource usage: 0.05/12 CPUs, 0/2 GPUs (0.0/1.0 accelerator_type:G)
Current best trial: 91fef_00000 with nDCG@10=0.01386566273868084 and params={'embedding_size': 64, 'n_layers': 3, 'reg_weight': 0.0001, 'batch_size': 4096, 'epochs': 1000, 'learning_rate': 0.001}
╭───────────────────────────────────────────────────────────────────────────────────────────────────────────────────────────────────────────────────────────────────────────────────────────────────────────────────────╮
│ Trial name                          status       embedding_size     n_layers     reg_weight     batch_size     epochs     learning_rate     iter     total time (s)     nDCG@10     Recall@10      EPC@10     Gini@10 │
├───────────────────────────────────────────────────────────────────────────────────────────────────────────────────────────────────────────────────────────────────────────────────────────────────────────────────────┤
│ LightGCN_LyricalMacaqueOfEmphasis   RUNNING                  64            3         0.0001           4096       1000             0.001       12            684.647   0.0138657     0.0124078   0.0115279    0.998032 │
╰───────────────────────────────────────────────────────────────────────────────────────────────────────────────────────────────────────────────────────────────────────────────────────────────────────────────────────╯[36m(RayTrainWorker pid=4028311)[0m Checkpoint successfully created at: Checkpoint(filesystem=local, path=/home/vincenzo/warprec/experiment/lightgcn/amazon_book/amazon_book/ray_results/ray_train_trial_id=91fef_00000/checkpoint_2026-08-03_13-36-21.005294)
[36m(RayTrainWorker pid=4028311)[0m Reporting training result 13: TrainingReport(checkpoint=Checkpoint(filesystem=local, path=/home/vincenzo/warprec/experiment/lightgcn/amazon_book/amazon_book/ray_results/ray_train_trial_id=91fef_00000/checkpoint_2026-08-03_13-36-21.005294), metrics={'nDCG@10': 0.014177951961755753, 'Recall@10': 0.012707517482340336, 'EPC@10': 0.011779075488448143, 'Gini@10': 0.9979320168495178, 'best_nDCG@10': 0.014177951961755753, 'loss': 0.10547211021184921, 'ram_peak_mb': 9598.9140625, 'vram_peak_mb': 2104.5927734375, 'epoch': 12, 'step': 7566}, validation_spec=None)
[36m(RayTrainWorker pid=4028311)[0m Checkpoint successfully created at: Checkpoint(filesystem=local, path=/home/vincenzo/warprec/experiment/lightgcn/amazon_book/amazon_book/ray_results/ray_train_trial_id=91fef_00000/checkpoint_2026-08-03_13-37-15.296063)
[36m(RayTrainWorker pid=4028311)[0m Reporting training result 14: TrainingReport(checkpoint=Checkpoint(filesystem=local, path=/home/vincenzo/warprec/experiment/lightgcn/amazon_book/amazon_book/ray_results/ray_train_trial_id=91fef_00000/checkpoint_2026-08-03_13-37-15.296063), metrics={'nDCG@10': 0.014438877813518047, 'Recall@10': 0.012900358997285366, 'EPC@10': 0.01199511718004942, 'Gini@10': 0.9978166818618774, 'best_nDCG@10': 0.014438877813518047, 'loss': 0.10069409757852554, 'ram_peak_mb': 9599.99609375, 'vram_peak_mb': 2104.5927734375, 'epoch': 13, 'step': 8148}, validation_spec=None)

Trial status: 1 RUNNING
Current time: 2026-08-03 13:36:24. Total running time: 12min 31s
Logical resource usage: 0.05/12 CPUs, 0/2 GPUs (0.0/1.0 accelerator_type:G)
Current best trial: 91fef_00000 with nDCG@10=0.014177951961755753 and params={'embedding_size': 64, 'n_layers': 3, 'reg_weight': 0.0001, 'batch_size': 4096, 'epochs': 1000, 'learning_rate': 0.001}
╭───────────────────────────────────────────────────────────────────────────────────────────────────────────────────────────────────────────────────────────────────────────────────────────────────────────────────────╮
│ Trial name                          status       embedding_size     n_layers     reg_weight     batch_size     epochs     learning_rate     iter     total time (s)     nDCG@10     Recall@10      EPC@10     Gini@10 │
├───────────────────────────────────────────────────────────────────────────────────────────────────────────────────────────────────────────────────────────────────────────────────────────────────────────────────────┤
│ LightGCN_LyricalMacaqueOfEmphasis   RUNNING                  64            3         0.0001           4096       1000             0.001       13            739.006    0.014178     0.0127075   0.0117791    0.997932 │
╰───────────────────────────────────────────────────────────────────────────────────────────────────────────────────────────────────────────────────────────────────────────────────────────────────────────────────────╯
Trial status: 1 RUNNING
Current time: 2026-08-03 13:36:54. Total running time: 13min 1s
Logical resource usage: 0.05/12 CPUs, 0/2 GPUs (0.0/1.0 accelerator_type:G)
Current best trial: 91fef_00000 with nDCG@10=0.014177951961755753 and params={'embedding_size': 64, 'n_layers': 3, 'reg_weight': 0.0001, 'batch_size': 4096, 'epochs': 1000, 'learning_rate': 0.001}
╭───────────────────────────────────────────────────────────────────────────────────────────────────────────────────────────────────────────────────────────────────────────────────────────────────────────────────────╮
│ Trial name                          status       embedding_size     n_layers     reg_weight     batch_size     epochs     learning_rate     iter     total time (s)     nDCG@10     Recall@10      EPC@10     Gini@10 │
├───────────────────────────────────────────────────────────────────────────────────────────────────────────────────────────────────────────────────────────────────────────────────────────────────────────────────────┤
│ LightGCN_LyricalMacaqueOfEmphasis   RUNNING                  64            3         0.0001           4096       1000             0.001       13            739.006    0.014178     0.0127075   0.0117791    0.997932 │
╰───────────────────────────────────────────────────────────────────────────────────────────────────────────────────────────────────────────────────────────────────────────────────────────────────────────────────────╯
Trial status: 1 RUNNING
Current time: 2026-08-03 13:37:24. Total running time: 13min 31s
Logical resource usage: 0.05/12 CPUs, 0/2 GPUs (0.0/1.0 accelerator_type:G)
Current best trial: 91fef_00000 with nDCG@10=0.014438877813518047 and params={'embedding_size': 64, 'n_layers': 3, 'reg_weight': 0.0001, 'batch_size': 4096, 'epochs': 1000, 'learning_rate': 0.001}
╭───────────────────────────────────────────────────────────────────────────────────────────────────────────────────────────────────────────────────────────────────────────────────────────────────────────────────────╮
│ Trial name                          status       embedding_size     n_layers     reg_weight     batch_size     epochs     learning_rate     iter     total time (s)     nDCG@10     Recall@10      EPC@10     Gini@10 │
├───────────────────────────────────────────────────────────────────────────────────────────────────────────────────────────────────────────────────────────────────────────────────────────────────────────────────────┤
│ LightGCN_LyricalMacaqueOfEmphasis   RUNNING                  64            3         0.0001           4096       1000             0.001       14             793.37   0.0144389     0.0129004   0.0119951    0.997817 │
╰───────────────────────────────────────────────────────────────────────────────────────────────────────────────────────────────────────────────────────────────────────────────────────────────────────────────────────╯[36m(RayTrainWorker pid=4028311)[0m Checkpoint successfully created at: Checkpoint(filesystem=local, path=/home/vincenzo/warprec/experiment/lightgcn/amazon_book/amazon_book/ray_results/ray_train_trial_id=91fef_00000/checkpoint_2026-08-03_13-38-10.130034)
[36m(RayTrainWorker pid=4028311)[0m Reporting training result 15: TrainingReport(checkpoint=Checkpoint(filesystem=local, path=/home/vincenzo/warprec/experiment/lightgcn/amazon_book/amazon_book/ray_results/ray_train_trial_id=91fef_00000/checkpoint_2026-08-03_13-38-10.130034), metrics={'nDCG@10': 0.01462572906166315, 'Recall@10': 0.01303060445934534, 'EPC@10': 0.012149009853601456, 'Gini@10': 0.9977061748504639, 'best_nDCG@10': 0.01462572906166315, 'loss': 0.09619548916816711, 'ram_peak_mb': 9600.08203125, 'vram_peak_mb': 2104.5927734375, 'epoch': 14, 'step': 8730}, validation_spec=None)

Trial status: 1 RUNNING
Current time: 2026-08-03 13:37:54. Total running time: 14min 1s
Logical resource usage: 0.05/12 CPUs, 0/2 GPUs (0.0/1.0 accelerator_type:G)
Current best trial: 91fef_00000 with nDCG@10=0.014438877813518047 and params={'embedding_size': 64, 'n_layers': 3, 'reg_weight': 0.0001, 'batch_size': 4096, 'epochs': 1000, 'learning_rate': 0.001}
╭───────────────────────────────────────────────────────────────────────────────────────────────────────────────────────────────────────────────────────────────────────────────────────────────────────────────────────╮
│ Trial name                          status       embedding_size     n_layers     reg_weight     batch_size     epochs     learning_rate     iter     total time (s)     nDCG@10     Recall@10      EPC@10     Gini@10 │
├───────────────────────────────────────────────────────────────────────────────────────────────────────────────────────────────────────────────────────────────────────────────────────────────────────────────────────┤
│ LightGCN_LyricalMacaqueOfEmphasis   RUNNING                  64            3         0.0001           4096       1000             0.001       14             793.37   0.0144389     0.0129004   0.0119951    0.997817 │
╰───────────────────────────────────────────────────────────────────────────────────────────────────────────────────────────────────────────────────────────────────────────────────────────────────────────────────────╯
Trial status: 1 RUNNING
Current time: 2026-08-03 13:38:24. Total running time: 14min 31s
Logical resource usage: 0.05/12 CPUs, 0/2 GPUs (0.0/1.0 accelerator_type:G)
Current best trial: 91fef_00000 with nDCG@10=0.01462572906166315 and params={'embedding_size': 64, 'n_layers': 3, 'reg_weight': 0.0001, 'batch_size': 4096, 'epochs': 1000, 'learning_rate': 0.001}
╭──────────────────────────────────────────────────────────────────────────────────────────────────────────────────────────────────────────────────────────────────────────────────────────────────────────────────────╮
│ Trial name                          status       embedding_size     n_layers     reg_weight     batch_size     epochs     learning_rate     iter     total time (s)     nDCG@10     Recall@10     EPC@10     Gini@10 │
├──────────────────────────────────────────────────────────────────────────────────────────────────────────────────────────────────────────────────────────────────────────────────────────────────────────────────────┤
│ LightGCN_LyricalMacaqueOfEmphasis   RUNNING                  64            3         0.0001           4096       1000             0.001       15             847.69   0.0146257     0.0130306   0.012149    0.997706 │
╰──────────────────────────────────────────────────────────────────────────────────────────────────────────────────────────────────────────────────────────────────────────────────────────────────────────────────────╯
Trial status: 1 RUNNING
Current time: 2026-08-03 13:38:54. Total running time: 15min 1s
Logical resource usage: 0.05/12 CPUs, 0/2 GPUs (0.0/1.0 accelerator_type:G)
Current best trial: 91fef_00000 with nDCG@10=0.01462572906166315 and params={'embedding_size': 64, 'n_layers': 3, 'reg_weight': 0.0001, 'batch_size': 4096, 'epochs': 1000, 'learning_rate': 0.001}
╭──────────────────────────────────────────────────────────────────────────────────────────────────────────────────────────────────────────────────────────────────────────────────────────────────────────────────────╮
│ Trial name                          status       embedding_size     n_layers     reg_weight     batch_size     epochs     learning_rate     iter     total time (s)     nDCG@10     Recall@10     EPC@10     Gini@10 │
├──────────────────────────────────────────────────────────────────────────────────────────────────────────────────────────────────────────────────────────────────────────────────────────────────────────────────────┤
│ LightGCN_LyricalMacaqueOfEmphasis   RUNNING                  64            3         0.0001           4096       1000             0.001       15             847.69   0.0146257     0.0130306   0.012149    0.997706 │
╰──────────────────────────────────────────────────────────────────────────────────────────────────────────────────────────────────────────────────────────────────────────────────────────────────────────────────────╯[36m(RayTrainWorker pid=4028311)[0m Checkpoint successfully created at: Checkpoint(filesystem=local, path=/home/vincenzo/warprec/experiment/lightgcn/amazon_book/amazon_book/ray_results/ray_train_trial_id=91fef_00000/checkpoint_2026-08-03_13-39-04.703794)
[36m(RayTrainWorker pid=4028311)[0m Reporting training result 16: TrainingReport(checkpoint=Checkpoint(filesystem=local, path=/home/vincenzo/warprec/experiment/lightgcn/amazon_book/amazon_book/ray_results/ray_train_trial_id=91fef_00000/checkpoint_2026-08-03_13-39-04.703794), metrics={'nDCG@10': 0.014891235157847404, 'Recall@10': 0.013292260468006134, 'EPC@10': 0.012371149845421314, 'Gini@10': 0.9975970983505249, 'best_nDCG@10': 0.014891235157847404, 'loss': 0.09212551265954971, 'ram_peak_mb': 9601.98046875, 'vram_peak_mb': 2104.5927734375, 'epoch': 15, 'step': 9312}, validation_spec=None)
[36m(RayTrainWorker pid=4028311)[0m Checkpoint successfully created at: Checkpoint(filesystem=local, path=/home/vincenzo/warprec/experiment/lightgcn/amazon_book/amazon_book/ray_results/ray_train_trial_id=91fef_00000/checkpoint_2026-08-03_13-39-58.626778)
[36m(RayTrainWorker pid=4028311)[0m Reporting training result 17: TrainingReport(checkpoint=Checkpoint(filesystem=local, path=/home/vincenzo/warprec/experiment/lightgcn/amazon_book/amazon_book/ray_results/ray_train_trial_id=91fef_00000/checkpoint_2026-08-03_13-39-58.626778), metrics={'nDCG@10': 0.015111114829778671, 'Recall@10': 0.01351254153996706, 'EPC@10': 0.012550548650324345, 'Gini@10': 0.9975098371505737, 'best_nDCG@10': 0.015111114829778671, 'loss': 0.08833526074886322, 'ram_peak_mb': 9601.234375, 'vram_peak_mb': 2104.5927734375, 'epoch': 16, 'step': 9894}, validation_spec=None)

Trial status: 1 RUNNING
Current time: 2026-08-03 13:39:24. Total running time: 15min 31s
Logical resource usage: 0.05/12 CPUs, 0/2 GPUs (0.0/1.0 accelerator_type:G)
Current best trial: 91fef_00000 with nDCG@10=0.014891235157847404 and params={'embedding_size': 64, 'n_layers': 3, 'reg_weight': 0.0001, 'batch_size': 4096, 'epochs': 1000, 'learning_rate': 0.001}
╭───────────────────────────────────────────────────────────────────────────────────────────────────────────────────────────────────────────────────────────────────────────────────────────────────────────────────────╮
│ Trial name                          status       embedding_size     n_layers     reg_weight     batch_size     epochs     learning_rate     iter     total time (s)     nDCG@10     Recall@10      EPC@10     Gini@10 │
├───────────────────────────────────────────────────────────────────────────────────────────────────────────────────────────────────────────────────────────────────────────────────────────────────────────────────────┤
│ LightGCN_LyricalMacaqueOfEmphasis   RUNNING                  64            3         0.0001           4096       1000             0.001       16            902.031   0.0148912     0.0132923   0.0123711    0.997597 │
╰───────────────────────────────────────────────────────────────────────────────────────────────────────────────────────────────────────────────────────────────────────────────────────────────────────────────────────╯
Trial status: 1 RUNNING
Current time: 2026-08-03 13:39:54. Total running time: 16min 1s
Logical resource usage: 0.05/12 CPUs, 0/2 GPUs (0.0/1.0 accelerator_type:G)
Current best trial: 91fef_00000 with nDCG@10=0.014891235157847404 and params={'embedding_size': 64, 'n_layers': 3, 'reg_weight': 0.0001, 'batch_size': 4096, 'epochs': 1000, 'learning_rate': 0.001}
╭───────────────────────────────────────────────────────────────────────────────────────────────────────────────────────────────────────────────────────────────────────────────────────────────────────────────────────╮
│ Trial name                          status       embedding_size     n_layers     reg_weight     batch_size     epochs     learning_rate     iter     total time (s)     nDCG@10     Recall@10      EPC@10     Gini@10 │
├───────────────────────────────────────────────────────────────────────────────────────────────────────────────────────────────────────────────────────────────────────────────────────────────────────────────────────┤
│ LightGCN_LyricalMacaqueOfEmphasis   RUNNING                  64            3         0.0001           4096       1000             0.001       16            902.031   0.0148912     0.0132923   0.0123711    0.997597 │
╰───────────────────────────────────────────────────────────────────────────────────────────────────────────────────────────────────────────────────────────────────────────────────────────────────────────────────────╯
Trial status: 1 RUNNING
Current time: 2026-08-03 13:40:24. Total running time: 16min 32s
Logical resource usage: 0.05/12 CPUs, 0/2 GPUs (0.0/1.0 accelerator_type:G)
Current best trial: 91fef_00000 with nDCG@10=0.015111114829778671 and params={'embedding_size': 64, 'n_layers': 3, 'reg_weight': 0.0001, 'batch_size': 4096, 'epochs': 1000, 'learning_rate': 0.001}
╭───────────────────────────────────────────────────────────────────────────────────────────────────────────────────────────────────────────────────────────────────────────────────────────────────────────────────────╮
│ Trial name                          status       embedding_size     n_layers     reg_weight     batch_size     epochs     learning_rate     iter     total time (s)     nDCG@10     Recall@10      EPC@10     Gini@10 │
├───────────────────────────────────────────────────────────────────────────────────────────────────────────────────────────────────────────────────────────────────────────────────────────────────────────────────────┤
│ LightGCN_LyricalMacaqueOfEmphasis   RUNNING                  64            3         0.0001           4096       1000             0.001       17            956.366   0.0151111     0.0135125   0.0125505     0.99751 │
╰───────────────────────────────────────────────────────────────────────────────────────────────────────────────────────────────────────────────────────────────────────────────────────────────────────────────────────╯[36m(RayTrainWorker pid=4028311)[0m Checkpoint successfully created at: Checkpoint(filesystem=local, path=/home/vincenzo/warprec/experiment/lightgcn/amazon_book/amazon_book/ray_results/ray_train_trial_id=91fef_00000/checkpoint_2026-08-03_13-40-52.749770)
[36m(RayTrainWorker pid=4028311)[0m Reporting training result 18: TrainingReport(checkpoint=Checkpoint(filesystem=local, path=/home/vincenzo/warprec/experiment/lightgcn/amazon_book/amazon_book/ray_results/ray_train_trial_id=91fef_00000/checkpoint_2026-08-03_13-40-52.749770), metrics={'nDCG@10': 0.015221133828163147, 'Recall@10': 0.013613225892186165, 'EPC@10': 0.01264281291514635, 'Gini@10': 0.997401237487793, 'best_nDCG@10': 0.015221133828163147, 'loss': 0.08499734848737717, 'ram_peak_mb': 9600.46875, 'vram_peak_mb': 2104.5927734375, 'epoch': 17, 'step': 10476}, validation_spec=None)
[36m(RayTrainWorker pid=4028311)[0m Checkpoint successfully created at: Checkpoint(filesystem=local, path=/home/vincenzo/warprec/experiment/lightgcn/amazon_book/amazon_book/ray_results/ray_train_trial_id=91fef_00000/checkpoint_2026-08-03_13-41-47.174335)
[36m(RayTrainWorker pid=4028311)[0m Reporting training result 19: TrainingReport(checkpoint=Checkpoint(filesystem=local, path=/home/vincenzo/warprec/experiment/lightgcn/amazon_book/amazon_book/ray_results/ray_train_trial_id=91fef_00000/checkpoint_2026-08-03_13-41-47.174335), metrics={'nDCG@10': 0.01534622348845005, 'Recall@10': 0.013757661916315556, 'EPC@10': 0.012735235504806042, 'Gini@10': 0.9972891211509705, 'best_nDCG@10': 0.01534622348845005, 'loss': 0.08221707493066788, 'ram_peak_mb': 9601.546875, 'vram_peak_mb': 2104.5927734375, 'epoch': 18, 'step': 11058}, validation_spec=None)

Trial status: 1 RUNNING
Current time: 2026-08-03 13:40:54. Total running time: 17min 2s
Logical resource usage: 0.05/12 CPUs, 0/2 GPUs (0.0/1.0 accelerator_type:G)
Current best trial: 91fef_00000 with nDCG@10=0.015221133828163147 and params={'embedding_size': 64, 'n_layers': 3, 'reg_weight': 0.0001, 'batch_size': 4096, 'epochs': 1000, 'learning_rate': 0.001}
╭───────────────────────────────────────────────────────────────────────────────────────────────────────────────────────────────────────────────────────────────────────────────────────────────────────────────────────╮
│ Trial name                          status       embedding_size     n_layers     reg_weight     batch_size     epochs     learning_rate     iter     total time (s)     nDCG@10     Recall@10      EPC@10     Gini@10 │
├───────────────────────────────────────────────────────────────────────────────────────────────────────────────────────────────────────────────────────────────────────────────────────────────────────────────────────┤
│ LightGCN_LyricalMacaqueOfEmphasis   RUNNING                  64            3         0.0001           4096       1000             0.001       18            1010.71   0.0152211     0.0136132   0.0126428    0.997401 │
╰───────────────────────────────────────────────────────────────────────────────────────────────────────────────────────────────────────────────────────────────────────────────────────────────────────────────────────╯
Trial status: 1 RUNNING
Current time: 2026-08-03 13:41:24. Total running time: 17min 32s
Logical resource usage: 0.05/12 CPUs, 0/2 GPUs (0.0/1.0 accelerator_type:G)
Current best trial: 91fef_00000 with nDCG@10=0.015221133828163147 and params={'embedding_size': 64, 'n_layers': 3, 'reg_weight': 0.0001, 'batch_size': 4096, 'epochs': 1000, 'learning_rate': 0.001}
╭───────────────────────────────────────────────────────────────────────────────────────────────────────────────────────────────────────────────────────────────────────────────────────────────────────────────────────╮
│ Trial name                          status       embedding_size     n_layers     reg_weight     batch_size     epochs     learning_rate     iter     total time (s)     nDCG@10     Recall@10      EPC@10     Gini@10 │
├───────────────────────────────────────────────────────────────────────────────────────────────────────────────────────────────────────────────────────────────────────────────────────────────────────────────────────┤
│ LightGCN_LyricalMacaqueOfEmphasis   RUNNING                  64            3         0.0001           4096       1000             0.001       18            1010.71   0.0152211     0.0136132   0.0126428    0.997401 │
╰───────────────────────────────────────────────────────────────────────────────────────────────────────────────────────────────────────────────────────────────────────────────────────────────────────────────────────╯
Trial status: 1 RUNNING
Current time: 2026-08-03 13:41:54. Total running time: 18min 2s
Logical resource usage: 0.05/12 CPUs, 0/2 GPUs (0.0/1.0 accelerator_type:G)
Current best trial: 91fef_00000 with nDCG@10=0.01534622348845005 and params={'embedding_size': 64, 'n_layers': 3, 'reg_weight': 0.0001, 'batch_size': 4096, 'epochs': 1000, 'learning_rate': 0.001}
╭───────────────────────────────────────────────────────────────────────────────────────────────────────────────────────────────────────────────────────────────────────────────────────────────────────────────────────╮
│ Trial name                          status       embedding_size     n_layers     reg_weight     batch_size     epochs     learning_rate     iter     total time (s)     nDCG@10     Recall@10      EPC@10     Gini@10 │
├───────────────────────────────────────────────────────────────────────────────────────────────────────────────────────────────────────────────────────────────────────────────────────────────────────────────────────┤
│ LightGCN_LyricalMacaqueOfEmphasis   RUNNING                  64            3         0.0001           4096       1000             0.001       19            1065.06   0.0153462     0.0137577   0.0127352    0.997289 │
╰───────────────────────────────────────────────────────────────────────────────────────────────────────────────────────────────────────────────────────────────────────────────────────────────────────────────────────╯[36m(RayTrainWorker pid=4028311)[0m Checkpoint successfully created at: Checkpoint(filesystem=local, path=/home/vincenzo/warprec/experiment/lightgcn/amazon_book/amazon_book/ray_results/ray_train_trial_id=91fef_00000/checkpoint_2026-08-03_13-42-41.933861)
[36m(RayTrainWorker pid=4028311)[0m Reporting training result 20: TrainingReport(checkpoint=Checkpoint(filesystem=local, path=/home/vincenzo/warprec/experiment/lightgcn/amazon_book/amazon_book/ray_results/ray_train_trial_id=91fef_00000/checkpoint_2026-08-03_13-42-41.933861), metrics={'nDCG@10': 0.015510646626353264, 'Recall@10': 0.013916116207838058, 'EPC@10': 0.01286674477159977, 'Gini@10': 0.9971764087677002, 'best_nDCG@10': 0.015510646626353264, 'loss': 0.07951557636260986, 'ram_peak_mb': 9600.7109375, 'vram_peak_mb': 2104.5927734375, 'epoch': 19, 'step': 11640}, validation_spec=None)

Trial status: 1 RUNNING
Current time: 2026-08-03 13:42:24. Total running time: 18min 32s
Logical resource usage: 0.05/12 CPUs, 0/2 GPUs (0.0/1.0 accelerator_type:G)
Current best trial: 91fef_00000 with nDCG@10=0.01534622348845005 and params={'embedding_size': 64, 'n_layers': 3, 'reg_weight': 0.0001, 'batch_size': 4096, 'epochs': 1000, 'learning_rate': 0.001}
╭───────────────────────────────────────────────────────────────────────────────────────────────────────────────────────────────────────────────────────────────────────────────────────────────────────────────────────╮
│ Trial name                          status       embedding_size     n_layers     reg_weight     batch_size     epochs     learning_rate     iter     total time (s)     nDCG@10     Recall@10      EPC@10     Gini@10 │
├───────────────────────────────────────────────────────────────────────────────────────────────────────────────────────────────────────────────────────────────────────────────────────────────────────────────────────┤
│ LightGCN_LyricalMacaqueOfEmphasis   RUNNING                  64            3         0.0001           4096       1000             0.001       19            1065.06   0.0153462     0.0137577   0.0127352    0.997289 │
╰───────────────────────────────────────────────────────────────────────────────────────────────────────────────────────────────────────────────────────────────────────────────────────────────────────────────────────╯
Trial status: 1 RUNNING
Current time: 2026-08-03 13:42:54. Total running time: 19min 2s
Logical resource usage: 0.05/12 CPUs, 0/2 GPUs (0.0/1.0 accelerator_type:G)
Current best trial: 91fef_00000 with nDCG@10=0.015510646626353264 and params={'embedding_size': 64, 'n_layers': 3, 'reg_weight': 0.0001, 'batch_size': 4096, 'epochs': 1000, 'learning_rate': 0.001}
╭───────────────────────────────────────────────────────────────────────────────────────────────────────────────────────────────────────────────────────────────────────────────────────────────────────────────────────╮
│ Trial name                          status       embedding_size     n_layers     reg_weight     batch_size     epochs     learning_rate     iter     total time (s)     nDCG@10     Recall@10      EPC@10     Gini@10 │
├───────────────────────────────────────────────────────────────────────────────────────────────────────────────────────────────────────────────────────────────────────────────────────────────────────────────────────┤
│ LightGCN_LyricalMacaqueOfEmphasis   RUNNING                  64            3         0.0001           4096       1000             0.001       20            1119.38   0.0155106     0.0139161   0.0128667    0.997176 │
╰───────────────────────────────────────────────────────────────────────────────────────────────────────────────────────────────────────────────────────────────────────────────────────────────────────────────────────╯
Trial status: 1 RUNNING
Current time: 2026-08-03 13:43:25. Total running time: 19min 32s
Logical resource usage: 0.05/12 CPUs, 0/2 GPUs (0.0/1.0 accelerator_type:G)
Current best trial: 91fef_00000 with nDCG@10=0.015510646626353264 and params={'embedding_size': 64, 'n_layers': 3, 'reg_weight': 0.0001, 'batch_size': 4096, 'epochs': 1000, 'learning_rate': 0.001}
╭───────────────────────────────────────────────────────────────────────────────────────────────────────────────────────────────────────────────────────────────────────────────────────────────────────────────────────╮
│ Trial name                          status       embedding_size     n_layers     reg_weight     batch_size     epochs     learning_rate     iter     total time (s)     nDCG@10     Recall@10      EPC@10     Gini@10 │
├───────────────────────────────────────────────────────────────────────────────────────────────────────────────────────────────────────────────────────────────────────────────────────────────────────────────────────┤
│ LightGCN_LyricalMacaqueOfEmphasis   RUNNING                  64            3         0.0001           4096       1000             0.001       20            1119.38   0.0155106     0.0139161   0.0128667    0.997176 │
╰───────────────────────────────────────────────────────────────────────────────────────────────────────────────────────────────────────────────────────────────────────────────────────────────────────────────────────╯[36m(RayTrainWorker pid=4028311)[0m Checkpoint successfully created at: Checkpoint(filesystem=local, path=/home/vincenzo/warprec/experiment/lightgcn/amazon_book/amazon_book/ray_results/ray_train_trial_id=91fef_00000/checkpoint_2026-08-03_13-43-36.534704)
[36m(RayTrainWorker pid=4028311)[0m Reporting training result 21: TrainingReport(checkpoint=Checkpoint(filesystem=local, path=/home/vincenzo/warprec/experiment/lightgcn/amazon_book/amazon_book/ray_results/ray_train_trial_id=91fef_00000/checkpoint_2026-08-03_13-43-36.534704), metrics={'nDCG@10': 0.01572423242032528, 'Recall@10': 0.01407923549413681, 'EPC@10': 0.013039177283644676, 'Gini@10': 0.9970859289169312, 'best_nDCG@10': 0.01572423242032528, 'loss': 0.07693996280431747, 'ram_peak_mb': 9602.5546875, 'vram_peak_mb': 2104.5927734375, 'epoch': 20, 'step': 12222}, validation_spec=None)
[36m(RayTrainWorker pid=4028311)[0m Checkpoint successfully created at: Checkpoint(filesystem=local, path=/home/vincenzo/warprec/experiment/lightgcn/amazon_book/amazon_book/ray_results/ray_train_trial_id=91fef_00000/checkpoint_2026-08-03_13-44-31.071598)
[36m(RayTrainWorker pid=4028311)[0m Reporting training result 22: TrainingReport(checkpoint=Checkpoint(filesystem=local, path=/home/vincenzo/warprec/experiment/lightgcn/amazon_book/amazon_book/ray_results/ray_train_trial_id=91fef_00000/checkpoint_2026-08-03_13-44-31.071598), metrics={'nDCG@10': 0.015872720628976822, 'Recall@10': 0.014277258887887001, 'EPC@10': 0.013155833818018436, 'Gini@10': 0.9969714879989624, 'best_nDCG@10': 0.015872720628976822, 'loss': 0.0747910663485527, 'ram_peak_mb': 9601.8515625, 'vram_peak_mb': 2104.5927734375, 'epoch': 21, 'step': 12804}, validation_spec=None)

Trial status: 1 RUNNING
Current time: 2026-08-03 13:43:55. Total running time: 20min 2s
Logical resource usage: 0.05/12 CPUs, 0/2 GPUs (0.0/1.0 accelerator_type:G)
Current best trial: 91fef_00000 with nDCG@10=0.01572423242032528 and params={'embedding_size': 64, 'n_layers': 3, 'reg_weight': 0.0001, 'batch_size': 4096, 'epochs': 1000, 'learning_rate': 0.001}
╭───────────────────────────────────────────────────────────────────────────────────────────────────────────────────────────────────────────────────────────────────────────────────────────────────────────────────────╮
│ Trial name                          status       embedding_size     n_layers     reg_weight     batch_size     epochs     learning_rate     iter     total time (s)     nDCG@10     Recall@10      EPC@10     Gini@10 │
├───────────────────────────────────────────────────────────────────────────────────────────────────────────────────────────────────────────────────────────────────────────────────────────────────────────────────────┤
│ LightGCN_LyricalMacaqueOfEmphasis   RUNNING                  64            3         0.0001           4096       1000             0.001       21            1173.72   0.0157242     0.0140792   0.0130392    0.997086 │
╰───────────────────────────────────────────────────────────────────────────────────────────────────────────────────────────────────────────────────────────────────────────────────────────────────────────────────────╯
Trial status: 1 RUNNING
Current time: 2026-08-03 13:44:25. Total running time: 20min 32s
Logical resource usage: 0.05/12 CPUs, 0/2 GPUs (0.0/1.0 accelerator_type:G)
Current best trial: 91fef_00000 with nDCG@10=0.01572423242032528 and params={'embedding_size': 64, 'n_layers': 3, 'reg_weight': 0.0001, 'batch_size': 4096, 'epochs': 1000, 'learning_rate': 0.001}
╭───────────────────────────────────────────────────────────────────────────────────────────────────────────────────────────────────────────────────────────────────────────────────────────────────────────────────────╮
│ Trial name                          status       embedding_size     n_layers     reg_weight     batch_size     epochs     learning_rate     iter     total time (s)     nDCG@10     Recall@10      EPC@10     Gini@10 │
├───────────────────────────────────────────────────────────────────────────────────────────────────────────────────────────────────────────────────────────────────────────────────────────────────────────────────────┤
│ LightGCN_LyricalMacaqueOfEmphasis   RUNNING                  64            3         0.0001           4096       1000             0.001       21            1173.72   0.0157242     0.0140792   0.0130392    0.997086 │
╰───────────────────────────────────────────────────────────────────────────────────────────────────────────────────────────────────────────────────────────────────────────────────────────────────────────────────────╯
Trial status: 1 RUNNING
Current time: 2026-08-03 13:44:55. Total running time: 21min 2s
Logical resource usage: 0.05/12 CPUs, 0/2 GPUs (0.0/1.0 accelerator_type:G)
Current best trial: 91fef_00000 with nDCG@10=0.015872720628976822 and params={'embedding_size': 64, 'n_layers': 3, 'reg_weight': 0.0001, 'batch_size': 4096, 'epochs': 1000, 'learning_rate': 0.001}
╭───────────────────────────────────────────────────────────────────────────────────────────────────────────────────────────────────────────────────────────────────────────────────────────────────────────────────────╮
│ Trial name                          status       embedding_size     n_layers     reg_weight     batch_size     epochs     learning_rate     iter     total time (s)     nDCG@10     Recall@10      EPC@10     Gini@10 │
├───────────────────────────────────────────────────────────────────────────────────────────────────────────────────────────────────────────────────────────────────────────────────────────────────────────────────────┤
│ LightGCN_LyricalMacaqueOfEmphasis   RUNNING                  64            3         0.0001           4096       1000             0.001       22            1228.11   0.0158727     0.0142773   0.0131558    0.996971 │
╰───────────────────────────────────────────────────────────────────────────────────────────────────────────────────────────────────────────────────────────────────────────────────────────────────────────────────────╯[36m(RayTrainWorker pid=4028311)[0m Checkpoint successfully created at: Checkpoint(filesystem=local, path=/home/vincenzo/warprec/experiment/lightgcn/amazon_book/amazon_book/ray_results/ray_train_trial_id=91fef_00000/checkpoint_2026-08-03_13-45-25.489879)
[36m(RayTrainWorker pid=4028311)[0m Reporting training result 23: TrainingReport(checkpoint=Checkpoint(filesystem=local, path=/home/vincenzo/warprec/experiment/lightgcn/amazon_book/amazon_book/ray_results/ray_train_trial_id=91fef_00000/checkpoint_2026-08-03_13-45-25.489879), metrics={'nDCG@10': 0.01607605628669262, 'Recall@10': 0.014504048973321915, 'EPC@10': 0.013320213183760643, 'Gini@10': 0.9968506097793579, 'best_nDCG@10': 0.01607605628669262, 'loss': 0.07224563509225845, 'ram_peak_mb': 9601.9296875, 'vram_peak_mb': 2104.5927734375, 'epoch': 22, 'step': 13386}, validation_spec=None)
[36m(RayTrainWorker pid=4028311)[0m Checkpoint successfully created at: Checkpoint(filesystem=local, path=/home/vincenzo/warprec/experiment/lightgcn/amazon_book/amazon_book/ray_results/ray_train_trial_id=91fef_00000/checkpoint_2026-08-03_13-46-19.737232)
[36m(RayTrainWorker pid=4028311)[0m Reporting training result 24: TrainingReport(checkpoint=Checkpoint(filesystem=local, path=/home/vincenzo/warprec/experiment/lightgcn/amazon_book/amazon_book/ray_results/ray_train_trial_id=91fef_00000/checkpoint_2026-08-03_13-46-19.737232), metrics={'nDCG@10': 0.016119271516799927, 'Recall@10': 0.0145651176571846, 'EPC@10': 0.013347846455872059, 'Gini@10': 0.996738612651825, 'best_nDCG@10': 0.016119271516799927, 'loss': 0.07033801078796387, 'ram_peak_mb': 9602.0, 'vram_peak_mb': 2104.5927734375, 'epoch': 23, 'step': 13968}, validation_spec=None)

Trial status: 1 RUNNING
Current time: 2026-08-03 13:45:25. Total running time: 21min 32s
Logical resource usage: 0.05/12 CPUs, 0/2 GPUs (0.0/1.0 accelerator_type:G)
Current best trial: 91fef_00000 with nDCG@10=0.015872720628976822 and params={'embedding_size': 64, 'n_layers': 3, 'reg_weight': 0.0001, 'batch_size': 4096, 'epochs': 1000, 'learning_rate': 0.001}
╭───────────────────────────────────────────────────────────────────────────────────────────────────────────────────────────────────────────────────────────────────────────────────────────────────────────────────────╮
│ Trial name                          status       embedding_size     n_layers     reg_weight     batch_size     epochs     learning_rate     iter     total time (s)     nDCG@10     Recall@10      EPC@10     Gini@10 │
├───────────────────────────────────────────────────────────────────────────────────────────────────────────────────────────────────────────────────────────────────────────────────────────────────────────────────────┤
│ LightGCN_LyricalMacaqueOfEmphasis   RUNNING                  64            3         0.0001           4096       1000             0.001       22            1228.11   0.0158727     0.0142773   0.0131558    0.996971 │
╰───────────────────────────────────────────────────────────────────────────────────────────────────────────────────────────────────────────────────────────────────────────────────────────────────────────────────────╯
Trial status: 1 RUNNING
Current time: 2026-08-03 13:45:55. Total running time: 22min 2s
Logical resource usage: 0.05/12 CPUs, 0/2 GPUs (0.0/1.0 accelerator_type:G)
Current best trial: 91fef_00000 with nDCG@10=0.01607605628669262 and params={'embedding_size': 64, 'n_layers': 3, 'reg_weight': 0.0001, 'batch_size': 4096, 'epochs': 1000, 'learning_rate': 0.001}
╭───────────────────────────────────────────────────────────────────────────────────────────────────────────────────────────────────────────────────────────────────────────────────────────────────────────────────────╮
│ Trial name                          status       embedding_size     n_layers     reg_weight     batch_size     epochs     learning_rate     iter     total time (s)     nDCG@10     Recall@10      EPC@10     Gini@10 │
├───────────────────────────────────────────────────────────────────────────────────────────────────────────────────────────────────────────────────────────────────────────────────────────────────────────────────────┤
│ LightGCN_LyricalMacaqueOfEmphasis   RUNNING                  64            3         0.0001           4096       1000             0.001       23            1282.67   0.0160761      0.014504   0.0133202    0.996851 │
╰───────────────────────────────────────────────────────────────────────────────────────────────────────────────────────────────────────────────────────────────────────────────────────────────────────────────────────╯
Trial status: 1 RUNNING
Current time: 2026-08-03 13:46:25. Total running time: 22min 32s
Logical resource usage: 0.05/12 CPUs, 0/2 GPUs (0.0/1.0 accelerator_type:G)
Current best trial: 91fef_00000 with nDCG@10=0.016119271516799927 and params={'embedding_size': 64, 'n_layers': 3, 'reg_weight': 0.0001, 'batch_size': 4096, 'epochs': 1000, 'learning_rate': 0.001}
╭───────────────────────────────────────────────────────────────────────────────────────────────────────────────────────────────────────────────────────────────────────────────────────────────────────────────────────╮
│ Trial name                          status       embedding_size     n_layers     reg_weight     batch_size     epochs     learning_rate     iter     total time (s)     nDCG@10     Recall@10      EPC@10     Gini@10 │
├───────────────────────────────────────────────────────────────────────────────────────────────────────────────────────────────────────────────────────────────────────────────────────────────────────────────────────┤
│ LightGCN_LyricalMacaqueOfEmphasis   RUNNING                  64            3         0.0001           4096       1000             0.001       24            1336.83   0.0161193     0.0145651   0.0133478    0.996739 │
╰───────────────────────────────────────────────────────────────────────────────────────────────────────────────────────────────────────────────────────────────────────────────────────────────────────────────────────╯[36m(RayTrainWorker pid=4028311)[0m Checkpoint successfully created at: Checkpoint(filesystem=local, path=/home/vincenzo/warprec/experiment/lightgcn/amazon_book/amazon_book/ray_results/ray_train_trial_id=91fef_00000/checkpoint_2026-08-03_13-47-14.335117)
[36m(RayTrainWorker pid=4028311)[0m Reporting training result 25: TrainingReport(checkpoint=Checkpoint(filesystem=local, path=/home/vincenzo/warprec/experiment/lightgcn/amazon_book/amazon_book/ray_results/ray_train_trial_id=91fef_00000/checkpoint_2026-08-03_13-47-14.335117), metrics={'nDCG@10': 0.016201753169298172, 'Recall@10': 0.01456831768155098, 'EPC@10': 0.013417338021099567, 'Gini@10': 0.9966222643852234, 'best_nDCG@10': 0.016201753169298172, 'loss': 0.06854813545942307, 'ram_peak_mb': 9603.04296875, 'vram_peak_mb': 2104.5927734375, 'epoch': 24, 'step': 14550}, validation_spec=None)

Trial status: 1 RUNNING
Current time: 2026-08-03 13:46:55. Total running time: 23min 2s
Logical resource usage: 0.05/12 CPUs, 0/2 GPUs (0.0/1.0 accelerator_type:G)
Current best trial: 91fef_00000 with nDCG@10=0.016119271516799927 and params={'embedding_size': 64, 'n_layers': 3, 'reg_weight': 0.0001, 'batch_size': 4096, 'epochs': 1000, 'learning_rate': 0.001}
╭───────────────────────────────────────────────────────────────────────────────────────────────────────────────────────────────────────────────────────────────────────────────────────────────────────────────────────╮
│ Trial name                          status       embedding_size     n_layers     reg_weight     batch_size     epochs     learning_rate     iter     total time (s)     nDCG@10     Recall@10      EPC@10     Gini@10 │
├───────────────────────────────────────────────────────────────────────────────────────────────────────────────────────────────────────────────────────────────────────────────────────────────────────────────────────┤
│ LightGCN_LyricalMacaqueOfEmphasis   RUNNING                  64            3         0.0001           4096       1000             0.001       24            1336.83   0.0161193     0.0145651   0.0133478    0.996739 │
╰───────────────────────────────────────────────────────────────────────────────────────────────────────────────────────────────────────────────────────────────────────────────────────────────────────────────────────╯
Trial status: 1 RUNNING
Current time: 2026-08-03 13:47:25. Total running time: 23min 32s
Logical resource usage: 0.05/12 CPUs, 0/2 GPUs (0.0/1.0 accelerator_type:G)
Current best trial: 91fef_00000 with nDCG@10=0.016201753169298172 and params={'embedding_size': 64, 'n_layers': 3, 'reg_weight': 0.0001, 'batch_size': 4096, 'epochs': 1000, 'learning_rate': 0.001}
╭───────────────────────────────────────────────────────────────────────────────────────────────────────────────────────────────────────────────────────────────────────────────────────────────────────────────────────╮
│ Trial name                          status       embedding_size     n_layers     reg_weight     batch_size     epochs     learning_rate     iter     total time (s)     nDCG@10     Recall@10      EPC@10     Gini@10 │
├───────────────────────────────────────────────────────────────────────────────────────────────────────────────────────────────────────────────────────────────────────────────────────────────────────────────────────┤
│ LightGCN_LyricalMacaqueOfEmphasis   RUNNING                  64            3         0.0001           4096       1000             0.001       25            1391.16   0.0162018     0.0145683   0.0134173    0.996622 │
╰───────────────────────────────────────────────────────────────────────────────────────────────────────────────────────────────────────────────────────────────────────────────────────────────────────────────────────╯
Trial status: 1 RUNNING
Current time: 2026-08-03 13:47:55. Total running time: 24min 2s
Logical resource usage: 0.05/12 CPUs, 0/2 GPUs (0.0/1.0 accelerator_type:G)
Current best trial: 91fef_00000 with nDCG@10=0.016201753169298172 and params={'embedding_size': 64, 'n_layers': 3, 'reg_weight': 0.0001, 'batch_size': 4096, 'epochs': 1000, 'learning_rate': 0.001}
╭───────────────────────────────────────────────────────────────────────────────────────────────────────────────────────────────────────────────────────────────────────────────────────────────────────────────────────╮
│ Trial name                          status       embedding_size     n_layers     reg_weight     batch_size     epochs     learning_rate     iter     total time (s)     nDCG@10     Recall@10      EPC@10     Gini@10 │
├───────────────────────────────────────────────────────────────────────────────────────────────────────────────────────────────────────────────────────────────────────────────────────────────────────────────────────┤
│ LightGCN_LyricalMacaqueOfEmphasis   RUNNING                  64            3         0.0001           4096       1000             0.001       25            1391.16   0.0162018     0.0145683   0.0134173    0.996622 │
╰───────────────────────────────────────────────────────────────────────────────────────────────────────────────────────────────────────────────────────────────────────────────────────────────────────────────────────╯[36m(RayTrainWorker pid=4028311)[0m Checkpoint successfully created at: Checkpoint(filesystem=local, path=/home/vincenzo/warprec/experiment/lightgcn/amazon_book/amazon_book/ray_results/ray_train_trial_id=91fef_00000/checkpoint_2026-08-03_13-48-08.696836)
[36m(RayTrainWorker pid=4028311)[0m Reporting training result 26: TrainingReport(checkpoint=Checkpoint(filesystem=local, path=/home/vincenzo/warprec/experiment/lightgcn/amazon_book/amazon_book/ray_results/ray_train_trial_id=91fef_00000/checkpoint_2026-08-03_13-48-08.696836), metrics={'nDCG@10': 0.01637049950659275, 'Recall@10': 0.014774270355701447, 'EPC@10': 0.013556573539972305, 'Gini@10': 0.9964925646781921, 'best_nDCG@10': 0.01637049950659275, 'loss': 0.06675012409687042, 'ram_peak_mb': 9602.0859375, 'vram_peak_mb': 2104.5927734375, 'epoch': 25, 'step': 15132}, validation_spec=None)
[36m(RayTrainWorker pid=4028311)[0m Checkpoint successfully created at: Checkpoint(filesystem=local, path=/home/vincenzo/warprec/experiment/lightgcn/amazon_book/amazon_book/ray_results/ray_train_trial_id=91fef_00000/checkpoint_2026-08-03_13-49-03.357038)
[36m(RayTrainWorker pid=4028311)[0m Reporting training result 27: TrainingReport(checkpoint=Checkpoint(filesystem=local, path=/home/vincenzo/warprec/experiment/lightgcn/amazon_book/amazon_book/ray_results/ray_train_trial_id=91fef_00000/checkpoint_2026-08-03_13-49-03.357038), metrics={'nDCG@10': 0.01651383750140667, 'Recall@10': 0.014906627126038074, 'EPC@10': 0.013666024431586266, 'Gini@10': 0.9963809251785278, 'best_nDCG@10': 0.01651383750140667, 'loss': 0.06497739255428314, 'ram_peak_mb': 9602.21875, 'vram_peak_mb': 2104.5927734375, 'epoch': 26, 'step': 15714}, validation_spec=None)

Trial status: 1 RUNNING
Current time: 2026-08-03 13:48:25. Total running time: 24min 32s
Logical resource usage: 0.05/12 CPUs, 0/2 GPUs (0.0/1.0 accelerator_type:G)
Current best trial: 91fef_00000 with nDCG@10=0.01637049950659275 and params={'embedding_size': 64, 'n_layers': 3, 'reg_weight': 0.0001, 'batch_size': 4096, 'epochs': 1000, 'learning_rate': 0.001}
╭───────────────────────────────────────────────────────────────────────────────────────────────────────────────────────────────────────────────────────────────────────────────────────────────────────────────────────╮
│ Trial name                          status       embedding_size     n_layers     reg_weight     batch_size     epochs     learning_rate     iter     total time (s)     nDCG@10     Recall@10      EPC@10     Gini@10 │
├───────────────────────────────────────────────────────────────────────────────────────────────────────────────────────────────────────────────────────────────────────────────────────────────────────────────────────┤
│ LightGCN_LyricalMacaqueOfEmphasis   RUNNING                  64            3         0.0001           4096       1000             0.001       26            1445.54   0.0163705     0.0147743   0.0135566    0.996493 │
╰───────────────────────────────────────────────────────────────────────────────────────────────────────────────────────────────────────────────────────────────────────────────────────────────────────────────────────╯
Trial status: 1 RUNNING
Current time: 2026-08-03 13:48:55. Total running time: 25min 3s
Logical resource usage: 0.05/12 CPUs, 0/2 GPUs (0.0/1.0 accelerator_type:G)
Current best trial: 91fef_00000 with nDCG@10=0.01637049950659275 and params={'embedding_size': 64, 'n_layers': 3, 'reg_weight': 0.0001, 'batch_size': 4096, 'epochs': 1000, 'learning_rate': 0.001}
╭───────────────────────────────────────────────────────────────────────────────────────────────────────────────────────────────────────────────────────────────────────────────────────────────────────────────────────╮
│ Trial name                          status       embedding_size     n_layers     reg_weight     batch_size     epochs     learning_rate     iter     total time (s)     nDCG@10     Recall@10      EPC@10     Gini@10 │
├───────────────────────────────────────────────────────────────────────────────────────────────────────────────────────────────────────────────────────────────────────────────────────────────────────────────────────┤
│ LightGCN_LyricalMacaqueOfEmphasis   RUNNING                  64            3         0.0001           4096       1000             0.001       26            1445.54   0.0163705     0.0147743   0.0135566    0.996493 │
╰───────────────────────────────────────────────────────────────────────────────────────────────────────────────────────────────────────────────────────────────────────────────────────────────────────────────────────╯
Trial status: 1 RUNNING
Current time: 2026-08-03 13:49:25. Total running time: 25min 33s
Logical resource usage: 0.05/12 CPUs, 0/2 GPUs (0.0/1.0 accelerator_type:G)
Current best trial: 91fef_00000 with nDCG@10=0.01651383750140667 and params={'embedding_size': 64, 'n_layers': 3, 'reg_weight': 0.0001, 'batch_size': 4096, 'epochs': 1000, 'learning_rate': 0.001}
╭──────────────────────────────────────────────────────────────────────────────────────────────────────────────────────────────────────────────────────────────────────────────────────────────────────────────────────╮
│ Trial name                          status       embedding_size     n_layers     reg_weight     batch_size     epochs     learning_rate     iter     total time (s)     nDCG@10     Recall@10     EPC@10     Gini@10 │
├──────────────────────────────────────────────────────────────────────────────────────────────────────────────────────────────────────────────────────────────────────────────────────────────────────────────────────┤
│ LightGCN_LyricalMacaqueOfEmphasis   RUNNING                  64            3         0.0001           4096       1000             0.001       27            1499.88   0.0165138     0.0149066   0.013666    0.996381 │
╰──────────────────────────────────────────────────────────────────────────────────────────────────────────────────────────────────────────────────────────────────────────────────────────────────────────────────────╯[36m(RayTrainWorker pid=4028311)[0m Checkpoint successfully created at: Checkpoint(filesystem=local, path=/home/vincenzo/warprec/experiment/lightgcn/amazon_book/amazon_book/ray_results/ray_train_trial_id=91fef_00000/checkpoint_2026-08-03_13-49-57.875021)
[36m(RayTrainWorker pid=4028311)[0m Reporting training result 28: TrainingReport(checkpoint=Checkpoint(filesystem=local, path=/home/vincenzo/warprec/experiment/lightgcn/amazon_book/amazon_book/ray_results/ray_train_trial_id=91fef_00000/checkpoint_2026-08-03_13-49-57.875021), metrics={'nDCG@10': 0.016633642837405205, 'Recall@10': 0.01506758201867342, 'EPC@10': 0.013761384412646294, 'Gini@10': 0.9962348937988281, 'best_nDCG@10': 0.016633642837405205, 'loss': 0.06337049603462219, 'ram_peak_mb': 9602.25, 'vram_peak_mb': 2104.5927734375, 'epoch': 27, 'step': 16296}, validation_spec=None)
[36m(RayTrainWorker pid=4028311)[0m Checkpoint successfully created at: Checkpoint(filesystem=local, path=/home/vincenzo/warprec/experiment/lightgcn/amazon_book/amazon_book/ray_results/ray_train_trial_id=91fef_00000/checkpoint_2026-08-03_13-50-52.358520)
[36m(RayTrainWorker pid=4028311)[0m Reporting training result 29: TrainingReport(checkpoint=Checkpoint(filesystem=local, path=/home/vincenzo/warprec/experiment/lightgcn/amazon_book/amazon_book/ray_results/ray_train_trial_id=91fef_00000/checkpoint_2026-08-03_13-50-52.358520), metrics={'nDCG@10': 0.0168143380433321, 'Recall@10': 0.015233082696795464, 'EPC@10': 0.013899857178330421, 'Gini@10': 0.9960924386978149, 'best_nDCG@10': 0.0168143380433321, 'loss': 0.06206807494163513, 'ram_peak_mb': 9602.2421875, 'vram_peak_mb': 2104.5927734375, 'epoch': 28, 'step': 16878}, validation_spec=None)

Trial status: 1 RUNNING
Current time: 2026-08-03 13:49:55. Total running time: 26min 3s
Logical resource usage: 0.05/12 CPUs, 0/2 GPUs (0.0/1.0 accelerator_type:G)
Current best trial: 91fef_00000 with nDCG@10=0.01651383750140667 and params={'embedding_size': 64, 'n_layers': 3, 'reg_weight': 0.0001, 'batch_size': 4096, 'epochs': 1000, 'learning_rate': 0.001}
╭──────────────────────────────────────────────────────────────────────────────────────────────────────────────────────────────────────────────────────────────────────────────────────────────────────────────────────╮
│ Trial name                          status       embedding_size     n_layers     reg_weight     batch_size     epochs     learning_rate     iter     total time (s)     nDCG@10     Recall@10     EPC@10     Gini@10 │
├──────────────────────────────────────────────────────────────────────────────────────────────────────────────────────────────────────────────────────────────────────────────────────────────────────────────────────┤
│ LightGCN_LyricalMacaqueOfEmphasis   RUNNING                  64            3         0.0001           4096       1000             0.001       27            1499.88   0.0165138     0.0149066   0.013666    0.996381 │
╰──────────────────────────────────────────────────────────────────────────────────────────────────────────────────────────────────────────────────────────────────────────────────────────────────────────────────────╯
Trial status: 1 RUNNING
Current time: 2026-08-03 13:50:25. Total running time: 26min 33s
Logical resource usage: 0.05/12 CPUs, 0/2 GPUs (0.0/1.0 accelerator_type:G)
Current best trial: 91fef_00000 with nDCG@10=0.016633642837405205 and params={'embedding_size': 64, 'n_layers': 3, 'reg_weight': 0.0001, 'batch_size': 4096, 'epochs': 1000, 'learning_rate': 0.001}
╭───────────────────────────────────────────────────────────────────────────────────────────────────────────────────────────────────────────────────────────────────────────────────────────────────────────────────────╮
│ Trial name                          status       embedding_size     n_layers     reg_weight     batch_size     epochs     learning_rate     iter     total time (s)     nDCG@10     Recall@10      EPC@10     Gini@10 │
├───────────────────────────────────────────────────────────────────────────────────────────────────────────────────────────────────────────────────────────────────────────────────────────────────────────────────────┤
│ LightGCN_LyricalMacaqueOfEmphasis   RUNNING                  64            3         0.0001           4096       1000             0.001       28            1556.24   0.0166336     0.0150676   0.0137614    0.996235 │
╰───────────────────────────────────────────────────────────────────────────────────────────────────────────────────────────────────────────────────────────────────────────────────────────────────────────────────────╯
Trial status: 1 RUNNING
Current time: 2026-08-03 13:50:55. Total running time: 27min 3s
Logical resource usage: 0.05/12 CPUs, 0/2 GPUs (0.0/1.0 accelerator_type:G)
Current best trial: 91fef_00000 with nDCG@10=0.0168143380433321 and params={'embedding_size': 64, 'n_layers': 3, 'reg_weight': 0.0001, 'batch_size': 4096, 'epochs': 1000, 'learning_rate': 0.001}
╭───────────────────────────────────────────────────────────────────────────────────────────────────────────────────────────────────────────────────────────────────────────────────────────────────────────────────────╮
│ Trial name                          status       embedding_size     n_layers     reg_weight     batch_size     epochs     learning_rate     iter     total time (s)     nDCG@10     Recall@10      EPC@10     Gini@10 │
├───────────────────────────────────────────────────────────────────────────────────────────────────────────────────────────────────────────────────────────────────────────────────────────────────────────────────────┤
│ LightGCN_LyricalMacaqueOfEmphasis   RUNNING                  64            3         0.0001           4096       1000             0.001       29            1610.57   0.0168143     0.0152331   0.0138999    0.996092 │
╰───────────────────────────────────────────────────────────────────────────────────────────────────────────────────────────────────────────────────────────────────────────────────────────────────────────────────────╯[36m(RayTrainWorker pid=4028311)[0m Checkpoint successfully created at: Checkpoint(filesystem=local, path=/home/vincenzo/warprec/experiment/lightgcn/amazon_book/amazon_book/ray_results/ray_train_trial_id=91fef_00000/checkpoint_2026-08-03_13-51-46.832201)
[36m(RayTrainWorker pid=4028311)[0m Reporting training result 30: TrainingReport(checkpoint=Checkpoint(filesystem=local, path=/home/vincenzo/warprec/experiment/lightgcn/amazon_book/amazon_book/ray_results/ray_train_trial_id=91fef_00000/checkpoint_2026-08-03_13-51-46.832201), metrics={'nDCG@10': 0.016932476311922073, 'Recall@10': 0.0153605742380023, 'EPC@10': 0.01399314310401678, 'Gini@10': 0.9959489107131958, 'best_nDCG@10': 0.016932476311922073, 'loss': 0.06054016947746277, 'ram_peak_mb': 9602.29296875, 'vram_peak_mb': 2104.5927734375, 'epoch': 29, 'step': 17460}, validation_spec=None)

Trial status: 1 RUNNING
Current time: 2026-08-03 13:51:25. Total running time: 27min 33s
Logical resource usage: 0.05/12 CPUs, 0/2 GPUs (0.0/1.0 accelerator_type:G)
Current best trial: 91fef_00000 with nDCG@10=0.0168143380433321 and params={'embedding_size': 64, 'n_layers': 3, 'reg_weight': 0.0001, 'batch_size': 4096, 'epochs': 1000, 'learning_rate': 0.001}
╭───────────────────────────────────────────────────────────────────────────────────────────────────────────────────────────────────────────────────────────────────────────────────────────────────────────────────────╮
│ Trial name                          status       embedding_size     n_layers     reg_weight     batch_size     epochs     learning_rate     iter     total time (s)     nDCG@10     Recall@10      EPC@10     Gini@10 │
├───────────────────────────────────────────────────────────────────────────────────────────────────────────────────────────────────────────────────────────────────────────────────────────────────────────────────────┤
│ LightGCN_LyricalMacaqueOfEmphasis   RUNNING                  64            3         0.0001           4096       1000             0.001       29            1610.57   0.0168143     0.0152331   0.0138999    0.996092 │
╰───────────────────────────────────────────────────────────────────────────────────────────────────────────────────────────────────────────────────────────────────────────────────────────────────────────────────────╯
Trial status: 1 RUNNING
Current time: 2026-08-03 13:51:55. Total running time: 28min 3s
Logical resource usage: 0.05/12 CPUs, 0/2 GPUs (0.0/1.0 accelerator_type:G)
Current best trial: 91fef_00000 with nDCG@10=0.016932476311922073 and params={'embedding_size': 64, 'n_layers': 3, 'reg_weight': 0.0001, 'batch_size': 4096, 'epochs': 1000, 'learning_rate': 0.001}
╭───────────────────────────────────────────────────────────────────────────────────────────────────────────────────────────────────────────────────────────────────────────────────────────────────────────────────────╮
│ Trial name                          status       embedding_size     n_layers     reg_weight     batch_size     epochs     learning_rate     iter     total time (s)     nDCG@10     Recall@10      EPC@10     Gini@10 │
├───────────────────────────────────────────────────────────────────────────────────────────────────────────────────────────────────────────────────────────────────────────────────────────────────────────────────────┤
│ LightGCN_LyricalMacaqueOfEmphasis   RUNNING                  64            3         0.0001           4096       1000             0.001       30            1664.91   0.0169325     0.0153606   0.0139931    0.995949 │
╰───────────────────────────────────────────────────────────────────────────────────────────────────────────────────────────────────────────────────────────────────────────────────────────────────────────────────────╯
Trial status: 1 RUNNING
Current time: 2026-08-03 13:52:25. Total running time: 28min 33s
Logical resource usage: 0.05/12 CPUs, 0/2 GPUs (0.0/1.0 accelerator_type:G)
Current best trial: 91fef_00000 with nDCG@10=0.016932476311922073 and params={'embedding_size': 64, 'n_layers': 3, 'reg_weight': 0.0001, 'batch_size': 4096, 'epochs': 1000, 'learning_rate': 0.001}
╭───────────────────────────────────────────────────────────────────────────────────────────────────────────────────────────────────────────────────────────────────────────────────────────────────────────────────────╮
│ Trial name                          status       embedding_size     n_layers     reg_weight     batch_size     epochs     learning_rate     iter     total time (s)     nDCG@10     Recall@10      EPC@10     Gini@10 │
├───────────────────────────────────────────────────────────────────────────────────────────────────────────────────────────────────────────────────────────────────────────────────────────────────────────────────────┤
│ LightGCN_LyricalMacaqueOfEmphasis   RUNNING                  64            3         0.0001           4096       1000             0.001       30            1664.91   0.0169325     0.0153606   0.0139931    0.995949 │
╰───────────────────────────────────────────────────────────────────────────────────────────────────────────────────────────────────────────────────────────────────────────────────────────────────────────────────────╯[36m(RayTrainWorker pid=4028311)[0m Checkpoint successfully created at: Checkpoint(filesystem=local, path=/home/vincenzo/warprec/experiment/lightgcn/amazon_book/amazon_book/ray_results/ray_train_trial_id=91fef_00000/checkpoint_2026-08-03_13-52-42.056115)
[36m(RayTrainWorker pid=4028311)[0m Reporting training result 31: TrainingReport(checkpoint=Checkpoint(filesystem=local, path=/home/vincenzo/warprec/experiment/lightgcn/amazon_book/amazon_book/ray_results/ray_train_trial_id=91fef_00000/checkpoint_2026-08-03_13-52-42.056115), metrics={'nDCG@10': 0.01697510853409767, 'Recall@10': 0.015375773422420025, 'EPC@10': 0.014035763218998909, 'Gini@10': 0.9958152770996094, 'best_nDCG@10': 0.01697510853409767, 'loss': 0.05901370570063591, 'ram_peak_mb': 9602.41796875, 'vram_peak_mb': 2104.5927734375, 'epoch': 30, 'step': 18042}, validation_spec=None)
[36m(RayTrainWorker pid=4028311)[0m Checkpoint successfully created at: Checkpoint(filesystem=local, path=/home/vincenzo/warprec/experiment/lightgcn/amazon_book/amazon_book/ray_results/ray_train_trial_id=91fef_00000/checkpoint_2026-08-03_13-53-35.891814)
[36m(RayTrainWorker pid=4028311)[0m Reporting training result 32: TrainingReport(checkpoint=Checkpoint(filesystem=local, path=/home/vincenzo/warprec/experiment/lightgcn/amazon_book/amazon_book/ray_results/ray_train_trial_id=91fef_00000/checkpoint_2026-08-03_13-53-35.891814), metrics={'nDCG@10': 0.017122972756624222, 'Recall@10': 0.015575382858514786, 'EPC@10': 0.014158496633172035, 'Gini@10': 0.9956687092781067, 'best_nDCG@10': 0.017122972756624222, 'loss': 0.05788825824856758, 'ram_peak_mb': 9602.46484375, 'vram_peak_mb': 2104.5927734375, 'epoch': 31, 'step': 18624}, validation_spec=None)

Trial status: 1 RUNNING
Current time: 2026-08-03 13:52:56. Total running time: 29min 3s
Logical resource usage: 0.05/12 CPUs, 0/2 GPUs (0.0/1.0 accelerator_type:G)
Current best trial: 91fef_00000 with nDCG@10=0.01697510853409767 and params={'embedding_size': 64, 'n_layers': 3, 'reg_weight': 0.0001, 'batch_size': 4096, 'epochs': 1000, 'learning_rate': 0.001}
╭───────────────────────────────────────────────────────────────────────────────────────────────────────────────────────────────────────────────────────────────────────────────────────────────────────────────────────╮
│ Trial name                          status       embedding_size     n_layers     reg_weight     batch_size     epochs     learning_rate     iter     total time (s)     nDCG@10     Recall@10      EPC@10     Gini@10 │
├───────────────────────────────────────────────────────────────────────────────────────────────────────────────────────────────────────────────────────────────────────────────────────────────────────────────────────┤
│ LightGCN_LyricalMacaqueOfEmphasis   RUNNING                  64            3         0.0001           4096       1000             0.001       31            1719.22   0.0169751     0.0153758   0.0140358    0.995815 │
╰───────────────────────────────────────────────────────────────────────────────────────────────────────────────────────────────────────────────────────────────────────────────────────────────────────────────────────╯
Trial status: 1 RUNNING
Current time: 2026-08-03 13:53:26. Total running time: 29min 33s
Logical resource usage: 0.05/12 CPUs, 0/2 GPUs (0.0/1.0 accelerator_type:G)
Current best trial: 91fef_00000 with nDCG@10=0.01697510853409767 and params={'embedding_size': 64, 'n_layers': 3, 'reg_weight': 0.0001, 'batch_size': 4096, 'epochs': 1000, 'learning_rate': 0.001}
╭───────────────────────────────────────────────────────────────────────────────────────────────────────────────────────────────────────────────────────────────────────────────────────────────────────────────────────╮
│ Trial name                          status       embedding_size     n_layers     reg_weight     batch_size     epochs     learning_rate     iter     total time (s)     nDCG@10     Recall@10      EPC@10     Gini@10 │
├───────────────────────────────────────────────────────────────────────────────────────────────────────────────────────────────────────────────────────────────────────────────────────────────────────────────────────┤
│ LightGCN_LyricalMacaqueOfEmphasis   RUNNING                  64            3         0.0001           4096       1000             0.001       31            1719.22   0.0169751     0.0153758   0.0140358    0.995815 │
╰───────────────────────────────────────────────────────────────────────────────────────────────────────────────────────────────────────────────────────────────────────────────────────────────────────────────────────╯
Trial status: 1 RUNNING
Current time: 2026-08-03 13:53:56. Total running time: 30min 3s
Logical resource usage: 0.05/12 CPUs, 0/2 GPUs (0.0/1.0 accelerator_type:G)
Current best trial: 91fef_00000 with nDCG@10=0.017122972756624222 and params={'embedding_size': 64, 'n_layers': 3, 'reg_weight': 0.0001, 'batch_size': 4096, 'epochs': 1000, 'learning_rate': 0.001}
╭───────────────────────────────────────────────────────────────────────────────────────────────────────────────────────────────────────────────────────────────────────────────────────────────────────────────────────╮
│ Trial name                          status       embedding_size     n_layers     reg_weight     batch_size     epochs     learning_rate     iter     total time (s)     nDCG@10     Recall@10      EPC@10     Gini@10 │
├───────────────────────────────────────────────────────────────────────────────────────────────────────────────────────────────────────────────────────────────────────────────────────────────────────────────────────┤
│ LightGCN_LyricalMacaqueOfEmphasis   RUNNING                  64            3         0.0001           4096       1000             0.001       32            1773.57    0.017123     0.0155754   0.0141585    0.995669 │
╰───────────────────────────────────────────────────────────────────────────────────────────────────────────────────────────────────────────────────────────────────────────────────────────────────────────────────────╯[36m(RayTrainWorker pid=4028311)[0m Checkpoint successfully created at: Checkpoint(filesystem=local, path=/home/vincenzo/warprec/experiment/lightgcn/amazon_book/amazon_book/ray_results/ray_train_trial_id=91fef_00000/checkpoint_2026-08-03_13-54-30.198543)
[36m(RayTrainWorker pid=4028311)[0m Reporting training result 33: TrainingReport(checkpoint=Checkpoint(filesystem=local, path=/home/vincenzo/warprec/experiment/lightgcn/amazon_book/amazon_book/ray_results/ray_train_trial_id=91fef_00000/checkpoint_2026-08-03_13-54-30.198543), metrics={'nDCG@10': 0.0171696487814188, 'Recall@10': 0.015612558461725712, 'EPC@10': 0.014192789793014526, 'Gini@10': 0.9955133199691772, 'best_nDCG@10': 0.0171696487814188, 'loss': 0.05668940767645836, 'ram_peak_mb': 9601.6328125, 'vram_peak_mb': 2104.5927734375, 'epoch': 32, 'step': 19206}, validation_spec=None)
[36m(RayTrainWorker pid=4028311)[0m Checkpoint successfully created at: Checkpoint(filesystem=local, path=/home/vincenzo/warprec/experiment/lightgcn/amazon_book/amazon_book/ray_results/ray_train_trial_id=91fef_00000/checkpoint_2026-08-03_13-55-24.762858)
[36m(RayTrainWorker pid=4028311)[0m Reporting training result 34: TrainingReport(checkpoint=Checkpoint(filesystem=local, path=/home/vincenzo/warprec/experiment/lightgcn/amazon_book/amazon_book/ray_results/ray_train_trial_id=91fef_00000/checkpoint_2026-08-03_13-55-24.762858), metrics={'nDCG@10': 0.017306070774793625, 'Recall@10': 0.01574244536459446, 'EPC@10': 0.01430407166481018, 'Gini@10': 0.9953226447105408, 'best_nDCG@10': 0.017306070774793625, 'loss': 0.055668290704488754, 'ram_peak_mb': 9602.671875, 'vram_peak_mb': 2104.5927734375, 'epoch': 33, 'step': 19788}, validation_spec=None)

Trial status: 1 RUNNING
Current time: 2026-08-03 13:54:26. Total running time: 30min 33s
Logical resource usage: 0.05/12 CPUs, 0/2 GPUs (0.0/1.0 accelerator_type:G)
Current best trial: 91fef_00000 with nDCG@10=0.017122972756624222 and params={'embedding_size': 64, 'n_layers': 3, 'reg_weight': 0.0001, 'batch_size': 4096, 'epochs': 1000, 'learning_rate': 0.001}
╭───────────────────────────────────────────────────────────────────────────────────────────────────────────────────────────────────────────────────────────────────────────────────────────────────────────────────────╮
│ Trial name                          status       embedding_size     n_layers     reg_weight     batch_size     epochs     learning_rate     iter     total time (s)     nDCG@10     Recall@10      EPC@10     Gini@10 │
├───────────────────────────────────────────────────────────────────────────────────────────────────────────────────────────────────────────────────────────────────────────────────────────────────────────────────────┤
│ LightGCN_LyricalMacaqueOfEmphasis   RUNNING                  64            3         0.0001           4096       1000             0.001       32            1773.57    0.017123     0.0155754   0.0141585    0.995669 │
╰───────────────────────────────────────────────────────────────────────────────────────────────────────────────────────────────────────────────────────────────────────────────────────────────────────────────────────╯
Trial status: 1 RUNNING
Current time: 2026-08-03 13:54:56. Total running time: 31min 3s
Logical resource usage: 0.05/12 CPUs, 0/2 GPUs (0.0/1.0 accelerator_type:G)
Current best trial: 91fef_00000 with nDCG@10=0.0171696487814188 and params={'embedding_size': 64, 'n_layers': 3, 'reg_weight': 0.0001, 'batch_size': 4096, 'epochs': 1000, 'learning_rate': 0.001}
╭───────────────────────────────────────────────────────────────────────────────────────────────────────────────────────────────────────────────────────────────────────────────────────────────────────────────────────╮
│ Trial name                          status       embedding_size     n_layers     reg_weight     batch_size     epochs     learning_rate     iter     total time (s)     nDCG@10     Recall@10      EPC@10     Gini@10 │
├───────────────────────────────────────────────────────────────────────────────────────────────────────────────────────────────────────────────────────────────────────────────────────────────────────────────────────┤
│ LightGCN_LyricalMacaqueOfEmphasis   RUNNING                  64            3         0.0001           4096       1000             0.001       33             1827.9   0.0171696     0.0156126   0.0141928    0.995513 │
╰───────────────────────────────────────────────────────────────────────────────────────────────────────────────────────────────────────────────────────────────────────────────────────────────────────────────────────╯
Trial status: 1 RUNNING
Current time: 2026-08-03 13:55:26. Total running time: 31min 33s
Logical resource usage: 0.05/12 CPUs, 0/2 GPUs (0.0/1.0 accelerator_type:G)
Current best trial: 91fef_00000 with nDCG@10=0.017306070774793625 and params={'embedding_size': 64, 'n_layers': 3, 'reg_weight': 0.0001, 'batch_size': 4096, 'epochs': 1000, 'learning_rate': 0.001}
╭───────────────────────────────────────────────────────────────────────────────────────────────────────────────────────────────────────────────────────────────────────────────────────────────────────────────────────╮
│ Trial name                          status       embedding_size     n_layers     reg_weight     batch_size     epochs     learning_rate     iter     total time (s)     nDCG@10     Recall@10      EPC@10     Gini@10 │
├───────────────────────────────────────────────────────────────────────────────────────────────────────────────────────────────────────────────────────────────────────────────────────────────────────────────────────┤
│ LightGCN_LyricalMacaqueOfEmphasis   RUNNING                  64            3         0.0001           4096       1000             0.001       34            1882.23   0.0173061     0.0157424   0.0143041    0.995323 │
╰───────────────────────────────────────────────────────────────────────────────────────────────────────────────────────────────────────────────────────────────────────────────────────────────────────────────────────╯[36m(RayTrainWorker pid=4028311)[0m Checkpoint successfully created at: Checkpoint(filesystem=local, path=/home/vincenzo/warprec/experiment/lightgcn/amazon_book/amazon_book/ray_results/ray_train_trial_id=91fef_00000/checkpoint_2026-08-03_13-56-19.400519)
[36m(RayTrainWorker pid=4028311)[0m Reporting training result 35: TrainingReport(checkpoint=Checkpoint(filesystem=local, path=/home/vincenzo/warprec/experiment/lightgcn/amazon_book/amazon_book/ray_results/ray_train_trial_id=91fef_00000/checkpoint_2026-08-03_13-56-19.400519), metrics={'nDCG@10': 0.017390886321663857, 'Recall@10': 0.015881825238466263, 'EPC@10': 0.014360648579895496, 'Gini@10': 0.9951598644256592, 'best_nDCG@10': 0.017390886321663857, 'loss': 0.05465612933039665, 'ram_peak_mb': 9602.72265625, 'vram_peak_mb': 2104.5927734375, 'epoch': 34, 'step': 20370}, validation_spec=None)

Trial status: 1 RUNNING
Current time: 2026-08-03 13:55:56. Total running time: 32min 3s
Logical resource usage: 0.05/12 CPUs, 0/2 GPUs (0.0/1.0 accelerator_type:G)
Current best trial: 91fef_00000 with nDCG@10=0.017306070774793625 and params={'embedding_size': 64, 'n_layers': 3, 'reg_weight': 0.0001, 'batch_size': 4096, 'epochs': 1000, 'learning_rate': 0.001}
╭───────────────────────────────────────────────────────────────────────────────────────────────────────────────────────────────────────────────────────────────────────────────────────────────────────────────────────╮
│ Trial name                          status       embedding_size     n_layers     reg_weight     batch_size     epochs     learning_rate     iter     total time (s)     nDCG@10     Recall@10      EPC@10     Gini@10 │
├───────────────────────────────────────────────────────────────────────────────────────────────────────────────────────────────────────────────────────────────────────────────────────────────────────────────────────┤
│ LightGCN_LyricalMacaqueOfEmphasis   RUNNING                  64            3         0.0001           4096       1000             0.001       34            1882.23   0.0173061     0.0157424   0.0143041    0.995323 │
╰───────────────────────────────────────────────────────────────────────────────────────────────────────────────────────────────────────────────────────────────────────────────────────────────────────────────────────╯
Trial status: 1 RUNNING
Current time: 2026-08-03 13:56:26. Total running time: 32min 33s
Logical resource usage: 0.05/12 CPUs, 0/2 GPUs (0.0/1.0 accelerator_type:G)
Current best trial: 91fef_00000 with nDCG@10=0.017390886321663857 and params={'embedding_size': 64, 'n_layers': 3, 'reg_weight': 0.0001, 'batch_size': 4096, 'epochs': 1000, 'learning_rate': 0.001}
╭───────────────────────────────────────────────────────────────────────────────────────────────────────────────────────────────────────────────────────────────────────────────────────────────────────────────────────╮
│ Trial name                          status       embedding_size     n_layers     reg_weight     batch_size     epochs     learning_rate     iter     total time (s)     nDCG@10     Recall@10      EPC@10     Gini@10 │
├───────────────────────────────────────────────────────────────────────────────────────────────────────────────────────────────────────────────────────────────────────────────────────────────────────────────────────┤
│ LightGCN_LyricalMacaqueOfEmphasis   RUNNING                  64            3         0.0001           4096       1000             0.001       35            1936.57   0.0173909     0.0158818   0.0143606     0.99516 │
╰───────────────────────────────────────────────────────────────────────────────────────────────────────────────────────────────────────────────────────────────────────────────────────────────────────────────────────╯
Trial status: 1 RUNNING
Current time: 2026-08-03 13:56:56. Total running time: 33min 3s
Logical resource usage: 0.05/12 CPUs, 0/2 GPUs (0.0/1.0 accelerator_type:G)
Current best trial: 91fef_00000 with nDCG@10=0.017390886321663857 and params={'embedding_size': 64, 'n_layers': 3, 'reg_weight': 0.0001, 'batch_size': 4096, 'epochs': 1000, 'learning_rate': 0.001}
╭───────────────────────────────────────────────────────────────────────────────────────────────────────────────────────────────────────────────────────────────────────────────────────────────────────────────────────╮
│ Trial name                          status       embedding_size     n_layers     reg_weight     batch_size     epochs     learning_rate     iter     total time (s)     nDCG@10     Recall@10      EPC@10     Gini@10 │
├───────────────────────────────────────────────────────────────────────────────────────────────────────────────────────────────────────────────────────────────────────────────────────────────────────────────────────┤
│ LightGCN_LyricalMacaqueOfEmphasis   RUNNING                  64            3         0.0001           4096       1000             0.001       35            1936.57   0.0173909     0.0158818   0.0143606     0.99516 │
╰───────────────────────────────────────────────────────────────────────────────────────────────────────────────────────────────────────────────────────────────────────────────────────────────────────────────────────╯[36m(RayTrainWorker pid=4028311)[0m Checkpoint successfully created at: Checkpoint(filesystem=local, path=/home/vincenzo/warprec/experiment/lightgcn/amazon_book/amazon_book/ray_results/ray_train_trial_id=91fef_00000/checkpoint_2026-08-03_13-57-14.092930)
[36m(RayTrainWorker pid=4028311)[0m Reporting training result 36: TrainingReport(checkpoint=Checkpoint(filesystem=local, path=/home/vincenzo/warprec/experiment/lightgcn/amazon_book/amazon_book/ray_results/ray_train_trial_id=91fef_00000/checkpoint_2026-08-03_13-57-14.092930), metrics={'nDCG@10': 0.01752358116209507, 'Recall@10': 0.016021085903048515, 'EPC@10': 0.014458000659942627, 'Gini@10': 0.9950060248374939, 'best_nDCG@10': 0.01752358116209507, 'loss': 0.05343640223145485, 'ram_peak_mb': 9602.7734375, 'vram_peak_mb': 2104.5927734375, 'epoch': 35, 'step': 20952}, validation_spec=None)
[36m(RayTrainWorker pid=4028311)[0m Checkpoint successfully created at: Checkpoint(filesystem=local, path=/home/vincenzo/warprec/experiment/lightgcn/amazon_book/amazon_book/ray_results/ray_train_trial_id=91fef_00000/checkpoint_2026-08-03_13-58-08.067191)
[36m(RayTrainWorker pid=4028311)[0m Reporting training result 37: TrainingReport(checkpoint=Checkpoint(filesystem=local, path=/home/vincenzo/warprec/experiment/lightgcn/amazon_book/amazon_book/ray_results/ray_train_trial_id=91fef_00000/checkpoint_2026-08-03_13-58-08.067191), metrics={'nDCG@10': 0.017688602209091187, 'Recall@10': 0.016185687854886055, 'EPC@10': 0.01459808275103569, 'Gini@10': 0.994815468788147, 'best_nDCG@10': 0.017688602209091187, 'loss': 0.05268681049346924, 'ram_peak_mb': 9601.80078125, 'vram_peak_mb': 2104.5927734375, 'epoch': 36, 'step': 21534}, validation_spec=None)

Trial status: 1 RUNNING
Current time: 2026-08-03 13:57:26. Total running time: 33min 33s
Logical resource usage: 0.05/12 CPUs, 0/2 GPUs (0.0/1.0 accelerator_type:G)
Current best trial: 91fef_00000 with nDCG@10=0.01752358116209507 and params={'embedding_size': 64, 'n_layers': 3, 'reg_weight': 0.0001, 'batch_size': 4096, 'epochs': 1000, 'learning_rate': 0.001}
╭──────────────────────────────────────────────────────────────────────────────────────────────────────────────────────────────────────────────────────────────────────────────────────────────────────────────────────╮
│ Trial name                          status       embedding_size     n_layers     reg_weight     batch_size     epochs     learning_rate     iter     total time (s)     nDCG@10     Recall@10     EPC@10     Gini@10 │
├──────────────────────────────────────────────────────────────────────────────────────────────────────────────────────────────────────────────────────────────────────────────────────────────────────────────────────┤
│ LightGCN_LyricalMacaqueOfEmphasis   RUNNING                  64            3         0.0001           4096       1000             0.001       36            1991.13   0.0175236     0.0160211   0.014458    0.995006 │
╰──────────────────────────────────────────────────────────────────────────────────────────────────────────────────────────────────────────────────────────────────────────────────────────────────────────────────────╯
Trial status: 1 RUNNING
Current time: 2026-08-03 13:57:56. Total running time: 34min 3s
Logical resource usage: 0.05/12 CPUs, 0/2 GPUs (0.0/1.0 accelerator_type:G)
Current best trial: 91fef_00000 with nDCG@10=0.01752358116209507 and params={'embedding_size': 64, 'n_layers': 3, 'reg_weight': 0.0001, 'batch_size': 4096, 'epochs': 1000, 'learning_rate': 0.001}
╭──────────────────────────────────────────────────────────────────────────────────────────────────────────────────────────────────────────────────────────────────────────────────────────────────────────────────────╮
│ Trial name                          status       embedding_size     n_layers     reg_weight     batch_size     epochs     learning_rate     iter     total time (s)     nDCG@10     Recall@10     EPC@10     Gini@10 │
├──────────────────────────────────────────────────────────────────────────────────────────────────────────────────────────────────────────────────────────────────────────────────────────────────────────────────────┤
│ LightGCN_LyricalMacaqueOfEmphasis   RUNNING                  64            3         0.0001           4096       1000             0.001       36            1991.13   0.0175236     0.0160211   0.014458    0.995006 │
╰──────────────────────────────────────────────────────────────────────────────────────────────────────────────────────────────────────────────────────────────────────────────────────────────────────────────────────╯
Trial status: 1 RUNNING
Current time: 2026-08-03 13:58:26. Total running time: 34min 33s
Logical resource usage: 0.05/12 CPUs, 0/2 GPUs (0.0/1.0 accelerator_type:G)
Current best trial: 91fef_00000 with nDCG@10=0.017688602209091187 and params={'embedding_size': 64, 'n_layers': 3, 'reg_weight': 0.0001, 'batch_size': 4096, 'epochs': 1000, 'learning_rate': 0.001}
╭───────────────────────────────────────────────────────────────────────────────────────────────────────────────────────────────────────────────────────────────────────────────────────────────────────────────────────╮
│ Trial name                          status       embedding_size     n_layers     reg_weight     batch_size     epochs     learning_rate     iter     total time (s)     nDCG@10     Recall@10      EPC@10     Gini@10 │
├───────────────────────────────────────────────────────────────────────────────────────────────────────────────────────────────────────────────────────────────────────────────────────────────────────────────────────┤
│ LightGCN_LyricalMacaqueOfEmphasis   RUNNING                  64            3         0.0001           4096       1000             0.001       37            2045.29   0.0176886     0.0161857   0.0145981    0.994815 │
╰───────────────────────────────────────────────────────────────────────────────────────────────────────────────────────────────────────────────────────────────────────────────────────────────────────────────────────╯[36m(RayTrainWorker pid=4028311)[0m Checkpoint successfully created at: Checkpoint(filesystem=local, path=/home/vincenzo/warprec/experiment/lightgcn/amazon_book/amazon_book/ray_results/ray_train_trial_id=91fef_00000/checkpoint_2026-08-03_13-59-02.679324)
[36m(RayTrainWorker pid=4028311)[0m Reporting training result 38: TrainingReport(checkpoint=Checkpoint(filesystem=local, path=/home/vincenzo/warprec/experiment/lightgcn/amazon_book/amazon_book/ray_results/ray_train_trial_id=91fef_00000/checkpoint_2026-08-03_13-59-02.679324), metrics={'nDCG@10': 0.017753466963768005, 'Recall@10': 0.0162347462028265, 'EPC@10': 0.014644571579992771, 'Gini@10': 0.9946300387382507, 'best_nDCG@10': 0.017753466963768005, 'loss': 0.05161844566464424, 'ram_peak_mb': 9602.8203125, 'vram_peak_mb': 2104.5927734375, 'epoch': 37, 'step': 22116}, validation_spec=None)

Trial status: 1 RUNNING
Current time: 2026-08-03 13:58:56. Total running time: 35min 4s
Logical resource usage: 0.05/12 CPUs, 0/2 GPUs (0.0/1.0 accelerator_type:G)
Current best trial: 91fef_00000 with nDCG@10=0.017688602209091187 and params={'embedding_size': 64, 'n_layers': 3, 'reg_weight': 0.0001, 'batch_size': 4096, 'epochs': 1000, 'learning_rate': 0.001}
╭───────────────────────────────────────────────────────────────────────────────────────────────────────────────────────────────────────────────────────────────────────────────────────────────────────────────────────╮
│ Trial name                          status       embedding_size     n_layers     reg_weight     batch_size     epochs     learning_rate     iter     total time (s)     nDCG@10     Recall@10      EPC@10     Gini@10 │
├───────────────────────────────────────────────────────────────────────────────────────────────────────────────────────────────────────────────────────────────────────────────────────────────────────────────────────┤
│ LightGCN_LyricalMacaqueOfEmphasis   RUNNING                  64            3         0.0001           4096       1000             0.001       37            2045.29   0.0176886     0.0161857   0.0145981    0.994815 │
╰───────────────────────────────────────────────────────────────────────────────────────────────────────────────────────────────────────────────────────────────────────────────────────────────────────────────────────╯
Trial status: 1 RUNNING
Current time: 2026-08-03 13:59:26. Total running time: 35min 34s
Logical resource usage: 0.05/12 CPUs, 0/2 GPUs (0.0/1.0 accelerator_type:G)
Current best trial: 91fef_00000 with nDCG@10=0.017753466963768005 and params={'embedding_size': 64, 'n_layers': 3, 'reg_weight': 0.0001, 'batch_size': 4096, 'epochs': 1000, 'learning_rate': 0.001}
╭───────────────────────────────────────────────────────────────────────────────────────────────────────────────────────────────────────────────────────────────────────────────────────────────────────────────────────╮
│ Trial name                          status       embedding_size     n_layers     reg_weight     batch_size     epochs     learning_rate     iter     total time (s)     nDCG@10     Recall@10      EPC@10     Gini@10 │
├───────────────────────────────────────────────────────────────────────────────────────────────────────────────────────────────────────────────────────────────────────────────────────────────────────────────────────┤
│ LightGCN_LyricalMacaqueOfEmphasis   RUNNING                  64            3         0.0001           4096       1000             0.001       38            2099.59   0.0177535     0.0162347   0.0146446     0.99463 │
╰───────────────────────────────────────────────────────────────────────────────────────────────────────────────────────────────────────────────────────────────────────────────────────────────────────────────────────╯
Trial status: 1 RUNNING
Current time: 2026-08-03 13:59:56. Total running time: 36min 4s
Logical resource usage: 0.05/12 CPUs, 0/2 GPUs (0.0/1.0 accelerator_type:G)
Current best trial: 91fef_00000 with nDCG@10=0.017753466963768005 and params={'embedding_size': 64, 'n_layers': 3, 'reg_weight': 0.0001, 'batch_size': 4096, 'epochs': 1000, 'learning_rate': 0.001}
╭───────────────────────────────────────────────────────────────────────────────────────────────────────────────────────────────────────────────────────────────────────────────────────────────────────────────────────╮
│ Trial name                          status       embedding_size     n_layers     reg_weight     batch_size     epochs     learning_rate     iter     total time (s)     nDCG@10     Recall@10      EPC@10     Gini@10 │
├───────────────────────────────────────────────────────────────────────────────────────────────────────────────────────────────────────────────────────────────────────────────────────────────────────────────────────┤
│ LightGCN_LyricalMacaqueOfEmphasis   RUNNING                  64            3         0.0001           4096       1000             0.001       38            2099.59   0.0177535     0.0162347   0.0146446     0.99463 │
╰───────────────────────────────────────────────────────────────────────────────────────────────────────────────────────────────────────────────────────────────────────────────────────────────────────────────────────╯[36m(RayTrainWorker pid=4028311)[0m Checkpoint successfully created at: Checkpoint(filesystem=local, path=/home/vincenzo/warprec/experiment/lightgcn/amazon_book/amazon_book/ray_results/ray_train_trial_id=91fef_00000/checkpoint_2026-08-03_13-59-57.068580)
[36m(RayTrainWorker pid=4028311)[0m Reporting training result 39: TrainingReport(checkpoint=Checkpoint(filesystem=local, path=/home/vincenzo/warprec/experiment/lightgcn/amazon_book/amazon_book/ray_results/ray_train_trial_id=91fef_00000/checkpoint_2026-08-03_13-59-57.068580), metrics={'nDCG@10': 0.017862975597381592, 'Recall@10': 0.01632564514875412, 'EPC@10': 0.014736004173755646, 'Gini@10': 0.9944519400596619, 'best_nDCG@10': 0.017862975597381592, 'loss': 0.05057907477021217, 'ram_peak_mb': 9601.8828125, 'vram_peak_mb': 2104.5927734375, 'epoch': 38, 'step': 22698}, validation_spec=None)
[36m(RayTrainWorker pid=4028311)[0m Checkpoint successfully created at: Checkpoint(filesystem=local, path=/home/vincenzo/warprec/experiment/lightgcn/amazon_book/amazon_book/ray_results/ray_train_trial_id=91fef_00000/checkpoint_2026-08-03_14-00-51.342905)
[36m(RayTrainWorker pid=4028311)[0m Reporting training result 40: TrainingReport(checkpoint=Checkpoint(filesystem=local, path=/home/vincenzo/warprec/experiment/lightgcn/amazon_book/amazon_book/ray_results/ray_train_trial_id=91fef_00000/checkpoint_2026-08-03_14-00-51.342905), metrics={'nDCG@10': 0.018017765134572983, 'Recall@10': 0.016471145674586296, 'EPC@10': 0.014865891076624393, 'Gini@10': 0.9942637085914612, 'best_nDCG@10': 0.018017765134572983, 'loss': 0.049643173813819885, 'ram_peak_mb': 9602.88671875, 'vram_peak_mb': 2104.5927734375, 'epoch': 39, 'step': 23280}, validation_spec=None)

Trial status: 1 RUNNING
Current time: 2026-08-03 14:00:26. Total running time: 36min 34s
Logical resource usage: 0.05/12 CPUs, 0/2 GPUs (0.0/1.0 accelerator_type:G)
Current best trial: 91fef_00000 with nDCG@10=0.017862975597381592 and params={'embedding_size': 64, 'n_layers': 3, 'reg_weight': 0.0001, 'batch_size': 4096, 'epochs': 1000, 'learning_rate': 0.001}
╭──────────────────────────────────────────────────────────────────────────────────────────────────────────────────────────────────────────────────────────────────────────────────────────────────────────────────────╮
│ Trial name                          status       embedding_size     n_layers     reg_weight     batch_size     epochs     learning_rate     iter     total time (s)     nDCG@10     Recall@10     EPC@10     Gini@10 │
├──────────────────────────────────────────────────────────────────────────────────────────────────────────────────────────────────────────────────────────────────────────────────────────────────────────────────────┤
│ LightGCN_LyricalMacaqueOfEmphasis   RUNNING                  64            3         0.0001           4096       1000             0.001       39            2153.96    0.017863     0.0163256   0.014736    0.994452 │
╰──────────────────────────────────────────────────────────────────────────────────────────────────────────────────────────────────────────────────────────────────────────────────────────────────────────────────────╯
Trial status: 1 RUNNING
Current time: 2026-08-03 14:00:56. Total running time: 37min 4s
Logical resource usage: 0.05/12 CPUs, 0/2 GPUs (0.0/1.0 accelerator_type:G)
Current best trial: 91fef_00000 with nDCG@10=0.018017765134572983 and params={'embedding_size': 64, 'n_layers': 3, 'reg_weight': 0.0001, 'batch_size': 4096, 'epochs': 1000, 'learning_rate': 0.001}
╭───────────────────────────────────────────────────────────────────────────────────────────────────────────────────────────────────────────────────────────────────────────────────────────────────────────────────────╮
│ Trial name                          status       embedding_size     n_layers     reg_weight     batch_size     epochs     learning_rate     iter     total time (s)     nDCG@10     Recall@10      EPC@10     Gini@10 │
├───────────────────────────────────────────────────────────────────────────────────────────────────────────────────────────────────────────────────────────────────────────────────────────────────────────────────────┤
│ LightGCN_LyricalMacaqueOfEmphasis   RUNNING                  64            3         0.0001           4096       1000             0.001       40             2208.3   0.0180178     0.0164711   0.0148659    0.994264 │
╰───────────────────────────────────────────────────────────────────────────────────────────────────────────────────────────────────────────────────────────────────────────────────────────────────────────────────────╯
Trial status: 1 RUNNING
Current time: 2026-08-03 14:01:26. Total running time: 37min 34s
Logical resource usage: 0.05/12 CPUs, 0/2 GPUs (0.0/1.0 accelerator_type:G)
Current best trial: 91fef_00000 with nDCG@10=0.018017765134572983 and params={'embedding_size': 64, 'n_layers': 3, 'reg_weight': 0.0001, 'batch_size': 4096, 'epochs': 1000, 'learning_rate': 0.001}
╭───────────────────────────────────────────────────────────────────────────────────────────────────────────────────────────────────────────────────────────────────────────────────────────────────────────────────────╮
│ Trial name                          status       embedding_size     n_layers     reg_weight     batch_size     epochs     learning_rate     iter     total time (s)     nDCG@10     Recall@10      EPC@10     Gini@10 │
├───────────────────────────────────────────────────────────────────────────────────────────────────────────────────────────────────────────────────────────────────────────────────────────────────────────────────────┤
│ LightGCN_LyricalMacaqueOfEmphasis   RUNNING                  64            3         0.0001           4096       1000             0.001       40             2208.3   0.0180178     0.0164711   0.0148659    0.994264 │
╰───────────────────────────────────────────────────────────────────────────────────────────────────────────────────────────────────────────────────────────────────────────────────────────────────────────────────────╯[36m(RayTrainWorker pid=4028311)[0m Checkpoint successfully created at: Checkpoint(filesystem=local, path=/home/vincenzo/warprec/experiment/lightgcn/amazon_book/amazon_book/ray_results/ray_train_trial_id=91fef_00000/checkpoint_2026-08-03_14-01-45.757872)
[36m(RayTrainWorker pid=4028311)[0m Reporting training result 41: TrainingReport(checkpoint=Checkpoint(filesystem=local, path=/home/vincenzo/warprec/experiment/lightgcn/amazon_book/amazon_book/ray_results/ray_train_trial_id=91fef_00000/checkpoint_2026-08-03_14-01-45.757872), metrics={'nDCG@10': 0.018095985054969788, 'Recall@10': 0.016650354489684105, 'EPC@10': 0.014918561093509197, 'Gini@10': 0.9940620064735413, 'best_nDCG@10': 0.018095985054969788, 'loss': 0.04889293387532234, 'ram_peak_mb': 9602.9140625, 'vram_peak_mb': 2104.5927734375, 'epoch': 40, 'step': 23862}, validation_spec=None)
[36m(RayTrainWorker pid=4028311)[0m Checkpoint successfully created at: Checkpoint(filesystem=local, path=/home/vincenzo/warprec/experiment/lightgcn/amazon_book/amazon_book/ray_results/ray_train_trial_id=91fef_00000/checkpoint_2026-08-03_14-02-40.054480)
[36m(RayTrainWorker pid=4028311)[0m Reporting training result 42: TrainingReport(checkpoint=Checkpoint(filesystem=local, path=/home/vincenzo/warprec/experiment/lightgcn/amazon_book/amazon_book/ray_results/ray_train_trial_id=91fef_00000/checkpoint_2026-08-03_14-02-40.054480), metrics={'nDCG@10': 0.018186170607805252, 'Recall@10': 0.016726292669773102, 'EPC@10': 0.014982727356255054, 'Gini@10': 0.993846595287323, 'best_nDCG@10': 0.018186170607805252, 'loss': 0.048120349645614624, 'ram_peak_mb': 9602.91015625, 'vram_peak_mb': 2104.5927734375, 'epoch': 41, 'step': 24444}, validation_spec=None)

Trial status: 1 RUNNING
Current time: 2026-08-03 14:01:56. Total running time: 38min 4s
Logical resource usage: 0.05/12 CPUs, 0/2 GPUs (0.0/1.0 accelerator_type:G)
Current best trial: 91fef_00000 with nDCG@10=0.018095985054969788 and params={'embedding_size': 64, 'n_layers': 3, 'reg_weight': 0.0001, 'batch_size': 4096, 'epochs': 1000, 'learning_rate': 0.001}
╭───────────────────────────────────────────────────────────────────────────────────────────────────────────────────────────────────────────────────────────────────────────────────────────────────────────────────────╮
│ Trial name                          status       embedding_size     n_layers     reg_weight     batch_size     epochs     learning_rate     iter     total time (s)     nDCG@10     Recall@10      EPC@10     Gini@10 │
├───────────────────────────────────────────────────────────────────────────────────────────────────────────────────────────────────────────────────────────────────────────────────────────────────────────────────────┤
│ LightGCN_LyricalMacaqueOfEmphasis   RUNNING                  64            3         0.0001           4096       1000             0.001       41            2262.64    0.018096     0.0166504   0.0149186    0.994062 │
╰───────────────────────────────────────────────────────────────────────────────────────────────────────────────────────────────────────────────────────────────────────────────────────────────────────────────────────╯
Trial status: 1 RUNNING
Current time: 2026-08-03 14:02:27. Total running time: 38min 34s
Logical resource usage: 0.05/12 CPUs, 0/2 GPUs (0.0/1.0 accelerator_type:G)
Current best trial: 91fef_00000 with nDCG@10=0.018095985054969788 and params={'embedding_size': 64, 'n_layers': 3, 'reg_weight': 0.0001, 'batch_size': 4096, 'epochs': 1000, 'learning_rate': 0.001}
╭───────────────────────────────────────────────────────────────────────────────────────────────────────────────────────────────────────────────────────────────────────────────────────────────────────────────────────╮
│ Trial name                          status       embedding_size     n_layers     reg_weight     batch_size     epochs     learning_rate     iter     total time (s)     nDCG@10     Recall@10      EPC@10     Gini@10 │
├───────────────────────────────────────────────────────────────────────────────────────────────────────────────────────────────────────────────────────────────────────────────────────────────────────────────────────┤
│ LightGCN_LyricalMacaqueOfEmphasis   RUNNING                  64            3         0.0001           4096       1000             0.001       41            2262.64    0.018096     0.0166504   0.0149186    0.994062 │
╰───────────────────────────────────────────────────────────────────────────────────────────────────────────────────────────────────────────────────────────────────────────────────────────────────────────────────────╯
Trial status: 1 RUNNING
Current time: 2026-08-03 14:02:57. Total running time: 39min 4s
Logical resource usage: 0.05/12 CPUs, 0/2 GPUs (0.0/1.0 accelerator_type:G)
Current best trial: 91fef_00000 with nDCG@10=0.018186170607805252 and params={'embedding_size': 64, 'n_layers': 3, 'reg_weight': 0.0001, 'batch_size': 4096, 'epochs': 1000, 'learning_rate': 0.001}
╭───────────────────────────────────────────────────────────────────────────────────────────────────────────────────────────────────────────────────────────────────────────────────────────────────────────────────────╮
│ Trial name                          status       embedding_size     n_layers     reg_weight     batch_size     epochs     learning_rate     iter     total time (s)     nDCG@10     Recall@10      EPC@10     Gini@10 │
├───────────────────────────────────────────────────────────────────────────────────────────────────────────────────────────────────────────────────────────────────────────────────────────────────────────────────────┤
│ LightGCN_LyricalMacaqueOfEmphasis   RUNNING                  64            3         0.0001           4096       1000             0.001       42            2316.99   0.0181862     0.0167263   0.0149827    0.993847 │
╰───────────────────────────────────────────────────────────────────────────────────────────────────────────────────────────────────────────────────────────────────────────────────────────────────────────────────────╯[36m(RayTrainWorker pid=4028311)[0m Checkpoint successfully created at: Checkpoint(filesystem=local, path=/home/vincenzo/warprec/experiment/lightgcn/amazon_book/amazon_book/ray_results/ray_train_trial_id=91fef_00000/checkpoint_2026-08-03_14-03-33.858673)
[36m(RayTrainWorker pid=4028311)[0m Reporting training result 43: TrainingReport(checkpoint=Checkpoint(filesystem=local, path=/home/vincenzo/warprec/experiment/lightgcn/amazon_book/amazon_book/ray_results/ray_train_trial_id=91fef_00000/checkpoint_2026-08-03_14-03-33.858673), metrics={'nDCG@10': 0.018239963799715042, 'Recall@10': 0.016759682446718216, 'EPC@10': 0.01502768974751234, 'Gini@10': 0.9936176538467407, 'best_nDCG@10': 0.018239963799715042, 'loss': 0.04739418253302574, 'ram_peak_mb': 9603.91796875, 'vram_peak_mb': 2104.5927734375, 'epoch': 42, 'step': 25026}, validation_spec=None)

Trial status: 1 RUNNING
Current time: 2026-08-03 14:03:27. Total running time: 39min 34s
Logical resource usage: 0.05/12 CPUs, 0/2 GPUs (0.0/1.0 accelerator_type:G)
Current best trial: 91fef_00000 with nDCG@10=0.018186170607805252 and params={'embedding_size': 64, 'n_layers': 3, 'reg_weight': 0.0001, 'batch_size': 4096, 'epochs': 1000, 'learning_rate': 0.001}
╭───────────────────────────────────────────────────────────────────────────────────────────────────────────────────────────────────────────────────────────────────────────────────────────────────────────────────────╮
│ Trial name                          status       embedding_size     n_layers     reg_weight     batch_size     epochs     learning_rate     iter     total time (s)     nDCG@10     Recall@10      EPC@10     Gini@10 │
├───────────────────────────────────────────────────────────────────────────────────────────────────────────────────────────────────────────────────────────────────────────────────────────────────────────────────────┤
│ LightGCN_LyricalMacaqueOfEmphasis   RUNNING                  64            3         0.0001           4096       1000             0.001       42            2316.99   0.0181862     0.0167263   0.0149827    0.993847 │
╰───────────────────────────────────────────────────────────────────────────────────────────────────────────────────────────────────────────────────────────────────────────────────────────────────────────────────────╯
Trial status: 1 RUNNING
Current time: 2026-08-03 14:03:57. Total running time: 40min 4s
Logical resource usage: 0.05/12 CPUs, 0/2 GPUs (0.0/1.0 accelerator_type:G)
Current best trial: 91fef_00000 with nDCG@10=0.018239963799715042 and params={'embedding_size': 64, 'n_layers': 3, 'reg_weight': 0.0001, 'batch_size': 4096, 'epochs': 1000, 'learning_rate': 0.001}
╭───────────────────────────────────────────────────────────────────────────────────────────────────────────────────────────────────────────────────────────────────────────────────────────────────────────────────────╮
│ Trial name                          status       embedding_size     n_layers     reg_weight     batch_size     epochs     learning_rate     iter     total time (s)     nDCG@10     Recall@10      EPC@10     Gini@10 │
├───────────────────────────────────────────────────────────────────────────────────────────────────────────────────────────────────────────────────────────────────────────────────────────────────────────────────────┤
│ LightGCN_LyricalMacaqueOfEmphasis   RUNNING                  64            3         0.0001           4096       1000             0.001       43            2371.32     0.01824     0.0167597   0.0150277    0.993618 │
╰───────────────────────────────────────────────────────────────────────────────────────────────────────────────────────────────────────────────────────────────────────────────────────────────────────────────────────╯
Trial status: 1 RUNNING
Current time: 2026-08-03 14:04:27. Total running time: 40min 34s
Logical resource usage: 0.05/12 CPUs, 0/2 GPUs (0.0/1.0 accelerator_type:G)
Current best trial: 91fef_00000 with nDCG@10=0.018239963799715042 and params={'embedding_size': 64, 'n_layers': 3, 'reg_weight': 0.0001, 'batch_size': 4096, 'epochs': 1000, 'learning_rate': 0.001}
╭───────────────────────────────────────────────────────────────────────────────────────────────────────────────────────────────────────────────────────────────────────────────────────────────────────────────────────╮
│ Trial name                          status       embedding_size     n_layers     reg_weight     batch_size     epochs     learning_rate     iter     total time (s)     nDCG@10     Recall@10      EPC@10     Gini@10 │
├───────────────────────────────────────────────────────────────────────────────────────────────────────────────────────────────────────────────────────────────────────────────────────────────────────────────────────┤
│ LightGCN_LyricalMacaqueOfEmphasis   RUNNING                  64            3         0.0001           4096       1000             0.001       43            2371.32     0.01824     0.0167597   0.0150277    0.993618 │
╰───────────────────────────────────────────────────────────────────────────────────────────────────────────────────────────────────────────────────────────────────────────────────────────────────────────────────────╯[36m(RayTrainWorker pid=4028311)[0m Checkpoint successfully created at: Checkpoint(filesystem=local, path=/home/vincenzo/warprec/experiment/lightgcn/amazon_book/amazon_book/ray_results/ray_train_trial_id=91fef_00000/checkpoint_2026-08-03_14-04-28.084197)
[36m(RayTrainWorker pid=4028311)[0m Reporting training result 44: TrainingReport(checkpoint=Checkpoint(filesystem=local, path=/home/vincenzo/warprec/experiment/lightgcn/amazon_book/amazon_book/ray_results/ray_train_trial_id=91fef_00000/checkpoint_2026-08-03_14-04-28.084197), metrics={'nDCG@10': 0.018288321793079376, 'Recall@10': 0.0168104637414217, 'EPC@10': 0.01505852211266756, 'Gini@10': 0.9933915734291077, 'best_nDCG@10': 0.018288321793079376, 'loss': 0.0466068759560585, 'ram_peak_mb': 9603.9375, 'vram_peak_mb': 2104.5927734375, 'epoch': 43, 'step': 25608}, validation_spec=None)
[36m(RayTrainWorker pid=4028311)[0m Checkpoint successfully created at: Checkpoint(filesystem=local, path=/home/vincenzo/warprec/experiment/lightgcn/amazon_book/amazon_book/ray_results/ray_train_trial_id=91fef_00000/checkpoint_2026-08-03_14-05-22.792171)
[36m(RayTrainWorker pid=4028311)[0m Reporting training result 45: TrainingReport(checkpoint=Checkpoint(filesystem=local, path=/home/vincenzo/warprec/experiment/lightgcn/amazon_book/amazon_book/ray_results/ray_train_trial_id=91fef_00000/checkpoint_2026-08-03_14-05-22.792171), metrics={'nDCG@10': 0.018378663808107376, 'Recall@10': 0.016942830756306648, 'EPC@10': 0.015126686543226242, 'Gini@10': 0.9931442737579346, 'best_nDCG@10': 0.018378663808107376, 'loss': 0.04605987295508385, 'ram_peak_mb': 9603.01953125, 'vram_peak_mb': 2104.5927734375, 'epoch': 44, 'step': 26190}, validation_spec=None)

Trial status: 1 RUNNING
Current time: 2026-08-03 14:04:57. Total running time: 41min 4s
Logical resource usage: 0.05/12 CPUs, 0/2 GPUs (0.0/1.0 accelerator_type:G)
Current best trial: 91fef_00000 with nDCG@10=0.018288321793079376 and params={'embedding_size': 64, 'n_layers': 3, 'reg_weight': 0.0001, 'batch_size': 4096, 'epochs': 1000, 'learning_rate': 0.001}
╭───────────────────────────────────────────────────────────────────────────────────────────────────────────────────────────────────────────────────────────────────────────────────────────────────────────────────────╮
│ Trial name                          status       embedding_size     n_layers     reg_weight     batch_size     epochs     learning_rate     iter     total time (s)     nDCG@10     Recall@10      EPC@10     Gini@10 │
├───────────────────────────────────────────────────────────────────────────────────────────────────────────────────────────────────────────────────────────────────────────────────────────────────────────────────────┤
│ LightGCN_LyricalMacaqueOfEmphasis   RUNNING                  64            3         0.0001           4096       1000             0.001       44            2425.65   0.0182883     0.0168105   0.0150585    0.993392 │
╰───────────────────────────────────────────────────────────────────────────────────────────────────────────────────────────────────────────────────────────────────────────────────────────────────────────────────────╯
Trial status: 1 RUNNING
Current time: 2026-08-03 14:05:27. Total running time: 41min 34s
Logical resource usage: 0.05/12 CPUs, 0/2 GPUs (0.0/1.0 accelerator_type:G)
Current best trial: 91fef_00000 with nDCG@10=0.018378663808107376 and params={'embedding_size': 64, 'n_layers': 3, 'reg_weight': 0.0001, 'batch_size': 4096, 'epochs': 1000, 'learning_rate': 0.001}
╭───────────────────────────────────────────────────────────────────────────────────────────────────────────────────────────────────────────────────────────────────────────────────────────────────────────────────────╮
│ Trial name                          status       embedding_size     n_layers     reg_weight     batch_size     epochs     learning_rate     iter     total time (s)     nDCG@10     Recall@10      EPC@10     Gini@10 │
├───────────────────────────────────────────────────────────────────────────────────────────────────────────────────────────────────────────────────────────────────────────────────────────────────────────────────────┤
│ LightGCN_LyricalMacaqueOfEmphasis   RUNNING                  64            3         0.0001           4096       1000             0.001       45            2479.98   0.0183787     0.0169428   0.0151267    0.993144 │
╰───────────────────────────────────────────────────────────────────────────────────────────────────────────────────────────────────────────────────────────────────────────────────────────────────────────────────────╯
Trial status: 1 RUNNING
Current time: 2026-08-03 14:05:57. Total running time: 42min 4s
Logical resource usage: 0.05/12 CPUs, 0/2 GPUs (0.0/1.0 accelerator_type:G)
Current best trial: 91fef_00000 with nDCG@10=0.018378663808107376 and params={'embedding_size': 64, 'n_layers': 3, 'reg_weight': 0.0001, 'batch_size': 4096, 'epochs': 1000, 'learning_rate': 0.001}
╭───────────────────────────────────────────────────────────────────────────────────────────────────────────────────────────────────────────────────────────────────────────────────────────────────────────────────────╮
│ Trial name                          status       embedding_size     n_layers     reg_weight     batch_size     epochs     learning_rate     iter     total time (s)     nDCG@10     Recall@10      EPC@10     Gini@10 │
├───────────────────────────────────────────────────────────────────────────────────────────────────────────────────────────────────────────────────────────────────────────────────────────────────────────────────────┤
│ LightGCN_LyricalMacaqueOfEmphasis   RUNNING                  64            3         0.0001           4096       1000             0.001       45            2479.98   0.0183787     0.0169428   0.0151267    0.993144 │
╰───────────────────────────────────────────────────────────────────────────────────────────────────────────────────────────────────────────────────────────────────────────────────────────────────────────────────────╯[36m(RayTrainWorker pid=4028311)[0m Checkpoint successfully created at: Checkpoint(filesystem=local, path=/home/vincenzo/warprec/experiment/lightgcn/amazon_book/amazon_book/ray_results/ray_train_trial_id=91fef_00000/checkpoint_2026-08-03_14-06-17.297487)
[36m(RayTrainWorker pid=4028311)[0m Reporting training result 46: TrainingReport(checkpoint=Checkpoint(filesystem=local, path=/home/vincenzo/warprec/experiment/lightgcn/amazon_book/amazon_book/ray_results/ray_train_trial_id=91fef_00000/checkpoint_2026-08-03_14-06-17.297487), metrics={'nDCG@10': 0.01852503977715969, 'Recall@10': 0.0171239972114563, 'EPC@10': 0.015240908600389957, 'Gini@10': 0.9929283857345581, 'best_nDCG@10': 0.01852503977715969, 'loss': 0.04523288458585739, 'ram_peak_mb': 9603.05859375, 'vram_peak_mb': 2104.5927734375, 'epoch': 45, 'step': 26772}, validation_spec=None)
[36m(RayTrainWorker pid=4028311)[0m Checkpoint successfully created at: Checkpoint(filesystem=local, path=/home/vincenzo/warprec/experiment/lightgcn/amazon_book/amazon_book/ray_results/ray_train_trial_id=91fef_00000/checkpoint_2026-08-03_14-07-11.608041)
[36m(RayTrainWorker pid=4028311)[0m Reporting training result 47: TrainingReport(checkpoint=Checkpoint(filesystem=local, path=/home/vincenzo/warprec/experiment/lightgcn/amazon_book/amazon_book/ray_results/ray_train_trial_id=91fef_00000/checkpoint_2026-08-03_14-07-11.608041), metrics={'nDCG@10': 0.018572082743048668, 'Recall@10': 0.017143085598945618, 'EPC@10': 0.01528160274028778, 'Gini@10': 0.992678701877594, 'best_nDCG@10': 0.018572082743048668, 'loss': 0.04442023113369942, 'ram_peak_mb': 9603.08203125, 'vram_peak_mb': 2104.5927734375, 'epoch': 46, 'step': 27354}, validation_spec=None)

Trial status: 1 RUNNING
Current time: 2026-08-03 14:06:27. Total running time: 42min 34s
Logical resource usage: 0.05/12 CPUs, 0/2 GPUs (0.0/1.0 accelerator_type:G)
Current best trial: 91fef_00000 with nDCG@10=0.01852503977715969 and params={'embedding_size': 64, 'n_layers': 3, 'reg_weight': 0.0001, 'batch_size': 4096, 'epochs': 1000, 'learning_rate': 0.001}
╭───────────────────────────────────────────────────────────────────────────────────────────────────────────────────────────────────────────────────────────────────────────────────────────────────────────────────────╮
│ Trial name                          status       embedding_size     n_layers     reg_weight     batch_size     epochs     learning_rate     iter     total time (s)     nDCG@10     Recall@10      EPC@10     Gini@10 │
├───────────────────────────────────────────────────────────────────────────────────────────────────────────────────────────────────────────────────────────────────────────────────────────────────────────────────────┤
│ LightGCN_LyricalMacaqueOfEmphasis   RUNNING                  64            3         0.0001           4096       1000             0.001       46            2534.33    0.018525      0.017124   0.0152409    0.992928 │
╰───────────────────────────────────────────────────────────────────────────────────────────────────────────────────────────────────────────────────────────────────────────────────────────────────────────────────────╯
Trial status: 1 RUNNING
Current time: 2026-08-03 14:06:57. Total running time: 43min 4s
Logical resource usage: 0.05/12 CPUs, 0/2 GPUs (0.0/1.0 accelerator_type:G)
Current best trial: 91fef_00000 with nDCG@10=0.01852503977715969 and params={'embedding_size': 64, 'n_layers': 3, 'reg_weight': 0.0001, 'batch_size': 4096, 'epochs': 1000, 'learning_rate': 0.001}
╭───────────────────────────────────────────────────────────────────────────────────────────────────────────────────────────────────────────────────────────────────────────────────────────────────────────────────────╮
│ Trial name                          status       embedding_size     n_layers     reg_weight     batch_size     epochs     learning_rate     iter     total time (s)     nDCG@10     Recall@10      EPC@10     Gini@10 │
├───────────────────────────────────────────────────────────────────────────────────────────────────────────────────────────────────────────────────────────────────────────────────────────────────────────────────────┤
│ LightGCN_LyricalMacaqueOfEmphasis   RUNNING                  64            3         0.0001           4096       1000             0.001       46            2534.33    0.018525      0.017124   0.0152409    0.992928 │
╰───────────────────────────────────────────────────────────────────────────────────────────────────────────────────────────────────────────────────────────────────────────────────────────────────────────────────────╯
Trial status: 1 RUNNING
Current time: 2026-08-03 14:07:27. Total running time: 43min 34s
Logical resource usage: 0.05/12 CPUs, 0/2 GPUs (0.0/1.0 accelerator_type:G)
Current best trial: 91fef_00000 with nDCG@10=0.018572082743048668 and params={'embedding_size': 64, 'n_layers': 3, 'reg_weight': 0.0001, 'batch_size': 4096, 'epochs': 1000, 'learning_rate': 0.001}
╭───────────────────────────────────────────────────────────────────────────────────────────────────────────────────────────────────────────────────────────────────────────────────────────────────────────────────────╮
│ Trial name                          status       embedding_size     n_layers     reg_weight     batch_size     epochs     learning_rate     iter     total time (s)     nDCG@10     Recall@10      EPC@10     Gini@10 │
├───────────────────────────────────────────────────────────────────────────────────────────────────────────────────────────────────────────────────────────────────────────────────────────────────────────────────────┤
│ LightGCN_LyricalMacaqueOfEmphasis   RUNNING                  64            3         0.0001           4096       1000             0.001       47            2588.68   0.0185721     0.0171431   0.0152816    0.992679 │
╰───────────────────────────────────────────────────────────────────────────────────────────────────────────────────────────────────────────────────────────────────────────────────────────────────────────────────────╯[36m(RayTrainWorker pid=4028311)[0m Checkpoint successfully created at: Checkpoint(filesystem=local, path=/home/vincenzo/warprec/experiment/lightgcn/amazon_book/amazon_book/ray_results/ray_train_trial_id=91fef_00000/checkpoint_2026-08-03_14-08-06.022880)
[36m(RayTrainWorker pid=4028311)[0m Reporting training result 48: TrainingReport(checkpoint=Checkpoint(filesystem=local, path=/home/vincenzo/warprec/experiment/lightgcn/amazon_book/amazon_book/ray_results/ray_train_trial_id=91fef_00000/checkpoint_2026-08-03_14-08-06.022880), metrics={'nDCG@10': 0.018667425960302353, 'Recall@10': 0.017252054065465927, 'EPC@10': 0.015359160490334034, 'Gini@10': 0.9924532771110535, 'best_nDCG@10': 0.018667425960302353, 'loss': 0.04364204406738281, 'ram_peak_mb': 9603.09765625, 'vram_peak_mb': 2104.5927734375, 'epoch': 47, 'step': 27936}, validation_spec=None)

Trial status: 1 RUNNING
Current time: 2026-08-03 14:07:57. Total running time: 44min 5s
Logical resource usage: 0.05/12 CPUs, 0/2 GPUs (0.0/1.0 accelerator_type:G)
Current best trial: 91fef_00000 with nDCG@10=0.018572082743048668 and params={'embedding_size': 64, 'n_layers': 3, 'reg_weight': 0.0001, 'batch_size': 4096, 'epochs': 1000, 'learning_rate': 0.001}
╭───────────────────────────────────────────────────────────────────────────────────────────────────────────────────────────────────────────────────────────────────────────────────────────────────────────────────────╮
│ Trial name                          status       embedding_size     n_layers     reg_weight     batch_size     epochs     learning_rate     iter     total time (s)     nDCG@10     Recall@10      EPC@10     Gini@10 │
├───────────────────────────────────────────────────────────────────────────────────────────────────────────────────────────────────────────────────────────────────────────────────────────────────────────────────────┤
│ LightGCN_LyricalMacaqueOfEmphasis   RUNNING                  64            3         0.0001           4096       1000             0.001       47            2588.68   0.0185721     0.0171431   0.0152816    0.992679 │
╰───────────────────────────────────────────────────────────────────────────────────────────────────────────────────────────────────────────────────────────────────────────────────────────────────────────────────────╯
Trial status: 1 RUNNING
Current time: 2026-08-03 14:08:27. Total running time: 44min 35s
Logical resource usage: 0.05/12 CPUs, 0/2 GPUs (0.0/1.0 accelerator_type:G)
Current best trial: 91fef_00000 with nDCG@10=0.018667425960302353 and params={'embedding_size': 64, 'n_layers': 3, 'reg_weight': 0.0001, 'batch_size': 4096, 'epochs': 1000, 'learning_rate': 0.001}
╭───────────────────────────────────────────────────────────────────────────────────────────────────────────────────────────────────────────────────────────────────────────────────────────────────────────────────────╮
│ Trial name                          status       embedding_size     n_layers     reg_weight     batch_size     epochs     learning_rate     iter     total time (s)     nDCG@10     Recall@10      EPC@10     Gini@10 │
├───────────────────────────────────────────────────────────────────────────────────────────────────────────────────────────────────────────────────────────────────────────────────────────────────────────────────────┤
│ LightGCN_LyricalMacaqueOfEmphasis   RUNNING                  64            3         0.0001           4096       1000             0.001       48            2643.24   0.0186674     0.0172521   0.0153592    0.992453 │
╰───────────────────────────────────────────────────────────────────────────────────────────────────────────────────────────────────────────────────────────────────────────────────────────────────────────────────────╯
Trial status: 1 RUNNING
Current time: 2026-08-03 14:08:57. Total running time: 45min 5s
Logical resource usage: 0.05/12 CPUs, 0/2 GPUs (0.0/1.0 accelerator_type:G)
Current best trial: 91fef_00000 with nDCG@10=0.018667425960302353 and params={'embedding_size': 64, 'n_layers': 3, 'reg_weight': 0.0001, 'batch_size': 4096, 'epochs': 1000, 'learning_rate': 0.001}
╭───────────────────────────────────────────────────────────────────────────────────────────────────────────────────────────────────────────────────────────────────────────────────────────────────────────────────────╮
│ Trial name                          status       embedding_size     n_layers     reg_weight     batch_size     epochs     learning_rate     iter     total time (s)     nDCG@10     Recall@10      EPC@10     Gini@10 │
├───────────────────────────────────────────────────────────────────────────────────────────────────────────────────────────────────────────────────────────────────────────────────────────────────────────────────────┤
│ LightGCN_LyricalMacaqueOfEmphasis   RUNNING                  64            3         0.0001           4096       1000             0.001       48            2643.24   0.0186674     0.0172521   0.0153592    0.992453 │
╰───────────────────────────────────────────────────────────────────────────────────────────────────────────────────────────────────────────────────────────────────────────────────────────────────────────────────────╯[36m(RayTrainWorker pid=4028311)[0m Checkpoint successfully created at: Checkpoint(filesystem=local, path=/home/vincenzo/warprec/experiment/lightgcn/amazon_book/amazon_book/ray_results/ray_train_trial_id=91fef_00000/checkpoint_2026-08-03_14-09-00.891021)
[36m(RayTrainWorker pid=4028311)[0m Reporting training result 49: TrainingReport(checkpoint=Checkpoint(filesystem=local, path=/home/vincenzo/warprec/experiment/lightgcn/amazon_book/amazon_book/ray_results/ray_train_trial_id=91fef_00000/checkpoint_2026-08-03_14-09-00.891021), metrics={'nDCG@10': 0.018716711550951004, 'Recall@10': 0.017308782786130905, 'EPC@10': 0.015405411832034588, 'Gini@10': 0.9922311305999756, 'best_nDCG@10': 0.018716711550951004, 'loss': 0.04341554641723633, 'ram_peak_mb': 9603.1484375, 'vram_peak_mb': 2104.5927734375, 'epoch': 48, 'step': 28518}, validation_spec=None)
[36m(RayTrainWorker pid=4028311)[0m Checkpoint successfully created at: Checkpoint(filesystem=local, path=/home/vincenzo/warprec/experiment/lightgcn/amazon_book/amazon_book/ray_results/ray_train_trial_id=91fef_00000/checkpoint_2026-08-03_14-09-55.441427)
[36m(RayTrainWorker pid=4028311)[0m Reporting training result 50: TrainingReport(checkpoint=Checkpoint(filesystem=local, path=/home/vincenzo/warprec/experiment/lightgcn/amazon_book/amazon_book/ray_results/ray_train_trial_id=91fef_00000/checkpoint_2026-08-03_14-09-55.441427), metrics={'nDCG@10': 0.018758060410618782, 'Recall@10': 0.017344839870929718, 'EPC@10': 0.015432970598340034, 'Gini@10': 0.9919300079345703, 'best_nDCG@10': 0.018758060410618782, 'loss': 0.04275602474808693, 'ram_peak_mb': 9603.1640625, 'vram_peak_mb': 2104.5927734375, 'epoch': 49, 'step': 29100}, validation_spec=None)

Trial status: 1 RUNNING
Current time: 2026-08-03 14:09:27. Total running time: 45min 35s
Logical resource usage: 0.05/12 CPUs, 0/2 GPUs (0.0/1.0 accelerator_type:G)
Current best trial: 91fef_00000 with nDCG@10=0.018716711550951004 and params={'embedding_size': 64, 'n_layers': 3, 'reg_weight': 0.0001, 'batch_size': 4096, 'epochs': 1000, 'learning_rate': 0.001}
╭───────────────────────────────────────────────────────────────────────────────────────────────────────────────────────────────────────────────────────────────────────────────────────────────────────────────────────╮
│ Trial name                          status       embedding_size     n_layers     reg_weight     batch_size     epochs     learning_rate     iter     total time (s)     nDCG@10     Recall@10      EPC@10     Gini@10 │
├───────────────────────────────────────────────────────────────────────────────────────────────────────────────────────────────────────────────────────────────────────────────────────────────────────────────────────┤
│ LightGCN_LyricalMacaqueOfEmphasis   RUNNING                  64            3         0.0001           4096       1000             0.001       49            2697.47   0.0187167     0.0173088   0.0154054    0.992231 │
╰───────────────────────────────────────────────────────────────────────────────────────────────────────────────────────────────────────────────────────────────────────────────────────────────────────────────────────╯
Trial status: 1 RUNNING
Current time: 2026-08-03 14:09:57. Total running time: 46min 5s
Logical resource usage: 0.05/12 CPUs, 0/2 GPUs (0.0/1.0 accelerator_type:G)
Current best trial: 91fef_00000 with nDCG@10=0.018758060410618782 and params={'embedding_size': 64, 'n_layers': 3, 'reg_weight': 0.0001, 'batch_size': 4096, 'epochs': 1000, 'learning_rate': 0.001}
╭──────────────────────────────────────────────────────────────────────────────────────────────────────────────────────────────────────────────────────────────────────────────────────────────────────────────────────╮
│ Trial name                          status       embedding_size     n_layers     reg_weight     batch_size     epochs     learning_rate     iter     total time (s)     nDCG@10     Recall@10     EPC@10     Gini@10 │
├──────────────────────────────────────────────────────────────────────────────────────────────────────────────────────────────────────────────────────────────────────────────────────────────────────────────────────┤
│ LightGCN_LyricalMacaqueOfEmphasis   RUNNING                  64            3         0.0001           4096       1000             0.001       50            2751.82   0.0187581     0.0173448   0.015433     0.99193 │
╰──────────────────────────────────────────────────────────────────────────────────────────────────────────────────────────────────────────────────────────────────────────────────────────────────────────────────────╯
Trial status: 1 RUNNING
Current time: 2026-08-03 14:10:27. Total running time: 46min 35s
Logical resource usage: 0.05/12 CPUs, 0/2 GPUs (0.0/1.0 accelerator_type:G)
Current best trial: 91fef_00000 with nDCG@10=0.018758060410618782 and params={'embedding_size': 64, 'n_layers': 3, 'reg_weight': 0.0001, 'batch_size': 4096, 'epochs': 1000, 'learning_rate': 0.001}
╭──────────────────────────────────────────────────────────────────────────────────────────────────────────────────────────────────────────────────────────────────────────────────────────────────────────────────────╮
│ Trial name                          status       embedding_size     n_layers     reg_weight     batch_size     epochs     learning_rate     iter     total time (s)     nDCG@10     Recall@10     EPC@10     Gini@10 │
├──────────────────────────────────────────────────────────────────────────────────────────────────────────────────────────────────────────────────────────────────────────────────────────────────────────────────────┤
│ LightGCN_LyricalMacaqueOfEmphasis   RUNNING                  64            3         0.0001           4096       1000             0.001       50            2751.82   0.0187581     0.0173448   0.015433     0.99193 │
╰──────────────────────────────────────────────────────────────────────────────────────────────────────────────────────────────────────────────────────────────────────────────────────────────────────────────────────╯[36m(RayTrainWorker pid=4028311)[0m Checkpoint successfully created at: Checkpoint(filesystem=local, path=/home/vincenzo/warprec/experiment/lightgcn/amazon_book/amazon_book/ray_results/ray_train_trial_id=91fef_00000/checkpoint_2026-08-03_14-10-49.393631)
[36m(RayTrainWorker pid=4028311)[0m Reporting training result 51: TrainingReport(checkpoint=Checkpoint(filesystem=local, path=/home/vincenzo/warprec/experiment/lightgcn/amazon_book/amazon_book/ray_results/ray_train_trial_id=91fef_00000/checkpoint_2026-08-03_14-10-49.393631), metrics={'nDCG@10': 0.01881350204348564, 'Recall@10': 0.01737801544368267, 'EPC@10': 0.015483490191400051, 'Gini@10': 0.9916691184043884, 'best_nDCG@10': 0.01881350204348564, 'loss': 0.04210687801241875, 'ram_peak_mb': 9603.19140625, 'vram_peak_mb': 2104.5927734375, 'epoch': 50, 'step': 29682}, validation_spec=None)
[36m(RayTrainWorker pid=4028311)[0m Checkpoint successfully created at: Checkpoint(filesystem=local, path=/home/vincenzo/warprec/experiment/lightgcn/amazon_book/amazon_book/ray_results/ray_train_trial_id=91fef_00000/checkpoint_2026-08-03_14-11-44.046568)
[36m(RayTrainWorker pid=4028311)[0m Reporting training result 52: TrainingReport(checkpoint=Checkpoint(filesystem=local, path=/home/vincenzo/warprec/experiment/lightgcn/amazon_book/amazon_book/ray_results/ray_train_trial_id=91fef_00000/checkpoint_2026-08-03_14-11-44.046568), metrics={'nDCG@10': 0.018893970176577568, 'Recall@10': 0.017458438873291016, 'EPC@10': 0.015548883005976677, 'Gini@10': 0.9913671612739563, 'best_nDCG@10': 0.018893970176577568, 'loss': 0.04153909906744957, 'ram_peak_mb': 9603.22265625, 'vram_peak_mb': 2104.5927734375, 'epoch': 51, 'step': 30264}, validation_spec=None)

Trial status: 1 RUNNING
Current time: 2026-08-03 14:10:57. Total running time: 47min 5s
Logical resource usage: 0.05/12 CPUs, 0/2 GPUs (0.0/1.0 accelerator_type:G)
Current best trial: 91fef_00000 with nDCG@10=0.01881350204348564 and params={'embedding_size': 64, 'n_layers': 3, 'reg_weight': 0.0001, 'batch_size': 4096, 'epochs': 1000, 'learning_rate': 0.001}
╭───────────────────────────────────────────────────────────────────────────────────────────────────────────────────────────────────────────────────────────────────────────────────────────────────────────────────────╮
│ Trial name                          status       embedding_size     n_layers     reg_weight     batch_size     epochs     learning_rate     iter     total time (s)     nDCG@10     Recall@10      EPC@10     Gini@10 │
├───────────────────────────────────────────────────────────────────────────────────────────────────────────────────────────────────────────────────────────────────────────────────────────────────────────────────────┤
│ LightGCN_LyricalMacaqueOfEmphasis   RUNNING                  64            3         0.0001           4096       1000             0.001       51            2806.16   0.0188135      0.017378   0.0154835    0.991669 │
╰───────────────────────────────────────────────────────────────────────────────────────────────────────────────────────────────────────────────────────────────────────────────────────────────────────────────────────╯
Trial status: 1 RUNNING
Current time: 2026-08-03 14:11:28. Total running time: 47min 35s
Logical resource usage: 0.05/12 CPUs, 0/2 GPUs (0.0/1.0 accelerator_type:G)
Current best trial: 91fef_00000 with nDCG@10=0.01881350204348564 and params={'embedding_size': 64, 'n_layers': 3, 'reg_weight': 0.0001, 'batch_size': 4096, 'epochs': 1000, 'learning_rate': 0.001}
╭───────────────────────────────────────────────────────────────────────────────────────────────────────────────────────────────────────────────────────────────────────────────────────────────────────────────────────╮
│ Trial name                          status       embedding_size     n_layers     reg_weight     batch_size     epochs     learning_rate     iter     total time (s)     nDCG@10     Recall@10      EPC@10     Gini@10 │
├───────────────────────────────────────────────────────────────────────────────────────────────────────────────────────────────────────────────────────────────────────────────────────────────────────────────────────┤
│ LightGCN_LyricalMacaqueOfEmphasis   RUNNING                  64            3         0.0001           4096       1000             0.001       51            2806.16   0.0188135      0.017378   0.0154835    0.991669 │
╰───────────────────────────────────────────────────────────────────────────────────────────────────────────────────────────────────────────────────────────────────────────────────────────────────────────────────────╯
Trial status: 1 RUNNING
Current time: 2026-08-03 14:11:58. Total running time: 48min 5s
Logical resource usage: 0.05/12 CPUs, 0/2 GPUs (0.0/1.0 accelerator_type:G)
Current best trial: 91fef_00000 with nDCG@10=0.018893970176577568 and params={'embedding_size': 64, 'n_layers': 3, 'reg_weight': 0.0001, 'batch_size': 4096, 'epochs': 1000, 'learning_rate': 0.001}
╭───────────────────────────────────────────────────────────────────────────────────────────────────────────────────────────────────────────────────────────────────────────────────────────────────────────────────────╮
│ Trial name                          status       embedding_size     n_layers     reg_weight     batch_size     epochs     learning_rate     iter     total time (s)     nDCG@10     Recall@10      EPC@10     Gini@10 │
├───────────────────────────────────────────────────────────────────────────────────────────────────────────────────────────────────────────────────────────────────────────────────────────────────────────────────────┤
│ LightGCN_LyricalMacaqueOfEmphasis   RUNNING                  64            3         0.0001           4096       1000             0.001       52            2860.78    0.018894     0.0174584   0.0155489    0.991367 │
╰───────────────────────────────────────────────────────────────────────────────────────────────────────────────────────────────────────────────────────────────────────────────────────────────────────────────────────╯[36m(RayTrainWorker pid=4028311)[0m Checkpoint successfully created at: Checkpoint(filesystem=local, path=/home/vincenzo/warprec/experiment/lightgcn/amazon_book/amazon_book/ray_results/ray_train_trial_id=91fef_00000/checkpoint_2026-08-03_14-12-38.460424)
[36m(RayTrainWorker pid=4028311)[0m Reporting training result 53: TrainingReport(checkpoint=Checkpoint(filesystem=local, path=/home/vincenzo/warprec/experiment/lightgcn/amazon_book/amazon_book/ray_results/ray_train_trial_id=91fef_00000/checkpoint_2026-08-03_14-12-38.460424), metrics={'nDCG@10': 0.018932858482003212, 'Recall@10': 0.01750819757580757, 'EPC@10': 0.015578622929751873, 'Gini@10': 0.9910633563995361, 'best_nDCG@10': 0.018932858482003212, 'loss': 0.04121285304427147, 'ram_peak_mb': 9603.23828125, 'vram_peak_mb': 2104.5927734375, 'epoch': 52, 'step': 30846}, validation_spec=None)

Trial status: 1 RUNNING
Current time: 2026-08-03 14:12:28. Total running time: 48min 35s
Logical resource usage: 0.05/12 CPUs, 0/2 GPUs (0.0/1.0 accelerator_type:G)
Current best trial: 91fef_00000 with nDCG@10=0.018893970176577568 and params={'embedding_size': 64, 'n_layers': 3, 'reg_weight': 0.0001, 'batch_size': 4096, 'epochs': 1000, 'learning_rate': 0.001}
╭───────────────────────────────────────────────────────────────────────────────────────────────────────────────────────────────────────────────────────────────────────────────────────────────────────────────────────╮
│ Trial name                          status       embedding_size     n_layers     reg_weight     batch_size     epochs     learning_rate     iter     total time (s)     nDCG@10     Recall@10      EPC@10     Gini@10 │
├───────────────────────────────────────────────────────────────────────────────────────────────────────────────────────────────────────────────────────────────────────────────────────────────────────────────────────┤
│ LightGCN_LyricalMacaqueOfEmphasis   RUNNING                  64            3         0.0001           4096       1000             0.001       52            2860.78    0.018894     0.0174584   0.0155489    0.991367 │
╰───────────────────────────────────────────────────────────────────────────────────────────────────────────────────────────────────────────────────────────────────────────────────────────────────────────────────────╯
Trial status: 1 RUNNING
Current time: 2026-08-03 14:12:58. Total running time: 49min 5s
Logical resource usage: 0.05/12 CPUs, 0/2 GPUs (0.0/1.0 accelerator_type:G)
Current best trial: 91fef_00000 with nDCG@10=0.018932858482003212 and params={'embedding_size': 64, 'n_layers': 3, 'reg_weight': 0.0001, 'batch_size': 4096, 'epochs': 1000, 'learning_rate': 0.001}
╭───────────────────────────────────────────────────────────────────────────────────────────────────────────────────────────────────────────────────────────────────────────────────────────────────────────────────────╮
│ Trial name                          status       embedding_size     n_layers     reg_weight     batch_size     epochs     learning_rate     iter     total time (s)     nDCG@10     Recall@10      EPC@10     Gini@10 │
├───────────────────────────────────────────────────────────────────────────────────────────────────────────────────────────────────────────────────────────────────────────────────────────────────────────────────────┤
│ LightGCN_LyricalMacaqueOfEmphasis   RUNNING                  64            3         0.0001           4096       1000             0.001       53            2914.95   0.0189329     0.0175082   0.0155786    0.991063 │
╰───────────────────────────────────────────────────────────────────────────────────────────────────────────────────────────────────────────────────────────────────────────────────────────────────────────────────────╯
Trial status: 1 RUNNING
Current time: 2026-08-03 14:13:28. Total running time: 49min 35s
Logical resource usage: 0.05/12 CPUs, 0/2 GPUs (0.0/1.0 accelerator_type:G)
Current best trial: 91fef_00000 with nDCG@10=0.018932858482003212 and params={'embedding_size': 64, 'n_layers': 3, 'reg_weight': 0.0001, 'batch_size': 4096, 'epochs': 1000, 'learning_rate': 0.001}
╭───────────────────────────────────────────────────────────────────────────────────────────────────────────────────────────────────────────────────────────────────────────────────────────────────────────────────────╮
│ Trial name                          status       embedding_size     n_layers     reg_weight     batch_size     epochs     learning_rate     iter     total time (s)     nDCG@10     Recall@10      EPC@10     Gini@10 │
├───────────────────────────────────────────────────────────────────────────────────────────────────────────────────────────────────────────────────────────────────────────────────────────────────────────────────────┤
│ LightGCN_LyricalMacaqueOfEmphasis   RUNNING                  64            3         0.0001           4096       1000             0.001       53            2914.95   0.0189329     0.0175082   0.0155786    0.991063 │
╰───────────────────────────────────────────────────────────────────────────────────────────────────────────────────────────────────────────────────────────────────────────────────────────────────────────────────────╯[36m(RayTrainWorker pid=4028311)[0m Checkpoint successfully created at: Checkpoint(filesystem=local, path=/home/vincenzo/warprec/experiment/lightgcn/amazon_book/amazon_book/ray_results/ray_train_trial_id=91fef_00000/checkpoint_2026-08-03_14-13-33.585808)
[36m(RayTrainWorker pid=4028311)[0m Reporting training result 54: TrainingReport(checkpoint=Checkpoint(filesystem=local, path=/home/vincenzo/warprec/experiment/lightgcn/amazon_book/amazon_book/ray_results/ray_train_trial_id=91fef_00000/checkpoint_2026-08-03_14-13-33.585808), metrics={'nDCG@10': 0.018951384350657463, 'Recall@10': 0.017491279169917107, 'EPC@10': 0.015599890612065792, 'Gini@10': 0.9907684326171875, 'best_nDCG@10': 0.018951384350657463, 'loss': 0.040553949773311615, 'ram_peak_mb': 10115.23046875, 'vram_peak_mb': 2104.5927734375, 'epoch': 53, 'step': 31428}, validation_spec=None)
[36m(RayTrainWorker pid=4028311)[0m Checkpoint successfully created at: Checkpoint(filesystem=local, path=/home/vincenzo/warprec/experiment/lightgcn/amazon_book/amazon_book/ray_results/ray_train_trial_id=91fef_00000/checkpoint_2026-08-03_14-14-28.030126)
[36m(RayTrainWorker pid=4028311)[0m Reporting training result 55: TrainingReport(checkpoint=Checkpoint(filesystem=local, path=/home/vincenzo/warprec/experiment/lightgcn/amazon_book/amazon_book/ray_results/ray_train_trial_id=91fef_00000/checkpoint_2026-08-03_14-14-28.030126), metrics={'nDCG@10': 0.01906709000468254, 'Recall@10': 0.017551271244883537, 'EPC@10': 0.01570085436105728, 'Gini@10': 0.9904960989952087, 'best_nDCG@10': 0.01906709000468254, 'loss': 0.039837583899497986, 'ram_peak_mb': 10115.26171875, 'vram_peak_mb': 2104.5927734375, 'epoch': 54, 'step': 32010}, validation_spec=None)

Trial status: 1 RUNNING
Current time: 2026-08-03 14:13:58. Total running time: 50min 5s
Logical resource usage: 0.05/12 CPUs, 0/2 GPUs (0.0/1.0 accelerator_type:G)
Current best trial: 91fef_00000 with nDCG@10=0.018951384350657463 and params={'embedding_size': 64, 'n_layers': 3, 'reg_weight': 0.0001, 'batch_size': 4096, 'epochs': 1000, 'learning_rate': 0.001}
╭───────────────────────────────────────────────────────────────────────────────────────────────────────────────────────────────────────────────────────────────────────────────────────────────────────────────────────╮
│ Trial name                          status       embedding_size     n_layers     reg_weight     batch_size     epochs     learning_rate     iter     total time (s)     nDCG@10     Recall@10      EPC@10     Gini@10 │
├───────────────────────────────────────────────────────────────────────────────────────────────────────────────────────────────────────────────────────────────────────────────────────────────────────────────────────┤
│ LightGCN_LyricalMacaqueOfEmphasis   RUNNING                  64            3         0.0001           4096       1000             0.001       54            2971.32   0.0189514     0.0174913   0.0155999    0.990768 │
╰───────────────────────────────────────────────────────────────────────────────────────────────────────────────────────────────────────────────────────────────────────────────────────────────────────────────────────╯
Trial status: 1 RUNNING
Current time: 2026-08-03 14:14:28. Total running time: 50min 35s
Logical resource usage: 0.05/12 CPUs, 0/2 GPUs (0.0/1.0 accelerator_type:G)
Current best trial: 91fef_00000 with nDCG@10=0.018951384350657463 and params={'embedding_size': 64, 'n_layers': 3, 'reg_weight': 0.0001, 'batch_size': 4096, 'epochs': 1000, 'learning_rate': 0.001}
╭───────────────────────────────────────────────────────────────────────────────────────────────────────────────────────────────────────────────────────────────────────────────────────────────────────────────────────╮
│ Trial name                          status       embedding_size     n_layers     reg_weight     batch_size     epochs     learning_rate     iter     total time (s)     nDCG@10     Recall@10      EPC@10     Gini@10 │
├───────────────────────────────────────────────────────────────────────────────────────────────────────────────────────────────────────────────────────────────────────────────────────────────────────────────────────┤
│ LightGCN_LyricalMacaqueOfEmphasis   RUNNING                  64            3         0.0001           4096       1000             0.001       54            2971.32   0.0189514     0.0174913   0.0155999    0.990768 │
╰───────────────────────────────────────────────────────────────────────────────────────────────────────────────────────────────────────────────────────────────────────────────────────────────────────────────────────╯
Trial status: 1 RUNNING
Current time: 2026-08-03 14:14:58. Total running time: 51min 5s
Logical resource usage: 0.05/12 CPUs, 0/2 GPUs (0.0/1.0 accelerator_type:G)
Current best trial: 91fef_00000 with nDCG@10=0.01906709000468254 and params={'embedding_size': 64, 'n_layers': 3, 'reg_weight': 0.0001, 'batch_size': 4096, 'epochs': 1000, 'learning_rate': 0.001}
╭───────────────────────────────────────────────────────────────────────────────────────────────────────────────────────────────────────────────────────────────────────────────────────────────────────────────────────╮
│ Trial name                          status       embedding_size     n_layers     reg_weight     batch_size     epochs     learning_rate     iter     total time (s)     nDCG@10     Recall@10      EPC@10     Gini@10 │
├───────────────────────────────────────────────────────────────────────────────────────────────────────────────────────────────────────────────────────────────────────────────────────────────────────────────────────┤
│ LightGCN_LyricalMacaqueOfEmphasis   RUNNING                  64            3         0.0001           4096       1000             0.001       55            3025.65   0.0190671     0.0175513   0.0157009    0.990496 │
╰───────────────────────────────────────────────────────────────────────────────────────────────────────────────────────────────────────────────────────────────────────────────────────────────────────────────────────╯[36m(RayTrainWorker pid=4028311)[0m Checkpoint successfully created at: Checkpoint(filesystem=local, path=/home/vincenzo/warprec/experiment/lightgcn/amazon_book/amazon_book/ray_results/ray_train_trial_id=91fef_00000/checkpoint_2026-08-03_14-15-22.320655)
[36m(RayTrainWorker pid=4028311)[0m Reporting training result 56: TrainingReport(checkpoint=Checkpoint(filesystem=local, path=/home/vincenzo/warprec/experiment/lightgcn/amazon_book/amazon_book/ray_results/ray_train_trial_id=91fef_00000/checkpoint_2026-08-03_14-15-22.320655), metrics={'nDCG@10': 0.019074102863669395, 'Recall@10': 0.017600512132048607, 'EPC@10': 0.015690838918089867, 'Gini@10': 0.9901870489120483, 'best_nDCG@10': 0.019074102863669395, 'loss': 0.03945603594183922, 'ram_peak_mb': 10115.28125, 'vram_peak_mb': 2104.5927734375, 'epoch': 55, 'step': 32592}, validation_spec=None)
[36m(RayTrainWorker pid=4028311)[0m Checkpoint successfully created at: Checkpoint(filesystem=local, path=/home/vincenzo/warprec/experiment/lightgcn/amazon_book/amazon_book/ray_results/ray_train_trial_id=91fef_00000/checkpoint_2026-08-03_14-16-16.604681)
[36m(RayTrainWorker pid=4028311)[0m Reporting training result 57: TrainingReport(checkpoint=Checkpoint(filesystem=local, path=/home/vincenzo/warprec/experiment/lightgcn/amazon_book/amazon_book/ray_results/ray_train_trial_id=91fef_00000/checkpoint_2026-08-03_14-16-16.604681), metrics={'nDCG@10': 0.019157269969582558, 'Recall@10': 0.01775379106402397, 'EPC@10': 0.015749335289001465, 'Gini@10': 0.9898430109024048, 'best_nDCG@10': 0.019157269969582558, 'loss': 0.039231833070516586, 'ram_peak_mb': 10115.328125, 'vram_peak_mb': 2104.5927734375, 'epoch': 56, 'step': 33174}, validation_spec=None)

Trial status: 1 RUNNING
Current time: 2026-08-03 14:15:28. Total running time: 51min 35s
Logical resource usage: 0.05/12 CPUs, 0/2 GPUs (0.0/1.0 accelerator_type:G)
Current best trial: 91fef_00000 with nDCG@10=0.019074102863669395 and params={'embedding_size': 64, 'n_layers': 3, 'reg_weight': 0.0001, 'batch_size': 4096, 'epochs': 1000, 'learning_rate': 0.001}
╭───────────────────────────────────────────────────────────────────────────────────────────────────────────────────────────────────────────────────────────────────────────────────────────────────────────────────────╮
│ Trial name                          status       embedding_size     n_layers     reg_weight     batch_size     epochs     learning_rate     iter     total time (s)     nDCG@10     Recall@10      EPC@10     Gini@10 │
├───────────────────────────────────────────────────────────────────────────────────────────────────────────────────────────────────────────────────────────────────────────────────────────────────────────────────────┤
│ LightGCN_LyricalMacaqueOfEmphasis   RUNNING                  64            3         0.0001           4096       1000             0.001       56            3079.99   0.0190741     0.0176005   0.0156908    0.990187 │
╰───────────────────────────────────────────────────────────────────────────────────────────────────────────────────────────────────────────────────────────────────────────────────────────────────────────────────────╯
Trial status: 1 RUNNING
Current time: 2026-08-03 14:15:58. Total running time: 52min 5s
Logical resource usage: 0.05/12 CPUs, 0/2 GPUs (0.0/1.0 accelerator_type:G)
Current best trial: 91fef_00000 with nDCG@10=0.019074102863669395 and params={'embedding_size': 64, 'n_layers': 3, 'reg_weight': 0.0001, 'batch_size': 4096, 'epochs': 1000, 'learning_rate': 0.001}
╭───────────────────────────────────────────────────────────────────────────────────────────────────────────────────────────────────────────────────────────────────────────────────────────────────────────────────────╮
│ Trial name                          status       embedding_size     n_layers     reg_weight     batch_size     epochs     learning_rate     iter     total time (s)     nDCG@10     Recall@10      EPC@10     Gini@10 │
├───────────────────────────────────────────────────────────────────────────────────────────────────────────────────────────────────────────────────────────────────────────────────────────────────────────────────────┤
│ LightGCN_LyricalMacaqueOfEmphasis   RUNNING                  64            3         0.0001           4096       1000             0.001       56            3079.99   0.0190741     0.0176005   0.0156908    0.990187 │
╰───────────────────────────────────────────────────────────────────────────────────────────────────────────────────────────────────────────────────────────────────────────────────────────────────────────────────────╯
Trial status: 1 RUNNING
Current time: 2026-08-03 14:16:28. Total running time: 52min 36s
Logical resource usage: 0.05/12 CPUs, 0/2 GPUs (0.0/1.0 accelerator_type:G)
Current best trial: 91fef_00000 with nDCG@10=0.019157269969582558 and params={'embedding_size': 64, 'n_layers': 3, 'reg_weight': 0.0001, 'batch_size': 4096, 'epochs': 1000, 'learning_rate': 0.001}
╭───────────────────────────────────────────────────────────────────────────────────────────────────────────────────────────────────────────────────────────────────────────────────────────────────────────────────────╮
│ Trial name                          status       embedding_size     n_layers     reg_weight     batch_size     epochs     learning_rate     iter     total time (s)     nDCG@10     Recall@10      EPC@10     Gini@10 │
├───────────────────────────────────────────────────────────────────────────────────────────────────────────────────────────────────────────────────────────────────────────────────────────────────────────────────────┤
│ LightGCN_LyricalMacaqueOfEmphasis   RUNNING                  64            3         0.0001           4096       1000             0.001       57            3134.33   0.0191573     0.0177538   0.0157493    0.989843 │
╰───────────────────────────────────────────────────────────────────────────────────────────────────────────────────────────────────────────────────────────────────────────────────────────────────────────────────────╯[36m(RayTrainWorker pid=4028311)[0m Checkpoint successfully created at: Checkpoint(filesystem=local, path=/home/vincenzo/warprec/experiment/lightgcn/amazon_book/amazon_book/ray_results/ray_train_trial_id=91fef_00000/checkpoint_2026-08-03_14-17-11.748859)
[36m(RayTrainWorker pid=4028311)[0m Reporting training result 58: TrainingReport(checkpoint=Checkpoint(filesystem=local, path=/home/vincenzo/warprec/experiment/lightgcn/amazon_book/amazon_book/ray_results/ray_train_trial_id=91fef_00000/checkpoint_2026-08-03_14-17-11.748859), metrics={'nDCG@10': 0.019209517166018486, 'Recall@10': 0.017811987549066544, 'EPC@10': 0.01579108275473118, 'Gini@10': 0.9895809888839722, 'best_nDCG@10': 0.019209517166018486, 'loss': 0.03858005255460739, 'ram_peak_mb': 10116.37109375, 'vram_peak_mb': 2104.5927734375, 'epoch': 57, 'step': 33756}, validation_spec=None)

Trial status: 1 RUNNING
Current time: 2026-08-03 14:16:58. Total running time: 53min 6s
Logical resource usage: 0.05/12 CPUs, 0/2 GPUs (0.0/1.0 accelerator_type:G)
Current best trial: 91fef_00000 with nDCG@10=0.019157269969582558 and params={'embedding_size': 64, 'n_layers': 3, 'reg_weight': 0.0001, 'batch_size': 4096, 'epochs': 1000, 'learning_rate': 0.001}
╭───────────────────────────────────────────────────────────────────────────────────────────────────────────────────────────────────────────────────────────────────────────────────────────────────────────────────────╮
│ Trial name                          status       embedding_size     n_layers     reg_weight     batch_size     epochs     learning_rate     iter     total time (s)     nDCG@10     Recall@10      EPC@10     Gini@10 │
├───────────────────────────────────────────────────────────────────────────────────────────────────────────────────────────────────────────────────────────────────────────────────────────────────────────────────────┤
│ LightGCN_LyricalMacaqueOfEmphasis   RUNNING                  64            3         0.0001           4096       1000             0.001       57            3134.33   0.0191573     0.0177538   0.0157493    0.989843 │
╰───────────────────────────────────────────────────────────────────────────────────────────────────────────────────────────────────────────────────────────────────────────────────────────────────────────────────────╯
Trial status: 1 RUNNING
Current time: 2026-08-03 14:17:28. Total running time: 53min 36s
Logical resource usage: 0.05/12 CPUs, 0/2 GPUs (0.0/1.0 accelerator_type:G)
Current best trial: 91fef_00000 with nDCG@10=0.019209517166018486 and params={'embedding_size': 64, 'n_layers': 3, 'reg_weight': 0.0001, 'batch_size': 4096, 'epochs': 1000, 'learning_rate': 0.001}
╭───────────────────────────────────────────────────────────────────────────────────────────────────────────────────────────────────────────────────────────────────────────────────────────────────────────────────────╮
│ Trial name                          status       embedding_size     n_layers     reg_weight     batch_size     epochs     learning_rate     iter     total time (s)     nDCG@10     Recall@10      EPC@10     Gini@10 │
├───────────────────────────────────────────────────────────────────────────────────────────────────────────────────────────────────────────────────────────────────────────────────────────────────────────────────────┤
│ LightGCN_LyricalMacaqueOfEmphasis   RUNNING                  64            3         0.0001           4096       1000             0.001       58            3188.69   0.0192095      0.017812   0.0157911    0.989581 │
╰───────────────────────────────────────────────────────────────────────────────────────────────────────────────────────────────────────────────────────────────────────────────────────────────────────────────────────╯
Trial status: 1 RUNNING
Current time: 2026-08-03 14:17:58. Total running time: 54min 6s
Logical resource usage: 0.05/12 CPUs, 0/2 GPUs (0.0/1.0 accelerator_type:G)
Current best trial: 91fef_00000 with nDCG@10=0.019209517166018486 and params={'embedding_size': 64, 'n_layers': 3, 'reg_weight': 0.0001, 'batch_size': 4096, 'epochs': 1000, 'learning_rate': 0.001}
╭───────────────────────────────────────────────────────────────────────────────────────────────────────────────────────────────────────────────────────────────────────────────────────────────────────────────────────╮
│ Trial name                          status       embedding_size     n_layers     reg_weight     batch_size     epochs     learning_rate     iter     total time (s)     nDCG@10     Recall@10      EPC@10     Gini@10 │
├───────────────────────────────────────────────────────────────────────────────────────────────────────────────────────────────────────────────────────────────────────────────────────────────────────────────────────┤
│ LightGCN_LyricalMacaqueOfEmphasis   RUNNING                  64            3         0.0001           4096       1000             0.001       58            3188.69   0.0192095      0.017812   0.0157911    0.989581 │
╰───────────────────────────────────────────────────────────────────────────────────────────────────────────────────────────────────────────────────────────────────────────────────────────────────────────────────────╯[36m(RayTrainWorker pid=4028311)[0m Checkpoint successfully created at: Checkpoint(filesystem=local, path=/home/vincenzo/warprec/experiment/lightgcn/amazon_book/amazon_book/ray_results/ray_train_trial_id=91fef_00000/checkpoint_2026-08-03_14-18-06.248614)
[36m(RayTrainWorker pid=4028311)[0m Reporting training result 59: TrainingReport(checkpoint=Checkpoint(filesystem=local, path=/home/vincenzo/warprec/experiment/lightgcn/amazon_book/amazon_book/ray_results/ray_train_trial_id=91fef_00000/checkpoint_2026-08-03_14-18-06.248614), metrics={'nDCG@10': 0.01933811791241169, 'Recall@10': 0.01801651157438755, 'EPC@10': 0.015889761969447136, 'Gini@10': 0.9892104268074036, 'best_nDCG@10': 0.01933811791241169, 'loss': 0.03852245211601257, 'ram_peak_mb': 10116.37109375, 'vram_peak_mb': 2104.5927734375, 'epoch': 58, 'step': 34338}, validation_spec=None)
[36m(RayTrainWorker pid=4028311)[0m Checkpoint successfully created at: Checkpoint(filesystem=local, path=/home/vincenzo/warprec/experiment/lightgcn/amazon_book/amazon_book/ray_results/ray_train_trial_id=91fef_00000/checkpoint_2026-08-03_14-19-03.863935)
[36m(RayTrainWorker pid=4028311)[0m Reporting training result 60: TrainingReport(checkpoint=Checkpoint(filesystem=local, path=/home/vincenzo/warprec/experiment/lightgcn/amazon_book/amazon_book/ray_results/ray_train_trial_id=91fef_00000/checkpoint_2026-08-03_14-19-03.863935), metrics={'nDCG@10': 0.019426923245191574, 'Recall@10': 0.018086101859807968, 'EPC@10': 0.015964891761541367, 'Gini@10': 0.9888732433319092, 'best_nDCG@10': 0.019426923245191574, 'loss': 0.03790566325187683, 'ram_peak_mb': 10116.390625, 'vram_peak_mb': 2104.5927734375, 'epoch': 59, 'step': 34920}, validation_spec=None)

Trial status: 1 RUNNING
Current time: 2026-08-03 14:18:28. Total running time: 54min 36s
Logical resource usage: 0.05/12 CPUs, 0/2 GPUs (0.0/1.0 accelerator_type:G)
Current best trial: 91fef_00000 with nDCG@10=0.01933811791241169 and params={'embedding_size': 64, 'n_layers': 3, 'reg_weight': 0.0001, 'batch_size': 4096, 'epochs': 1000, 'learning_rate': 0.001}
╭───────────────────────────────────────────────────────────────────────────────────────────────────────────────────────────────────────────────────────────────────────────────────────────────────────────────────────╮
│ Trial name                          status       embedding_size     n_layers     reg_weight     batch_size     epochs     learning_rate     iter     total time (s)     nDCG@10     Recall@10      EPC@10     Gini@10 │
├───────────────────────────────────────────────────────────────────────────────────────────────────────────────────────────────────────────────────────────────────────────────────────────────────────────────────────┤
│ LightGCN_LyricalMacaqueOfEmphasis   RUNNING                  64            3         0.0001           4096       1000             0.001       59            3243.05   0.0193381     0.0180165   0.0158898     0.98921 │
╰───────────────────────────────────────────────────────────────────────────────────────────────────────────────────────────────────────────────────────────────────────────────────────────────────────────────────────╯
Trial status: 1 RUNNING
Current time: 2026-08-03 14:18:58. Total running time: 55min 6s
Logical resource usage: 0.05/12 CPUs, 0/2 GPUs (0.0/1.0 accelerator_type:G)
Current best trial: 91fef_00000 with nDCG@10=0.01933811791241169 and params={'embedding_size': 64, 'n_layers': 3, 'reg_weight': 0.0001, 'batch_size': 4096, 'epochs': 1000, 'learning_rate': 0.001}
╭───────────────────────────────────────────────────────────────────────────────────────────────────────────────────────────────────────────────────────────────────────────────────────────────────────────────────────╮
│ Trial name                          status       embedding_size     n_layers     reg_weight     batch_size     epochs     learning_rate     iter     total time (s)     nDCG@10     Recall@10      EPC@10     Gini@10 │
├───────────────────────────────────────────────────────────────────────────────────────────────────────────────────────────────────────────────────────────────────────────────────────────────────────────────────────┤
│ LightGCN_LyricalMacaqueOfEmphasis   RUNNING                  64            3         0.0001           4096       1000             0.001       59            3243.05   0.0193381     0.0180165   0.0158898     0.98921 │
╰───────────────────────────────────────────────────────────────────────────────────────────────────────────────────────────────────────────────────────────────────────────────────────────────────────────────────────╯
Trial status: 1 RUNNING
Current time: 2026-08-03 14:19:29. Total running time: 55min 36s
Logical resource usage: 0.05/12 CPUs, 0/2 GPUs (0.0/1.0 accelerator_type:G)
Current best trial: 91fef_00000 with nDCG@10=0.019426923245191574 and params={'embedding_size': 64, 'n_layers': 3, 'reg_weight': 0.0001, 'batch_size': 4096, 'epochs': 1000, 'learning_rate': 0.001}
╭───────────────────────────────────────────────────────────────────────────────────────────────────────────────────────────────────────────────────────────────────────────────────────────────────────────────────────╮
│ Trial name                          status       embedding_size     n_layers     reg_weight     batch_size     epochs     learning_rate     iter     total time (s)     nDCG@10     Recall@10      EPC@10     Gini@10 │
├───────────────────────────────────────────────────────────────────────────────────────────────────────────────────────────────────────────────────────────────────────────────────────────────────────────────────────┤
│ LightGCN_LyricalMacaqueOfEmphasis   RUNNING                  64            3         0.0001           4096       1000             0.001       60            3301.43   0.0194269     0.0180861   0.0159649    0.988873 │
╰───────────────────────────────────────────────────────────────────────────────────────────────────────────────────────────────────────────────────────────────────────────────────────────────────────────────────────╯[36m(RayTrainWorker pid=4028311)[0m Checkpoint successfully created at: Checkpoint(filesystem=local, path=/home/vincenzo/warprec/experiment/lightgcn/amazon_book/amazon_book/ray_results/ray_train_trial_id=91fef_00000/checkpoint_2026-08-03_14-20-01.334878)
[36m(RayTrainWorker pid=4028311)[0m Reporting training result 61: TrainingReport(checkpoint=Checkpoint(filesystem=local, path=/home/vincenzo/warprec/experiment/lightgcn/amazon_book/amazon_book/ray_results/ray_train_trial_id=91fef_00000/checkpoint_2026-08-03_14-20-01.334878), metrics={'nDCG@10': 0.01955733448266983, 'Recall@10': 0.01821664348244667, 'EPC@10': 0.016075223684310913, 'Gini@10': 0.988531768321991, 'best_nDCG@10': 0.01955733448266983, 'loss': 0.03731701895594597, 'ram_peak_mb': 10117.375, 'vram_peak_mb': 2104.5927734375, 'epoch': 60, 'step': 35502}, validation_spec=None)
[36m(RayTrainWorker pid=4028311)[0m Checkpoint successfully created at: Checkpoint(filesystem=local, path=/home/vincenzo/warprec/experiment/lightgcn/amazon_book/amazon_book/ray_results/ray_train_trial_id=91fef_00000/checkpoint_2026-08-03_14-20-57.148188)
[36m(RayTrainWorker pid=4028311)[0m Reporting training result 62: TrainingReport(checkpoint=Checkpoint(filesystem=local, path=/home/vincenzo/warprec/experiment/lightgcn/amazon_book/amazon_book/ray_results/ray_train_trial_id=91fef_00000/checkpoint_2026-08-03_14-20-57.148188), metrics={'nDCG@10': 0.01955874264240265, 'Recall@10': 0.0181833878159523, 'EPC@10': 0.016086256131529808, 'Gini@10': 0.9881837368011475, 'best_nDCG@10': 0.01955874264240265, 'loss': 0.03699743002653122, 'ram_peak_mb': 10117.38671875, 'vram_peak_mb': 2104.5927734375, 'epoch': 61, 'step': 36084}, validation_spec=None)

Trial status: 1 RUNNING
Current time: 2026-08-03 14:19:59. Total running time: 56min 6s
Logical resource usage: 0.05/12 CPUs, 0/2 GPUs (0.0/1.0 accelerator_type:G)
Current best trial: 91fef_00000 with nDCG@10=0.019426923245191574 and params={'embedding_size': 64, 'n_layers': 3, 'reg_weight': 0.0001, 'batch_size': 4096, 'epochs': 1000, 'learning_rate': 0.001}
╭───────────────────────────────────────────────────────────────────────────────────────────────────────────────────────────────────────────────────────────────────────────────────────────────────────────────────────╮
│ Trial name                          status       embedding_size     n_layers     reg_weight     batch_size     epochs     learning_rate     iter     total time (s)     nDCG@10     Recall@10      EPC@10     Gini@10 │
├───────────────────────────────────────────────────────────────────────────────────────────────────────────────────────────────────────────────────────────────────────────────────────────────────────────────────────┤
│ LightGCN_LyricalMacaqueOfEmphasis   RUNNING                  64            3         0.0001           4096       1000             0.001       60            3301.43   0.0194269     0.0180861   0.0159649    0.988873 │
╰───────────────────────────────────────────────────────────────────────────────────────────────────────────────────────────────────────────────────────────────────────────────────────────────────────────────────────╯
Trial status: 1 RUNNING
Current time: 2026-08-03 14:20:29. Total running time: 56min 36s
Logical resource usage: 0.05/12 CPUs, 0/2 GPUs (0.0/1.0 accelerator_type:G)
Current best trial: 91fef_00000 with nDCG@10=0.01955733448266983 and params={'embedding_size': 64, 'n_layers': 3, 'reg_weight': 0.0001, 'batch_size': 4096, 'epochs': 1000, 'learning_rate': 0.001}
╭───────────────────────────────────────────────────────────────────────────────────────────────────────────────────────────────────────────────────────────────────────────────────────────────────────────────────────╮
│ Trial name                          status       embedding_size     n_layers     reg_weight     batch_size     epochs     learning_rate     iter     total time (s)     nDCG@10     Recall@10      EPC@10     Gini@10 │
├───────────────────────────────────────────────────────────────────────────────────────────────────────────────────────────────────────────────────────────────────────────────────────────────────────────────────────┤
│ LightGCN_LyricalMacaqueOfEmphasis   RUNNING                  64            3         0.0001           4096       1000             0.001       61               3358   0.0195573     0.0182166   0.0160752    0.988532 │
╰───────────────────────────────────────────────────────────────────────────────────────────────────────────────────────────────────────────────────────────────────────────────────────────────────────────────────────╯
Trial status: 1 RUNNING
Current time: 2026-08-03 14:20:59. Total running time: 57min 6s
Logical resource usage: 0.05/12 CPUs, 0/2 GPUs (0.0/1.0 accelerator_type:G)
Current best trial: 91fef_00000 with nDCG@10=0.01955874264240265 and params={'embedding_size': 64, 'n_layers': 3, 'reg_weight': 0.0001, 'batch_size': 4096, 'epochs': 1000, 'learning_rate': 0.001}
╭───────────────────────────────────────────────────────────────────────────────────────────────────────────────────────────────────────────────────────────────────────────────────────────────────────────────────────╮
│ Trial name                          status       embedding_size     n_layers     reg_weight     batch_size     epochs     learning_rate     iter     total time (s)     nDCG@10     Recall@10      EPC@10     Gini@10 │
├───────────────────────────────────────────────────────────────────────────────────────────────────────────────────────────────────────────────────────────────────────────────────────────────────────────────────────┤
│ LightGCN_LyricalMacaqueOfEmphasis   RUNNING                  64            3         0.0001           4096       1000             0.001       62             3414.3   0.0195587     0.0181834   0.0160863    0.988184 │
╰───────────────────────────────────────────────────────────────────────────────────────────────────────────────────────────────────────────────────────────────────────────────────────────────────────────────────────╯[36m(RayTrainWorker pid=4028311)[0m Checkpoint successfully created at: Checkpoint(filesystem=local, path=/home/vincenzo/warprec/experiment/lightgcn/amazon_book/amazon_book/ray_results/ray_train_trial_id=91fef_00000/checkpoint_2026-08-03_14-21-51.346167)
[36m(RayTrainWorker pid=4028311)[0m Reporting training result 63: TrainingReport(checkpoint=Checkpoint(filesystem=local, path=/home/vincenzo/warprec/experiment/lightgcn/amazon_book/amazon_book/ray_results/ray_train_trial_id=91fef_00000/checkpoint_2026-08-03_14-21-51.346167), metrics={'nDCG@10': 0.01966540887951851, 'Recall@10': 0.018321668729186058, 'EPC@10': 0.016152214258909225, 'Gini@10': 0.9878444671630859, 'best_nDCG@10': 0.01966540887951851, 'loss': 0.036692019551992416, 'ram_peak_mb': 10116.42578125, 'vram_peak_mb': 2104.5927734375, 'epoch': 62, 'step': 36666}, validation_spec=None)

Trial status: 1 RUNNING
Current time: 2026-08-03 14:21:29. Total running time: 57min 36s
Logical resource usage: 0.05/12 CPUs, 0/2 GPUs (0.0/1.0 accelerator_type:G)
Current best trial: 91fef_00000 with nDCG@10=0.01955874264240265 and params={'embedding_size': 64, 'n_layers': 3, 'reg_weight': 0.0001, 'batch_size': 4096, 'epochs': 1000, 'learning_rate': 0.001}
╭───────────────────────────────────────────────────────────────────────────────────────────────────────────────────────────────────────────────────────────────────────────────────────────────────────────────────────╮
│ Trial name                          status       embedding_size     n_layers     reg_weight     batch_size     epochs     learning_rate     iter     total time (s)     nDCG@10     Recall@10      EPC@10     Gini@10 │
├───────────────────────────────────────────────────────────────────────────────────────────────────────────────────────────────────────────────────────────────────────────────────────────────────────────────────────┤
│ LightGCN_LyricalMacaqueOfEmphasis   RUNNING                  64            3         0.0001           4096       1000             0.001       62             3414.3   0.0195587     0.0181834   0.0160863    0.988184 │
╰───────────────────────────────────────────────────────────────────────────────────────────────────────────────────────────────────────────────────────────────────────────────────────────────────────────────────────╯
Trial status: 1 RUNNING
Current time: 2026-08-03 14:21:59. Total running time: 58min 6s
Logical resource usage: 0.05/12 CPUs, 0/2 GPUs (0.0/1.0 accelerator_type:G)
Current best trial: 91fef_00000 with nDCG@10=0.01966540887951851 and params={'embedding_size': 64, 'n_layers': 3, 'reg_weight': 0.0001, 'batch_size': 4096, 'epochs': 1000, 'learning_rate': 0.001}
╭───────────────────────────────────────────────────────────────────────────────────────────────────────────────────────────────────────────────────────────────────────────────────────────────────────────────────────╮
│ Trial name                          status       embedding_size     n_layers     reg_weight     batch_size     epochs     learning_rate     iter     total time (s)     nDCG@10     Recall@10      EPC@10     Gini@10 │
├───────────────────────────────────────────────────────────────────────────────────────────────────────────────────────────────────────────────────────────────────────────────────────────────────────────────────────┤
│ LightGCN_LyricalMacaqueOfEmphasis   RUNNING                  64            3         0.0001           4096       1000             0.001       63            3468.61   0.0196654     0.0183217   0.0161522    0.987844 │
╰───────────────────────────────────────────────────────────────────────────────────────────────────────────────────────────────────────────────────────────────────────────────────────────────────────────────────────╯
Trial status: 1 RUNNING
Current time: 2026-08-03 14:22:29. Total running time: 58min 36s
Logical resource usage: 0.05/12 CPUs, 0/2 GPUs (0.0/1.0 accelerator_type:G)
Current best trial: 91fef_00000 with nDCG@10=0.01966540887951851 and params={'embedding_size': 64, 'n_layers': 3, 'reg_weight': 0.0001, 'batch_size': 4096, 'epochs': 1000, 'learning_rate': 0.001}
╭───────────────────────────────────────────────────────────────────────────────────────────────────────────────────────────────────────────────────────────────────────────────────────────────────────────────────────╮
│ Trial name                          status       embedding_size     n_layers     reg_weight     batch_size     epochs     learning_rate     iter     total time (s)     nDCG@10     Recall@10      EPC@10     Gini@10 │
├───────────────────────────────────────────────────────────────────────────────────────────────────────────────────────────────────────────────────────────────────────────────────────────────────────────────────────┤
│ LightGCN_LyricalMacaqueOfEmphasis   RUNNING                  64            3         0.0001           4096       1000             0.001       63            3468.61   0.0196654     0.0183217   0.0161522    0.987844 │
╰───────────────────────────────────────────────────────────────────────────────────────────────────────────────────────────────────────────────────────────────────────────────────────────────────────────────────────╯[36m(RayTrainWorker pid=4028311)[0m Checkpoint successfully created at: Checkpoint(filesystem=local, path=/home/vincenzo/warprec/experiment/lightgcn/amazon_book/amazon_book/ray_results/ray_train_trial_id=91fef_00000/checkpoint_2026-08-03_14-22-45.526039)
[36m(RayTrainWorker pid=4028311)[0m Reporting training result 64: TrainingReport(checkpoint=Checkpoint(filesystem=local, path=/home/vincenzo/warprec/experiment/lightgcn/amazon_book/amazon_book/ray_results/ray_train_trial_id=91fef_00000/checkpoint_2026-08-03_14-22-45.526039), metrics={'nDCG@10': 0.019765611737966537, 'Recall@10': 0.018380779772996902, 'EPC@10': 0.016244549304246902, 'Gini@10': 0.9874780774116516, 'best_nDCG@10': 0.019765611737966537, 'loss': 0.036333050578832626, 'ram_peak_mb': 10116.46875, 'vram_peak_mb': 2104.5927734375, 'epoch': 63, 'step': 37248}, validation_spec=None)
[36m(RayTrainWorker pid=4028311)[0m Checkpoint successfully created at: Checkpoint(filesystem=local, path=/home/vincenzo/warprec/experiment/lightgcn/amazon_book/amazon_book/ray_results/ray_train_trial_id=91fef_00000/checkpoint_2026-08-03_14-23-39.828691)
[36m(RayTrainWorker pid=4028311)[0m Reporting training result 65: TrainingReport(checkpoint=Checkpoint(filesystem=local, path=/home/vincenzo/warprec/experiment/lightgcn/amazon_book/amazon_book/ray_results/ray_train_trial_id=91fef_00000/checkpoint_2026-08-03_14-23-39.828691), metrics={'nDCG@10': 0.019855210557579994, 'Recall@10': 0.018498172983527184, 'EPC@10': 0.01631155051290989, 'Gini@10': 0.9870836734771729, 'best_nDCG@10': 0.019855210557579994, 'loss': 0.03595944866538048, 'ram_peak_mb': 10116.46484375, 'vram_peak_mb': 2104.5927734375, 'epoch': 64, 'step': 37830}, validation_spec=None)

Trial status: 1 RUNNING
Current time: 2026-08-03 14:22:59. Total running time: 59min 6s
Logical resource usage: 0.05/12 CPUs, 0/2 GPUs (0.0/1.0 accelerator_type:G)
Current best trial: 91fef_00000 with nDCG@10=0.019765611737966537 and params={'embedding_size': 64, 'n_layers': 3, 'reg_weight': 0.0001, 'batch_size': 4096, 'epochs': 1000, 'learning_rate': 0.001}
╭───────────────────────────────────────────────────────────────────────────────────────────────────────────────────────────────────────────────────────────────────────────────────────────────────────────────────────╮
│ Trial name                          status       embedding_size     n_layers     reg_weight     batch_size     epochs     learning_rate     iter     total time (s)     nDCG@10     Recall@10      EPC@10     Gini@10 │
├───────────────────────────────────────────────────────────────────────────────────────────────────────────────────────────────────────────────────────────────────────────────────────────────────────────────────────┤
│ LightGCN_LyricalMacaqueOfEmphasis   RUNNING                  64            3         0.0001           4096       1000             0.001       64            3522.95   0.0197656     0.0183808   0.0162445    0.987478 │
╰───────────────────────────────────────────────────────────────────────────────────────────────────────────────────────────────────────────────────────────────────────────────────────────────────────────────────────╯
Trial status: 1 RUNNING
Current time: 2026-08-03 14:23:29. Total running time: 59min 36s
Logical resource usage: 0.05/12 CPUs, 0/2 GPUs (0.0/1.0 accelerator_type:G)
Current best trial: 91fef_00000 with nDCG@10=0.019765611737966537 and params={'embedding_size': 64, 'n_layers': 3, 'reg_weight': 0.0001, 'batch_size': 4096, 'epochs': 1000, 'learning_rate': 0.001}
╭───────────────────────────────────────────────────────────────────────────────────────────────────────────────────────────────────────────────────────────────────────────────────────────────────────────────────────╮
│ Trial name                          status       embedding_size     n_layers     reg_weight     batch_size     epochs     learning_rate     iter     total time (s)     nDCG@10     Recall@10      EPC@10     Gini@10 │
├───────────────────────────────────────────────────────────────────────────────────────────────────────────────────────────────────────────────────────────────────────────────────────────────────────────────────────┤
│ LightGCN_LyricalMacaqueOfEmphasis   RUNNING                  64            3         0.0001           4096       1000             0.001       64            3522.95   0.0197656     0.0183808   0.0162445    0.987478 │
╰───────────────────────────────────────────────────────────────────────────────────────────────────────────────────────────────────────────────────────────────────────────────────────────────────────────────────────╯
Trial status: 1 RUNNING
Current time: 2026-08-03 14:23:59. Total running time: 1hr 0min 6s
Logical resource usage: 0.05/12 CPUs, 0/2 GPUs (0.0/1.0 accelerator_type:G)
Current best trial: 91fef_00000 with nDCG@10=0.019855210557579994 and params={'embedding_size': 64, 'n_layers': 3, 'reg_weight': 0.0001, 'batch_size': 4096, 'epochs': 1000, 'learning_rate': 0.001}
╭───────────────────────────────────────────────────────────────────────────────────────────────────────────────────────────────────────────────────────────────────────────────────────────────────────────────────────╮
│ Trial name                          status       embedding_size     n_layers     reg_weight     batch_size     epochs     learning_rate     iter     total time (s)     nDCG@10     Recall@10      EPC@10     Gini@10 │
├───────────────────────────────────────────────────────────────────────────────────────────────────────────────────────────────────────────────────────────────────────────────────────────────────────────────────────┤
│ LightGCN_LyricalMacaqueOfEmphasis   RUNNING                  64            3         0.0001           4096       1000             0.001       65            3577.28   0.0198552     0.0184982   0.0163116    0.987084 │
╰───────────────────────────────────────────────────────────────────────────────────────────────────────────────────────────────────────────────────────────────────────────────────────────────────────────────────────╯[36m(RayTrainWorker pid=4028311)[0m Checkpoint successfully created at: Checkpoint(filesystem=local, path=/home/vincenzo/warprec/experiment/lightgcn/amazon_book/amazon_book/ray_results/ray_train_trial_id=91fef_00000/checkpoint_2026-08-03_14-24-34.514490)
[36m(RayTrainWorker pid=4028311)[0m Reporting training result 66: TrainingReport(checkpoint=Checkpoint(filesystem=local, path=/home/vincenzo/warprec/experiment/lightgcn/amazon_book/amazon_book/ray_results/ray_train_trial_id=91fef_00000/checkpoint_2026-08-03_14-24-34.514490), metrics={'nDCG@10': 0.019937535747885704, 'Recall@10': 0.018559308722615242, 'EPC@10': 0.0163793433457613, 'Gini@10': 0.9868358373641968, 'best_nDCG@10': 0.019937535747885704, 'loss': 0.03533158078789711, 'ram_peak_mb': 10116.49609375, 'vram_peak_mb': 2104.5927734375, 'epoch': 65, 'step': 38412}, validation_spec=None)
[36m(RayTrainWorker pid=4028311)[0m Checkpoint successfully created at: Checkpoint(filesystem=local, path=/home/vincenzo/warprec/experiment/lightgcn/amazon_book/amazon_book/ray_results/ray_train_trial_id=91fef_00000/checkpoint_2026-08-03_14-25-29.322223)
[36m(RayTrainWorker pid=4028311)[0m Reporting training result 67: TrainingReport(checkpoint=Checkpoint(filesystem=local, path=/home/vincenzo/warprec/experiment/lightgcn/amazon_book/amazon_book/ray_results/ray_train_trial_id=91fef_00000/checkpoint_2026-08-03_14-25-29.322223), metrics={'nDCG@10': 0.019975299015641212, 'Recall@10': 0.01863240823149681, 'EPC@10': 0.01641201414167881, 'Gini@10': 0.9864689111709595, 'best_nDCG@10': 0.019975299015641212, 'loss': 0.035188548266887665, 'ram_peak_mb': 10115.53125, 'vram_peak_mb': 2104.5927734375, 'epoch': 66, 'step': 38994}, validation_spec=None)

Trial status: 1 RUNNING
Current time: 2026-08-03 14:24:29. Total running time: 1hr 0min 37s
Logical resource usage: 0.05/12 CPUs, 0/2 GPUs (0.0/1.0 accelerator_type:G)
Current best trial: 91fef_00000 with nDCG@10=0.019855210557579994 and params={'embedding_size': 64, 'n_layers': 3, 'reg_weight': 0.0001, 'batch_size': 4096, 'epochs': 1000, 'learning_rate': 0.001}
╭───────────────────────────────────────────────────────────────────────────────────────────────────────────────────────────────────────────────────────────────────────────────────────────────────────────────────────╮
│ Trial name                          status       embedding_size     n_layers     reg_weight     batch_size     epochs     learning_rate     iter     total time (s)     nDCG@10     Recall@10      EPC@10     Gini@10 │
├───────────────────────────────────────────────────────────────────────────────────────────────────────────────────────────────────────────────────────────────────────────────────────────────────────────────────────┤
│ LightGCN_LyricalMacaqueOfEmphasis   RUNNING                  64            3         0.0001           4096       1000             0.001       65            3577.28   0.0198552     0.0184982   0.0163116    0.987084 │
╰───────────────────────────────────────────────────────────────────────────────────────────────────────────────────────────────────────────────────────────────────────────────────────────────────────────────────────╯
Trial status: 1 RUNNING
Current time: 2026-08-03 14:24:59. Total running time: 1hr 1min 7s
Logical resource usage: 0.05/12 CPUs, 0/2 GPUs (0.0/1.0 accelerator_type:G)
Current best trial: 91fef_00000 with nDCG@10=0.019937535747885704 and params={'embedding_size': 64, 'n_layers': 3, 'reg_weight': 0.0001, 'batch_size': 4096, 'epochs': 1000, 'learning_rate': 0.001}
╭───────────────────────────────────────────────────────────────────────────────────────────────────────────────────────────────────────────────────────────────────────────────────────────────────────────────────────╮
│ Trial name                          status       embedding_size     n_layers     reg_weight     batch_size     epochs     learning_rate     iter     total time (s)     nDCG@10     Recall@10      EPC@10     Gini@10 │
├───────────────────────────────────────────────────────────────────────────────────────────────────────────────────────────────────────────────────────────────────────────────────────────────────────────────────────┤
│ LightGCN_LyricalMacaqueOfEmphasis   RUNNING                  64            3         0.0001           4096       1000             0.001       66            3631.61   0.0199375     0.0185593   0.0163793    0.986836 │
╰───────────────────────────────────────────────────────────────────────────────────────────────────────────────────────────────────────────────────────────────────────────────────────────────────────────────────────╯
Trial status: 1 RUNNING
Current time: 2026-08-03 14:25:29. Total running time: 1hr 1min 37s
Logical resource usage: 0.05/12 CPUs, 0/2 GPUs (0.0/1.0 accelerator_type:G)
Current best trial: 91fef_00000 with nDCG@10=0.019937535747885704 and params={'embedding_size': 64, 'n_layers': 3, 'reg_weight': 0.0001, 'batch_size': 4096, 'epochs': 1000, 'learning_rate': 0.001}
╭───────────────────────────────────────────────────────────────────────────────────────────────────────────────────────────────────────────────────────────────────────────────────────────────────────────────────────╮
│ Trial name                          status       embedding_size     n_layers     reg_weight     batch_size     epochs     learning_rate     iter     total time (s)     nDCG@10     Recall@10      EPC@10     Gini@10 │
├───────────────────────────────────────────────────────────────────────────────────────────────────────────────────────────────────────────────────────────────────────────────────────────────────────────────────────┤
│ LightGCN_LyricalMacaqueOfEmphasis   RUNNING                  64            3         0.0001           4096       1000             0.001       66            3631.61   0.0199375     0.0185593   0.0163793    0.986836 │
╰───────────────────────────────────────────────────────────────────────────────────────────────────────────────────────────────────────────────────────────────────────────────────────────────────────────────────────╯[36m(RayTrainWorker pid=4028311)[0m Checkpoint successfully created at: Checkpoint(filesystem=local, path=/home/vincenzo/warprec/experiment/lightgcn/amazon_book/amazon_book/ray_results/ray_train_trial_id=91fef_00000/checkpoint_2026-08-03_14-26-24.252410)
[36m(RayTrainWorker pid=4028311)[0m Reporting training result 68: TrainingReport(checkpoint=Checkpoint(filesystem=local, path=/home/vincenzo/warprec/experiment/lightgcn/amazon_book/amazon_book/ray_results/ray_train_trial_id=91fef_00000/checkpoint_2026-08-03_14-26-24.252410), metrics={'nDCG@10': 0.020027851685881615, 'Recall@10': 0.018613683059811592, 'EPC@10': 0.016457004472613335, 'Gini@10': 0.9860832095146179, 'best_nDCG@10': 0.020027851685881615, 'loss': 0.03477490693330765, 'ram_peak_mb': 10116.5546875, 'vram_peak_mb': 2104.5927734375, 'epoch': 67, 'step': 39576}, validation_spec=None)

Trial status: 1 RUNNING
Current time: 2026-08-03 14:25:59. Total running time: 1hr 2min 7s
Logical resource usage: 0.05/12 CPUs, 0/2 GPUs (0.0/1.0 accelerator_type:G)
Current best trial: 91fef_00000 with nDCG@10=0.019975299015641212 and params={'embedding_size': 64, 'n_layers': 3, 'reg_weight': 0.0001, 'batch_size': 4096, 'epochs': 1000, 'learning_rate': 0.001}
╭──────────────────────────────────────────────────────────────────────────────────────────────────────────────────────────────────────────────────────────────────────────────────────────────────────────────────────╮
│ Trial name                          status       embedding_size     n_layers     reg_weight     batch_size     epochs     learning_rate     iter     total time (s)     nDCG@10     Recall@10     EPC@10     Gini@10 │
├──────────────────────────────────────────────────────────────────────────────────────────────────────────────────────────────────────────────────────────────────────────────────────────────────────────────────────┤
│ LightGCN_LyricalMacaqueOfEmphasis   RUNNING                  64            3         0.0001           4096       1000             0.001       67            3685.96   0.0199753     0.0186324   0.016412    0.986469 │
╰──────────────────────────────────────────────────────────────────────────────────────────────────────────────────────────────────────────────────────────────────────────────────────────────────────────────────────╯
Trial status: 1 RUNNING
Current time: 2026-08-03 14:26:29. Total running time: 1hr 2min 37s
Logical resource usage: 0.05/12 CPUs, 0/2 GPUs (0.0/1.0 accelerator_type:G)
Current best trial: 91fef_00000 with nDCG@10=0.020027851685881615 and params={'embedding_size': 64, 'n_layers': 3, 'reg_weight': 0.0001, 'batch_size': 4096, 'epochs': 1000, 'learning_rate': 0.001}
╭──────────────────────────────────────────────────────────────────────────────────────────────────────────────────────────────────────────────────────────────────────────────────────────────────────────────────────╮
│ Trial name                          status       embedding_size     n_layers     reg_weight     batch_size     epochs     learning_rate     iter     total time (s)     nDCG@10     Recall@10     EPC@10     Gini@10 │
├──────────────────────────────────────────────────────────────────────────────────────────────────────────────────────────────────────────────────────────────────────────────────────────────────────────────────────┤
│ LightGCN_LyricalMacaqueOfEmphasis   RUNNING                  64            3         0.0001           4096       1000             0.001       68            3742.32   0.0200279     0.0186137   0.016457    0.986083 │
╰──────────────────────────────────────────────────────────────────────────────────────────────────────────────────────────────────────────────────────────────────────────────────────────────────────────────────────╯
Trial status: 1 RUNNING
Current time: 2026-08-03 14:26:59. Total running time: 1hr 3min 7s
Logical resource usage: 0.05/12 CPUs, 0/2 GPUs (0.0/1.0 accelerator_type:G)
Current best trial: 91fef_00000 with nDCG@10=0.020027851685881615 and params={'embedding_size': 64, 'n_layers': 3, 'reg_weight': 0.0001, 'batch_size': 4096, 'epochs': 1000, 'learning_rate': 0.001}
╭──────────────────────────────────────────────────────────────────────────────────────────────────────────────────────────────────────────────────────────────────────────────────────────────────────────────────────╮
│ Trial name                          status       embedding_size     n_layers     reg_weight     batch_size     epochs     learning_rate     iter     total time (s)     nDCG@10     Recall@10     EPC@10     Gini@10 │
├──────────────────────────────────────────────────────────────────────────────────────────────────────────────────────────────────────────────────────────────────────────────────────────────────────────────────────┤
│ LightGCN_LyricalMacaqueOfEmphasis   RUNNING                  64            3         0.0001           4096       1000             0.001       68            3742.32   0.0200279     0.0186137   0.016457    0.986083 │
╰──────────────────────────────────────────────────────────────────────────────────────────────────────────────────────────────────────────────────────────────────────────────────────────────────────────────────────╯[36m(RayTrainWorker pid=4028311)[0m Checkpoint successfully created at: Checkpoint(filesystem=local, path=/home/vincenzo/warprec/experiment/lightgcn/amazon_book/amazon_book/ray_results/ray_train_trial_id=91fef_00000/checkpoint_2026-08-03_14-27-19.180405)
[36m(RayTrainWorker pid=4028311)[0m Reporting training result 69: TrainingReport(checkpoint=Checkpoint(filesystem=local, path=/home/vincenzo/warprec/experiment/lightgcn/amazon_book/amazon_book/ray_results/ray_train_trial_id=91fef_00000/checkpoint_2026-08-03_14-27-19.180405), metrics={'nDCG@10': 0.02008679136633873, 'Recall@10': 0.018683621659874916, 'EPC@10': 0.01650048978626728, 'Gini@10': 0.9857121706008911, 'best_nDCG@10': 0.02008679136633873, 'loss': 0.03456242009997368, 'ram_peak_mb': 10116.5703125, 'vram_peak_mb': 2104.5927734375, 'epoch': 68, 'step': 40158}, validation_spec=None)
[36m(RayTrainWorker pid=4028311)[0m Checkpoint successfully created at: Checkpoint(filesystem=local, path=/home/vincenzo/warprec/experiment/lightgcn/amazon_book/amazon_book/ray_results/ray_train_trial_id=91fef_00000/checkpoint_2026-08-03_14-28-13.454354)
[36m(RayTrainWorker pid=4028311)[0m Reporting training result 70: TrainingReport(checkpoint=Checkpoint(filesystem=local, path=/home/vincenzo/warprec/experiment/lightgcn/amazon_book/amazon_book/ray_results/ray_train_trial_id=91fef_00000/checkpoint_2026-08-03_14-28-13.454354), metrics={'nDCG@10': 0.020086392760276794, 'Recall@10': 0.01872759498655796, 'EPC@10': 0.01650211028754711, 'Gini@10': 0.9853262305259705, 'best_nDCG@10': 0.02008679136633873, 'loss': 0.03417499363422394, 'ram_peak_mb': 10115.609375, 'vram_peak_mb': 2104.5927734375, 'epoch': 69, 'step': 40740}, validation_spec=None)

Trial status: 1 RUNNING
Current time: 2026-08-03 14:27:29. Total running time: 1hr 3min 37s
Logical resource usage: 0.05/12 CPUs, 0/2 GPUs (0.0/1.0 accelerator_type:G)
Current best trial: 91fef_00000 with nDCG@10=0.02008679136633873 and params={'embedding_size': 64, 'n_layers': 3, 'reg_weight': 0.0001, 'batch_size': 4096, 'epochs': 1000, 'learning_rate': 0.001}
╭───────────────────────────────────────────────────────────────────────────────────────────────────────────────────────────────────────────────────────────────────────────────────────────────────────────────────────╮
│ Trial name                          status       embedding_size     n_layers     reg_weight     batch_size     epochs     learning_rate     iter     total time (s)     nDCG@10     Recall@10      EPC@10     Gini@10 │
├───────────────────────────────────────────────────────────────────────────────────────────────────────────────────────────────────────────────────────────────────────────────────────────────────────────────────────┤
│ LightGCN_LyricalMacaqueOfEmphasis   RUNNING                  64            3         0.0001           4096       1000             0.001       69            3796.68   0.0200868     0.0186836   0.0165005    0.985712 │
╰───────────────────────────────────────────────────────────────────────────────────────────────────────────────────────────────────────────────────────────────────────────────────────────────────────────────────────╯
Trial status: 1 RUNNING
Current time: 2026-08-03 14:28:00. Total running time: 1hr 4min 7s
Logical resource usage: 0.05/12 CPUs, 0/2 GPUs (0.0/1.0 accelerator_type:G)
Current best trial: 91fef_00000 with nDCG@10=0.02008679136633873 and params={'embedding_size': 64, 'n_layers': 3, 'reg_weight': 0.0001, 'batch_size': 4096, 'epochs': 1000, 'learning_rate': 0.001}
╭───────────────────────────────────────────────────────────────────────────────────────────────────────────────────────────────────────────────────────────────────────────────────────────────────────────────────────╮
│ Trial name                          status       embedding_size     n_layers     reg_weight     batch_size     epochs     learning_rate     iter     total time (s)     nDCG@10     Recall@10      EPC@10     Gini@10 │
├───────────────────────────────────────────────────────────────────────────────────────────────────────────────────────────────────────────────────────────────────────────────────────────────────────────────────────┤
│ LightGCN_LyricalMacaqueOfEmphasis   RUNNING                  64            3         0.0001           4096       1000             0.001       69            3796.68   0.0200868     0.0186836   0.0165005    0.985712 │
╰───────────────────────────────────────────────────────────────────────────────────────────────────────────────────────────────────────────────────────────────────────────────────────────────────────────────────────╯
Trial status: 1 RUNNING
Current time: 2026-08-03 14:28:30. Total running time: 1hr 4min 37s
Logical resource usage: 0.05/12 CPUs, 0/2 GPUs (0.0/1.0 accelerator_type:G)
Current best trial: 91fef_00000 with nDCG@10=0.020086392760276794 and params={'embedding_size': 64, 'n_layers': 3, 'reg_weight': 0.0001, 'batch_size': 4096, 'epochs': 1000, 'learning_rate': 0.001}
╭───────────────────────────────────────────────────────────────────────────────────────────────────────────────────────────────────────────────────────────────────────────────────────────────────────────────────────╮
│ Trial name                          status       embedding_size     n_layers     reg_weight     batch_size     epochs     learning_rate     iter     total time (s)     nDCG@10     Recall@10      EPC@10     Gini@10 │
├───────────────────────────────────────────────────────────────────────────────────────────────────────────────────────────────────────────────────────────────────────────────────────────────────────────────────────┤
│ LightGCN_LyricalMacaqueOfEmphasis   RUNNING                  64            3         0.0001           4096       1000             0.001       70               3851   0.0200864     0.0187276   0.0165021    0.985326 │
╰───────────────────────────────────────────────────────────────────────────────────────────────────────────────────────────────────────────────────────────────────────────────────────────────────────────────────────╯[36m(RayTrainWorker pid=4028311)[0m Checkpoint successfully created at: Checkpoint(filesystem=local, path=/home/vincenzo/warprec/experiment/lightgcn/amazon_book/amazon_book/ray_results/ray_train_trial_id=91fef_00000/checkpoint_2026-08-03_14-29-07.633454)
[36m(RayTrainWorker pid=4028311)[0m Reporting training result 71: TrainingReport(checkpoint=Checkpoint(filesystem=local, path=/home/vincenzo/warprec/experiment/lightgcn/amazon_book/amazon_book/ray_results/ray_train_trial_id=91fef_00000/checkpoint_2026-08-03_14-29-07.633454), metrics={'nDCG@10': 0.020196178928017616, 'Recall@10': 0.018896611407399178, 'EPC@10': 0.016586465761065483, 'Gini@10': 0.9849165678024292, 'best_nDCG@10': 0.020196178928017616, 'loss': 0.033787209540605545, 'ram_peak_mb': 10116.58984375, 'vram_peak_mb': 2104.5927734375, 'epoch': 70, 'step': 41322}, validation_spec=None)

Trial status: 1 RUNNING
Current time: 2026-08-03 14:29:00. Total running time: 1hr 5min 7s
Logical resource usage: 0.05/12 CPUs, 0/2 GPUs (0.0/1.0 accelerator_type:G)
Current best trial: 91fef_00000 with nDCG@10=0.020086392760276794 and params={'embedding_size': 64, 'n_layers': 3, 'reg_weight': 0.0001, 'batch_size': 4096, 'epochs': 1000, 'learning_rate': 0.001}
╭───────────────────────────────────────────────────────────────────────────────────────────────────────────────────────────────────────────────────────────────────────────────────────────────────────────────────────╮
│ Trial name                          status       embedding_size     n_layers     reg_weight     batch_size     epochs     learning_rate     iter     total time (s)     nDCG@10     Recall@10      EPC@10     Gini@10 │
├───────────────────────────────────────────────────────────────────────────────────────────────────────────────────────────────────────────────────────────────────────────────────────────────────────────────────────┤
│ LightGCN_LyricalMacaqueOfEmphasis   RUNNING                  64            3         0.0001           4096       1000             0.001       70               3851   0.0200864     0.0187276   0.0165021    0.985326 │
╰───────────────────────────────────────────────────────────────────────────────────────────────────────────────────────────────────────────────────────────────────────────────────────────────────────────────────────╯
Trial status: 1 RUNNING
Current time: 2026-08-03 14:29:30. Total running time: 1hr 5min 37s
Logical resource usage: 0.05/12 CPUs, 0/2 GPUs (0.0/1.0 accelerator_type:G)
Current best trial: 91fef_00000 with nDCG@10=0.020196178928017616 and params={'embedding_size': 64, 'n_layers': 3, 'reg_weight': 0.0001, 'batch_size': 4096, 'epochs': 1000, 'learning_rate': 0.001}
╭───────────────────────────────────────────────────────────────────────────────────────────────────────────────────────────────────────────────────────────────────────────────────────────────────────────────────────╮
│ Trial name                          status       embedding_size     n_layers     reg_weight     batch_size     epochs     learning_rate     iter     total time (s)     nDCG@10     Recall@10      EPC@10     Gini@10 │
├───────────────────────────────────────────────────────────────────────────────────────────────────────────────────────────────────────────────────────────────────────────────────────────────────────────────────────┤
│ LightGCN_LyricalMacaqueOfEmphasis   RUNNING                  64            3         0.0001           4096       1000             0.001       71            3905.34   0.0201962     0.0188966   0.0165865    0.984917 │
╰───────────────────────────────────────────────────────────────────────────────────────────────────────────────────────────────────────────────────────────────────────────────────────────────────────────────────────╯
Trial status: 1 RUNNING
Current time: 2026-08-03 14:30:00. Total running time: 1hr 6min 7s
Logical resource usage: 0.05/12 CPUs, 0/2 GPUs (0.0/1.0 accelerator_type:G)
Current best trial: 91fef_00000 with nDCG@10=0.020196178928017616 and params={'embedding_size': 64, 'n_layers': 3, 'reg_weight': 0.0001, 'batch_size': 4096, 'epochs': 1000, 'learning_rate': 0.001}
╭───────────────────────────────────────────────────────────────────────────────────────────────────────────────────────────────────────────────────────────────────────────────────────────────────────────────────────╮
│ Trial name                          status       embedding_size     n_layers     reg_weight     batch_size     epochs     learning_rate     iter     total time (s)     nDCG@10     Recall@10      EPC@10     Gini@10 │
├───────────────────────────────────────────────────────────────────────────────────────────────────────────────────────────────────────────────────────────────────────────────────────────────────────────────────────┤
│ LightGCN_LyricalMacaqueOfEmphasis   RUNNING                  64            3         0.0001           4096       1000             0.001       71            3905.34   0.0201962     0.0188966   0.0165865    0.984917 │
╰───────────────────────────────────────────────────────────────────────────────────────────────────────────────────────────────────────────────────────────────────────────────────────────────────────────────────────╯[36m(RayTrainWorker pid=4028311)[0m Checkpoint successfully created at: Checkpoint(filesystem=local, path=/home/vincenzo/warprec/experiment/lightgcn/amazon_book/amazon_book/ray_results/ray_train_trial_id=91fef_00000/checkpoint_2026-08-03_14-30-02.011740)
[36m(RayTrainWorker pid=4028311)[0m Reporting training result 72: TrainingReport(checkpoint=Checkpoint(filesystem=local, path=/home/vincenzo/warprec/experiment/lightgcn/amazon_book/amazon_book/ray_results/ray_train_trial_id=91fef_00000/checkpoint_2026-08-03_14-30-02.011740), metrics={'nDCG@10': 0.02025994472205639, 'Recall@10': 0.018924742937088013, 'EPC@10': 0.01664784923195839, 'Gini@10': 0.9845026135444641, 'best_nDCG@10': 0.02025994472205639, 'loss': 0.03355534374713898, 'ram_peak_mb': 10116.65625, 'vram_peak_mb': 2104.5927734375, 'epoch': 71, 'step': 41904}, validation_spec=None)
[36m(RayTrainWorker pid=4028311)[0m Checkpoint successfully created at: Checkpoint(filesystem=local, path=/home/vincenzo/warprec/experiment/lightgcn/amazon_book/amazon_book/ray_results/ray_train_trial_id=91fef_00000/checkpoint_2026-08-03_14-30-56.477549)
[36m(RayTrainWorker pid=4028311)[0m Reporting training result 73: TrainingReport(checkpoint=Checkpoint(filesystem=local, path=/home/vincenzo/warprec/experiment/lightgcn/amazon_book/amazon_book/ray_results/ray_train_trial_id=91fef_00000/checkpoint_2026-08-03_14-30-56.477549), metrics={'nDCG@10': 0.020317867398262024, 'Recall@10': 0.018965283408761024, 'EPC@10': 0.016693053767085075, 'Gini@10': 0.984169602394104, 'best_nDCG@10': 0.020317867398262024, 'loss': 0.033112723380327225, 'ram_peak_mb': 10117.63671875, 'vram_peak_mb': 2104.5927734375, 'epoch': 72, 'step': 42486}, validation_spec=None)

Trial status: 1 RUNNING
Current time: 2026-08-03 14:30:30. Total running time: 1hr 6min 37s
Logical resource usage: 0.05/12 CPUs, 0/2 GPUs (0.0/1.0 accelerator_type:G)
Current best trial: 91fef_00000 with nDCG@10=0.02025994472205639 and params={'embedding_size': 64, 'n_layers': 3, 'reg_weight': 0.0001, 'batch_size': 4096, 'epochs': 1000, 'learning_rate': 0.001}
╭───────────────────────────────────────────────────────────────────────────────────────────────────────────────────────────────────────────────────────────────────────────────────────────────────────────────────────╮
│ Trial name                          status       embedding_size     n_layers     reg_weight     batch_size     epochs     learning_rate     iter     total time (s)     nDCG@10     Recall@10      EPC@10     Gini@10 │
├───────────────────────────────────────────────────────────────────────────────────────────────────────────────────────────────────────────────────────────────────────────────────────────────────────────────────────┤
│ LightGCN_LyricalMacaqueOfEmphasis   RUNNING                  64            3         0.0001           4096       1000             0.001       72             3959.7   0.0202599     0.0189247   0.0166478    0.984503 │
╰───────────────────────────────────────────────────────────────────────────────────────────────────────────────────────────────────────────────────────────────────────────────────────────────────────────────────────╯
Trial status: 1 RUNNING
Current time: 2026-08-03 14:31:00. Total running time: 1hr 7min 7s
Logical resource usage: 0.05/12 CPUs, 0/2 GPUs (0.0/1.0 accelerator_type:G)
Current best trial: 91fef_00000 with nDCG@10=0.020317867398262024 and params={'embedding_size': 64, 'n_layers': 3, 'reg_weight': 0.0001, 'batch_size': 4096, 'epochs': 1000, 'learning_rate': 0.001}
╭───────────────────────────────────────────────────────────────────────────────────────────────────────────────────────────────────────────────────────────────────────────────────────────────────────────────────────╮
│ Trial name                          status       embedding_size     n_layers     reg_weight     batch_size     epochs     learning_rate     iter     total time (s)     nDCG@10     Recall@10      EPC@10     Gini@10 │
├───────────────────────────────────────────────────────────────────────────────────────────────────────────────────────────────────────────────────────────────────────────────────────────────────────────────────────┤
│ LightGCN_LyricalMacaqueOfEmphasis   RUNNING                  64            3         0.0001           4096       1000             0.001       73            4014.03   0.0203179     0.0189653   0.0166931     0.98417 │
╰───────────────────────────────────────────────────────────────────────────────────────────────────────────────────────────────────────────────────────────────────────────────────────────────────────────────────────╯
Trial status: 1 RUNNING
Current time: 2026-08-03 14:31:30. Total running time: 1hr 7min 37s
Logical resource usage: 0.05/12 CPUs, 0/2 GPUs (0.0/1.0 accelerator_type:G)
Current best trial: 91fef_00000 with nDCG@10=0.020317867398262024 and params={'embedding_size': 64, 'n_layers': 3, 'reg_weight': 0.0001, 'batch_size': 4096, 'epochs': 1000, 'learning_rate': 0.001}
╭───────────────────────────────────────────────────────────────────────────────────────────────────────────────────────────────────────────────────────────────────────────────────────────────────────────────────────╮
│ Trial name                          status       embedding_size     n_layers     reg_weight     batch_size     epochs     learning_rate     iter     total time (s)     nDCG@10     Recall@10      EPC@10     Gini@10 │
├───────────────────────────────────────────────────────────────────────────────────────────────────────────────────────────────────────────────────────────────────────────────────────────────────────────────────────┤
│ LightGCN_LyricalMacaqueOfEmphasis   RUNNING                  64            3         0.0001           4096       1000             0.001       73            4014.03   0.0203179     0.0189653   0.0166931     0.98417 │
╰───────────────────────────────────────────────────────────────────────────────────────────────────────────────────────────────────────────────────────────────────────────────────────────────────────────────────────╯[36m(RayTrainWorker pid=4028311)[0m Checkpoint successfully created at: Checkpoint(filesystem=local, path=/home/vincenzo/warprec/experiment/lightgcn/amazon_book/amazon_book/ray_results/ray_train_trial_id=91fef_00000/checkpoint_2026-08-03_14-31-50.890639)
[36m(RayTrainWorker pid=4028311)[0m Reporting training result 74: TrainingReport(checkpoint=Checkpoint(filesystem=local, path=/home/vincenzo/warprec/experiment/lightgcn/amazon_book/amazon_book/ray_results/ray_train_trial_id=91fef_00000/checkpoint_2026-08-03_14-31-50.890639), metrics={'nDCG@10': 0.020435752347111702, 'Recall@10': 0.019070887938141823, 'EPC@10': 0.016778957098722458, 'Gini@10': 0.9836685061454773, 'best_nDCG@10': 0.020435752347111702, 'loss': 0.03306509926915169, 'ram_peak_mb': 10117.64453125, 'vram_peak_mb': 2104.5927734375, 'epoch': 73, 'step': 43068}, validation_spec=None)
[36m(RayTrainWorker pid=4028311)[0m Checkpoint successfully created at: Checkpoint(filesystem=local, path=/home/vincenzo/warprec/experiment/lightgcn/amazon_book/amazon_book/ray_results/ray_train_trial_id=91fef_00000/checkpoint_2026-08-03_14-32-45.226950)
[36m(RayTrainWorker pid=4028311)[0m Reporting training result 75: TrainingReport(checkpoint=Checkpoint(filesystem=local, path=/home/vincenzo/warprec/experiment/lightgcn/amazon_book/amazon_book/ray_results/ray_train_trial_id=91fef_00000/checkpoint_2026-08-03_14-32-45.226950), metrics={'nDCG@10': 0.02048034593462944, 'Recall@10': 0.019141709432005882, 'EPC@10': 0.016809185966849327, 'Gini@10': 0.9833731651306152, 'best_nDCG@10': 0.02048034593462944, 'loss': 0.03251928091049194, 'ram_peak_mb': 10118.3984375, 'vram_peak_mb': 2104.5927734375, 'epoch': 74, 'step': 43650}, validation_spec=None)

Trial status: 1 RUNNING
Current time: 2026-08-03 14:32:00. Total running time: 1hr 8min 7s
Logical resource usage: 0.05/12 CPUs, 0/2 GPUs (0.0/1.0 accelerator_type:G)
Current best trial: 91fef_00000 with nDCG@10=0.020435752347111702 and params={'embedding_size': 64, 'n_layers': 3, 'reg_weight': 0.0001, 'batch_size': 4096, 'epochs': 1000, 'learning_rate': 0.001}
╭──────────────────────────────────────────────────────────────────────────────────────────────────────────────────────────────────────────────────────────────────────────────────────────────────────────────────────╮
│ Trial name                          status       embedding_size     n_layers     reg_weight     batch_size     epochs     learning_rate     iter     total time (s)     nDCG@10     Recall@10     EPC@10     Gini@10 │
├──────────────────────────────────────────────────────────────────────────────────────────────────────────────────────────────────────────────────────────────────────────────────────────────────────────────────────┤
│ LightGCN_LyricalMacaqueOfEmphasis   RUNNING                  64            3         0.0001           4096       1000             0.001       74            4068.37   0.0204358     0.0190709   0.016779    0.983669 │
╰──────────────────────────────────────────────────────────────────────────────────────────────────────────────────────────────────────────────────────────────────────────────────────────────────────────────────────╯
Trial status: 1 RUNNING
Current time: 2026-08-03 14:32:30. Total running time: 1hr 8min 37s
Logical resource usage: 0.05/12 CPUs, 0/2 GPUs (0.0/1.0 accelerator_type:G)
Current best trial: 91fef_00000 with nDCG@10=0.020435752347111702 and params={'embedding_size': 64, 'n_layers': 3, 'reg_weight': 0.0001, 'batch_size': 4096, 'epochs': 1000, 'learning_rate': 0.001}
╭──────────────────────────────────────────────────────────────────────────────────────────────────────────────────────────────────────────────────────────────────────────────────────────────────────────────────────╮
│ Trial name                          status       embedding_size     n_layers     reg_weight     batch_size     epochs     learning_rate     iter     total time (s)     nDCG@10     Recall@10     EPC@10     Gini@10 │
├──────────────────────────────────────────────────────────────────────────────────────────────────────────────────────────────────────────────────────────────────────────────────────────────────────────────────────┤
│ LightGCN_LyricalMacaqueOfEmphasis   RUNNING                  64            3         0.0001           4096       1000             0.001       74            4068.37   0.0204358     0.0190709   0.016779    0.983669 │
╰──────────────────────────────────────────────────────────────────────────────────────────────────────────────────────────────────────────────────────────────────────────────────────────────────────────────────────╯
Trial status: 1 RUNNING
Current time: 2026-08-03 14:33:00. Total running time: 1hr 9min 7s
Logical resource usage: 0.05/12 CPUs, 0/2 GPUs (0.0/1.0 accelerator_type:G)
Current best trial: 91fef_00000 with nDCG@10=0.02048034593462944 and params={'embedding_size': 64, 'n_layers': 3, 'reg_weight': 0.0001, 'batch_size': 4096, 'epochs': 1000, 'learning_rate': 0.001}
╭───────────────────────────────────────────────────────────────────────────────────────────────────────────────────────────────────────────────────────────────────────────────────────────────────────────────────────╮
│ Trial name                          status       embedding_size     n_layers     reg_weight     batch_size     epochs     learning_rate     iter     total time (s)     nDCG@10     Recall@10      EPC@10     Gini@10 │
├───────────────────────────────────────────────────────────────────────────────────────────────────────────────────────────────────────────────────────────────────────────────────────────────────────────────────────┤
│ LightGCN_LyricalMacaqueOfEmphasis   RUNNING                  64            3         0.0001           4096       1000             0.001       75            4122.71   0.0204803     0.0191417   0.0168092    0.983373 │
╰───────────────────────────────────────────────────────────────────────────────────────────────────────────────────────────────────────────────────────────────────────────────────────────────────────────────────────╯[36m(RayTrainWorker pid=4028311)[0m Checkpoint successfully created at: Checkpoint(filesystem=local, path=/home/vincenzo/warprec/experiment/lightgcn/amazon_book/amazon_book/ray_results/ray_train_trial_id=91fef_00000/checkpoint_2026-08-03_14-33-39.635358)
[36m(RayTrainWorker pid=4028311)[0m Reporting training result 76: TrainingReport(checkpoint=Checkpoint(filesystem=local, path=/home/vincenzo/warprec/experiment/lightgcn/amazon_book/amazon_book/ray_results/ray_train_trial_id=91fef_00000/checkpoint_2026-08-03_14-33-39.635358), metrics={'nDCG@10': 0.02056957222521305, 'Recall@10': 0.019260987639427185, 'EPC@10': 0.016877824440598488, 'Gini@10': 0.9829541444778442, 'best_nDCG@10': 0.02056957222521305, 'loss': 0.03241369500756264, 'ram_peak_mb': 10117.65234375, 'vram_peak_mb': 2104.5927734375, 'epoch': 75, 'step': 44232}, validation_spec=None)

Trial status: 1 RUNNING
Current time: 2026-08-03 14:33:30. Total running time: 1hr 9min 38s
Logical resource usage: 0.05/12 CPUs, 0/2 GPUs (0.0/1.0 accelerator_type:G)
Current best trial: 91fef_00000 with nDCG@10=0.02048034593462944 and params={'embedding_size': 64, 'n_layers': 3, 'reg_weight': 0.0001, 'batch_size': 4096, 'epochs': 1000, 'learning_rate': 0.001}
╭───────────────────────────────────────────────────────────────────────────────────────────────────────────────────────────────────────────────────────────────────────────────────────────────────────────────────────╮
│ Trial name                          status       embedding_size     n_layers     reg_weight     batch_size     epochs     learning_rate     iter     total time (s)     nDCG@10     Recall@10      EPC@10     Gini@10 │
├───────────────────────────────────────────────────────────────────────────────────────────────────────────────────────────────────────────────────────────────────────────────────────────────────────────────────────┤
│ LightGCN_LyricalMacaqueOfEmphasis   RUNNING                  64            3         0.0001           4096       1000             0.001       75            4122.71   0.0204803     0.0191417   0.0168092    0.983373 │
╰───────────────────────────────────────────────────────────────────────────────────────────────────────────────────────────────────────────────────────────────────────────────────────────────────────────────────────╯
Trial status: 1 RUNNING
Current time: 2026-08-03 14:34:00. Total running time: 1hr 10min 8s
Logical resource usage: 0.05/12 CPUs, 0/2 GPUs (0.0/1.0 accelerator_type:G)
Current best trial: 91fef_00000 with nDCG@10=0.02056957222521305 and params={'embedding_size': 64, 'n_layers': 3, 'reg_weight': 0.0001, 'batch_size': 4096, 'epochs': 1000, 'learning_rate': 0.001}
╭───────────────────────────────────────────────────────────────────────────────────────────────────────────────────────────────────────────────────────────────────────────────────────────────────────────────────────╮
│ Trial name                          status       embedding_size     n_layers     reg_weight     batch_size     epochs     learning_rate     iter     total time (s)     nDCG@10     Recall@10      EPC@10     Gini@10 │
├───────────────────────────────────────────────────────────────────────────────────────────────────────────────────────────────────────────────────────────────────────────────────────────────────────────────────────┤
│ LightGCN_LyricalMacaqueOfEmphasis   RUNNING                  64            3         0.0001           4096       1000             0.001       76            4177.06   0.0205696      0.019261   0.0168778    0.982954 │
╰───────────────────────────────────────────────────────────────────────────────────────────────────────────────────────────────────────────────────────────────────────────────────────────────────────────────────────╯
Trial status: 1 RUNNING
Current time: 2026-08-03 14:34:30. Total running time: 1hr 10min 38s
Logical resource usage: 0.05/12 CPUs, 0/2 GPUs (0.0/1.0 accelerator_type:G)
Current best trial: 91fef_00000 with nDCG@10=0.02056957222521305 and params={'embedding_size': 64, 'n_layers': 3, 'reg_weight': 0.0001, 'batch_size': 4096, 'epochs': 1000, 'learning_rate': 0.001}
╭───────────────────────────────────────────────────────────────────────────────────────────────────────────────────────────────────────────────────────────────────────────────────────────────────────────────────────╮
│ Trial name                          status       embedding_size     n_layers     reg_weight     batch_size     epochs     learning_rate     iter     total time (s)     nDCG@10     Recall@10      EPC@10     Gini@10 │
├───────────────────────────────────────────────────────────────────────────────────────────────────────────────────────────────────────────────────────────────────────────────────────────────────────────────────────┤
│ LightGCN_LyricalMacaqueOfEmphasis   RUNNING                  64            3         0.0001           4096       1000             0.001       76            4177.06   0.0205696      0.019261   0.0168778    0.982954 │
╰───────────────────────────────────────────────────────────────────────────────────────────────────────────────────────────────────────────────────────────────────────────────────────────────────────────────────────╯[36m(RayTrainWorker pid=4028311)[0m Checkpoint successfully created at: Checkpoint(filesystem=local, path=/home/vincenzo/warprec/experiment/lightgcn/amazon_book/amazon_book/ray_results/ray_train_trial_id=91fef_00000/checkpoint_2026-08-03_14-34-34.755234)
[36m(RayTrainWorker pid=4028311)[0m Reporting training result 77: TrainingReport(checkpoint=Checkpoint(filesystem=local, path=/home/vincenzo/warprec/experiment/lightgcn/amazon_book/amazon_book/ray_results/ray_train_trial_id=91fef_00000/checkpoint_2026-08-03_14-34-34.755234), metrics={'nDCG@10': 0.02059897780418396, 'Recall@10': 0.0192710030823946, 'EPC@10': 0.016892503947019577, 'Gini@10': 0.9825248718261719, 'best_nDCG@10': 0.02059897780418396, 'loss': 0.03210556134581566, 'ram_peak_mb': 10117.69921875, 'vram_peak_mb': 2104.5927734375, 'epoch': 76, 'step': 44814}, validation_spec=None)
[36m(RayTrainWorker pid=4028311)[0m Checkpoint successfully created at: Checkpoint(filesystem=local, path=/home/vincenzo/warprec/experiment/lightgcn/amazon_book/amazon_book/ray_results/ray_train_trial_id=91fef_00000/checkpoint_2026-08-03_14-35-29.223916)
[36m(RayTrainWorker pid=4028311)[0m Reporting training result 78: TrainingReport(checkpoint=Checkpoint(filesystem=local, path=/home/vincenzo/warprec/experiment/lightgcn/amazon_book/amazon_book/ray_results/ray_train_trial_id=91fef_00000/checkpoint_2026-08-03_14-35-29.223916), metrics={'nDCG@10': 0.02066771686077118, 'Recall@10': 0.019308511167764664, 'EPC@10': 0.016958385705947876, 'Gini@10': 0.9821507930755615, 'best_nDCG@10': 0.02066771686077118, 'loss': 0.03179750218987465, 'ram_peak_mb': 10116.75, 'vram_peak_mb': 2104.5927734375, 'epoch': 77, 'step': 45396}, validation_spec=None)

Trial status: 1 RUNNING
Current time: 2026-08-03 14:35:00. Total running time: 1hr 11min 8s
Logical resource usage: 0.05/12 CPUs, 0/2 GPUs (0.0/1.0 accelerator_type:G)
Current best trial: 91fef_00000 with nDCG@10=0.02059897780418396 and params={'embedding_size': 64, 'n_layers': 3, 'reg_weight': 0.0001, 'batch_size': 4096, 'epochs': 1000, 'learning_rate': 0.001}
╭───────────────────────────────────────────────────────────────────────────────────────────────────────────────────────────────────────────────────────────────────────────────────────────────────────────────────────╮
│ Trial name                          status       embedding_size     n_layers     reg_weight     batch_size     epochs     learning_rate     iter     total time (s)     nDCG@10     Recall@10      EPC@10     Gini@10 │
├───────────────────────────────────────────────────────────────────────────────────────────────────────────────────────────────────────────────────────────────────────────────────────────────────────────────────────┤
│ LightGCN_LyricalMacaqueOfEmphasis   RUNNING                  64            3         0.0001           4096       1000             0.001       77            4231.41    0.020599      0.019271   0.0168925    0.982525 │
╰───────────────────────────────────────────────────────────────────────────────────────────────────────────────────────────────────────────────────────────────────────────────────────────────────────────────────────╯
Trial status: 1 RUNNING
Current time: 2026-08-03 14:35:30. Total running time: 1hr 11min 38s
Logical resource usage: 0.05/12 CPUs, 0/2 GPUs (0.0/1.0 accelerator_type:G)
Current best trial: 91fef_00000 with nDCG@10=0.02066771686077118 and params={'embedding_size': 64, 'n_layers': 3, 'reg_weight': 0.0001, 'batch_size': 4096, 'epochs': 1000, 'learning_rate': 0.001}
╭───────────────────────────────────────────────────────────────────────────────────────────────────────────────────────────────────────────────────────────────────────────────────────────────────────────────────────╮
│ Trial name                          status       embedding_size     n_layers     reg_weight     batch_size     epochs     learning_rate     iter     total time (s)     nDCG@10     Recall@10      EPC@10     Gini@10 │
├───────────────────────────────────────────────────────────────────────────────────────────────────────────────────────────────────────────────────────────────────────────────────────────────────────────────────────┤
│ LightGCN_LyricalMacaqueOfEmphasis   RUNNING                  64            3         0.0001           4096       1000             0.001       78            4285.78   0.0206677     0.0193085   0.0169584    0.982151 │
╰───────────────────────────────────────────────────────────────────────────────────────────────────────────────────────────────────────────────────────────────────────────────────────────────────────────────────────╯
Trial status: 1 RUNNING
Current time: 2026-08-03 14:36:00. Total running time: 1hr 12min 8s
Logical resource usage: 0.05/12 CPUs, 0/2 GPUs (0.0/1.0 accelerator_type:G)
Current best trial: 91fef_00000 with nDCG@10=0.02066771686077118 and params={'embedding_size': 64, 'n_layers': 3, 'reg_weight': 0.0001, 'batch_size': 4096, 'epochs': 1000, 'learning_rate': 0.001}
╭───────────────────────────────────────────────────────────────────────────────────────────────────────────────────────────────────────────────────────────────────────────────────────────────────────────────────────╮
│ Trial name                          status       embedding_size     n_layers     reg_weight     batch_size     epochs     learning_rate     iter     total time (s)     nDCG@10     Recall@10      EPC@10     Gini@10 │
├───────────────────────────────────────────────────────────────────────────────────────────────────────────────────────────────────────────────────────────────────────────────────────────────────────────────────────┤
│ LightGCN_LyricalMacaqueOfEmphasis   RUNNING                  64            3         0.0001           4096       1000             0.001       78            4285.78   0.0206677     0.0193085   0.0169584    0.982151 │
╰───────────────────────────────────────────────────────────────────────────────────────────────────────────────────────────────────────────────────────────────────────────────────────────────────────────────────────╯[36m(RayTrainWorker pid=4028311)[0m Checkpoint successfully created at: Checkpoint(filesystem=local, path=/home/vincenzo/warprec/experiment/lightgcn/amazon_book/amazon_book/ray_results/ray_train_trial_id=91fef_00000/checkpoint_2026-08-03_14-36-23.142539)
[36m(RayTrainWorker pid=4028311)[0m Reporting training result 79: TrainingReport(checkpoint=Checkpoint(filesystem=local, path=/home/vincenzo/warprec/experiment/lightgcn/amazon_book/amazon_book/ray_results/ray_train_trial_id=91fef_00000/checkpoint_2026-08-03_14-36-23.142539), metrics={'nDCG@10': 0.02077958732843399, 'Recall@10': 0.019448837265372276, 'EPC@10': 0.01705312170088291, 'Gini@10': 0.9817294478416443, 'best_nDCG@10': 0.02077958732843399, 'loss': 0.031659696251153946, 'ram_peak_mb': 10117.7421875, 'vram_peak_mb': 2104.5927734375, 'epoch': 78, 'step': 45978}, validation_spec=None)
[36m(RayTrainWorker pid=4028311)[0m Checkpoint successfully created at: Checkpoint(filesystem=local, path=/home/vincenzo/warprec/experiment/lightgcn/amazon_book/amazon_book/ray_results/ray_train_trial_id=91fef_00000/checkpoint_2026-08-03_14-37-18.050086)
[36m(RayTrainWorker pid=4028311)[0m Reporting training result 80: TrainingReport(checkpoint=Checkpoint(filesystem=local, path=/home/vincenzo/warprec/experiment/lightgcn/amazon_book/amazon_book/ray_results/ray_train_trial_id=91fef_00000/checkpoint_2026-08-03_14-37-18.050086), metrics={'nDCG@10': 0.02078641578555107, 'Recall@10': 0.019384104758501053, 'EPC@10': 0.01707206480205059, 'Gini@10': 0.9812689423561096, 'best_nDCG@10': 0.02078641578555107, 'loss': 0.03134334832429886, 'ram_peak_mb': 10117.734375, 'vram_peak_mb': 2104.5927734375, 'epoch': 79, 'step': 46560}, validation_spec=None)

Trial status: 1 RUNNING
Current time: 2026-08-03 14:36:30. Total running time: 1hr 12min 38s
Logical resource usage: 0.05/12 CPUs, 0/2 GPUs (0.0/1.0 accelerator_type:G)
Current best trial: 91fef_00000 with nDCG@10=0.02077958732843399 and params={'embedding_size': 64, 'n_layers': 3, 'reg_weight': 0.0001, 'batch_size': 4096, 'epochs': 1000, 'learning_rate': 0.001}
╭───────────────────────────────────────────────────────────────────────────────────────────────────────────────────────────────────────────────────────────────────────────────────────────────────────────────────────╮
│ Trial name                          status       embedding_size     n_layers     reg_weight     batch_size     epochs     learning_rate     iter     total time (s)     nDCG@10     Recall@10      EPC@10     Gini@10 │
├───────────────────────────────────────────────────────────────────────────────────────────────────────────────────────────────────────────────────────────────────────────────────────────────────────────────────────┤
│ LightGCN_LyricalMacaqueOfEmphasis   RUNNING                  64            3         0.0001           4096       1000             0.001       79            4340.09   0.0207796     0.0194488   0.0170531    0.981729 │
╰───────────────────────────────────────────────────────────────────────────────────────────────────────────────────────────────────────────────────────────────────────────────────────────────────────────────────────╯
Trial status: 1 RUNNING
Current time: 2026-08-03 14:37:01. Total running time: 1hr 13min 8s
Logical resource usage: 0.05/12 CPUs, 0/2 GPUs (0.0/1.0 accelerator_type:G)
Current best trial: 91fef_00000 with nDCG@10=0.02077958732843399 and params={'embedding_size': 64, 'n_layers': 3, 'reg_weight': 0.0001, 'batch_size': 4096, 'epochs': 1000, 'learning_rate': 0.001}
╭───────────────────────────────────────────────────────────────────────────────────────────────────────────────────────────────────────────────────────────────────────────────────────────────────────────────────────╮
│ Trial name                          status       embedding_size     n_layers     reg_weight     batch_size     epochs     learning_rate     iter     total time (s)     nDCG@10     Recall@10      EPC@10     Gini@10 │
├───────────────────────────────────────────────────────────────────────────────────────────────────────────────────────────────────────────────────────────────────────────────────────────────────────────────────────┤
│ LightGCN_LyricalMacaqueOfEmphasis   RUNNING                  64            3         0.0001           4096       1000             0.001       79            4340.09   0.0207796     0.0194488   0.0170531    0.981729 │
╰───────────────────────────────────────────────────────────────────────────────────────────────────────────────────────────────────────────────────────────────────────────────────────────────────────────────────────╯
Trial status: 1 RUNNING
Current time: 2026-08-03 14:37:31. Total running time: 1hr 13min 38s
Logical resource usage: 0.05/12 CPUs, 0/2 GPUs (0.0/1.0 accelerator_type:G)
Current best trial: 91fef_00000 with nDCG@10=0.02078641578555107 and params={'embedding_size': 64, 'n_layers': 3, 'reg_weight': 0.0001, 'batch_size': 4096, 'epochs': 1000, 'learning_rate': 0.001}
╭───────────────────────────────────────────────────────────────────────────────────────────────────────────────────────────────────────────────────────────────────────────────────────────────────────────────────────╮
│ Trial name                          status       embedding_size     n_layers     reg_weight     batch_size     epochs     learning_rate     iter     total time (s)     nDCG@10     Recall@10      EPC@10     Gini@10 │
├───────────────────────────────────────────────────────────────────────────────────────────────────────────────────────────────────────────────────────────────────────────────────────────────────────────────────────┤
│ LightGCN_LyricalMacaqueOfEmphasis   RUNNING                  64            3         0.0001           4096       1000             0.001       80            4394.67   0.0207864     0.0193841   0.0170721    0.981269 │
╰───────────────────────────────────────────────────────────────────────────────────────────────────────────────────────────────────────────────────────────────────────────────────────────────────────────────────────╯[36m(RayTrainWorker pid=4028311)[0m Checkpoint successfully created at: Checkpoint(filesystem=local, path=/home/vincenzo/warprec/experiment/lightgcn/amazon_book/amazon_book/ray_results/ray_train_trial_id=91fef_00000/checkpoint_2026-08-03_14-38-12.177662)
[36m(RayTrainWorker pid=4028311)[0m Reporting training result 81: TrainingReport(checkpoint=Checkpoint(filesystem=local, path=/home/vincenzo/warprec/experiment/lightgcn/amazon_book/amazon_book/ray_results/ray_train_trial_id=91fef_00000/checkpoint_2026-08-03_14-38-12.177662), metrics={'nDCG@10': 0.02083216980099678, 'Recall@10': 0.01947803795337677, 'EPC@10': 0.01709742285311222, 'Gini@10': 0.9809095859527588, 'best_nDCG@10': 0.02083216980099678, 'loss': 0.031121516600251198, 'ram_peak_mb': 10118.4921875, 'vram_peak_mb': 2104.5927734375, 'epoch': 80, 'step': 47142}, validation_spec=None)

Trial status: 1 RUNNING
Current time: 2026-08-03 14:38:01. Total running time: 1hr 14min 8s
Logical resource usage: 0.05/12 CPUs, 0/2 GPUs (0.0/1.0 accelerator_type:G)
Current best trial: 91fef_00000 with nDCG@10=0.02078641578555107 and params={'embedding_size': 64, 'n_layers': 3, 'reg_weight': 0.0001, 'batch_size': 4096, 'epochs': 1000, 'learning_rate': 0.001}
╭───────────────────────────────────────────────────────────────────────────────────────────────────────────────────────────────────────────────────────────────────────────────────────────────────────────────────────╮
│ Trial name                          status       embedding_size     n_layers     reg_weight     batch_size     epochs     learning_rate     iter     total time (s)     nDCG@10     Recall@10      EPC@10     Gini@10 │
├───────────────────────────────────────────────────────────────────────────────────────────────────────────────────────────────────────────────────────────────────────────────────────────────────────────────────────┤
│ LightGCN_LyricalMacaqueOfEmphasis   RUNNING                  64            3         0.0001           4096       1000             0.001       80            4394.67   0.0207864     0.0193841   0.0170721    0.981269 │
╰───────────────────────────────────────────────────────────────────────────────────────────────────────────────────────────────────────────────────────────────────────────────────────────────────────────────────────╯
Trial status: 1 RUNNING
Current time: 2026-08-03 14:38:31. Total running time: 1hr 14min 38s
Logical resource usage: 0.05/12 CPUs, 0/2 GPUs (0.0/1.0 accelerator_type:G)
Current best trial: 91fef_00000 with nDCG@10=0.02083216980099678 and params={'embedding_size': 64, 'n_layers': 3, 'reg_weight': 0.0001, 'batch_size': 4096, 'epochs': 1000, 'learning_rate': 0.001}
╭───────────────────────────────────────────────────────────────────────────────────────────────────────────────────────────────────────────────────────────────────────────────────────────────────────────────────────╮
│ Trial name                          status       embedding_size     n_layers     reg_weight     batch_size     epochs     learning_rate     iter     total time (s)     nDCG@10     Recall@10      EPC@10     Gini@10 │
├───────────────────────────────────────────────────────────────────────────────────────────────────────────────────────────────────────────────────────────────────────────────────────────────────────────────────────┤
│ LightGCN_LyricalMacaqueOfEmphasis   RUNNING                  64            3         0.0001           4096       1000             0.001       81            4448.84   0.0208322      0.019478   0.0170974     0.98091 │
╰───────────────────────────────────────────────────────────────────────────────────────────────────────────────────────────────────────────────────────────────────────────────────────────────────────────────────────╯
Trial status: 1 RUNNING
Current time: 2026-08-03 14:39:01. Total running time: 1hr 15min 8s
Logical resource usage: 0.05/12 CPUs, 0/2 GPUs (0.0/1.0 accelerator_type:G)
Current best trial: 91fef_00000 with nDCG@10=0.02083216980099678 and params={'embedding_size': 64, 'n_layers': 3, 'reg_weight': 0.0001, 'batch_size': 4096, 'epochs': 1000, 'learning_rate': 0.001}
╭───────────────────────────────────────────────────────────────────────────────────────────────────────────────────────────────────────────────────────────────────────────────────────────────────────────────────────╮
│ Trial name                          status       embedding_size     n_layers     reg_weight     batch_size     epochs     learning_rate     iter     total time (s)     nDCG@10     Recall@10      EPC@10     Gini@10 │
├───────────────────────────────────────────────────────────────────────────────────────────────────────────────────────────────────────────────────────────────────────────────────────────────────────────────────────┤
│ LightGCN_LyricalMacaqueOfEmphasis   RUNNING                  64            3         0.0001           4096       1000             0.001       81            4448.84   0.0208322      0.019478   0.0170974     0.98091 │
╰───────────────────────────────────────────────────────────────────────────────────────────────────────────────────────────────────────────────────────────────────────────────────────────────────────────────────────╯[36m(RayTrainWorker pid=4028311)[0m Checkpoint successfully created at: Checkpoint(filesystem=local, path=/home/vincenzo/warprec/experiment/lightgcn/amazon_book/amazon_book/ray_results/ray_train_trial_id=91fef_00000/checkpoint_2026-08-03_14-39-06.297899)
[36m(RayTrainWorker pid=4028311)[0m Reporting training result 82: TrainingReport(checkpoint=Checkpoint(filesystem=local, path=/home/vincenzo/warprec/experiment/lightgcn/amazon_book/amazon_book/ray_results/ray_train_trial_id=91fef_00000/checkpoint_2026-08-03_14-39-06.297899), metrics={'nDCG@10': 0.020937863737344742, 'Recall@10': 0.019514385610818863, 'EPC@10': 0.017183363437652588, 'Gini@10': 0.9804001450538635, 'best_nDCG@10': 0.020937863737344742, 'loss': 0.03087502345442772, 'ram_peak_mb': 10117.7578125, 'vram_peak_mb': 2104.5927734375, 'epoch': 81, 'step': 47724}, validation_spec=None)
[36m(RayTrainWorker pid=4028311)[0m Checkpoint successfully created at: Checkpoint(filesystem=local, path=/home/vincenzo/warprec/experiment/lightgcn/amazon_book/amazon_book/ray_results/ray_train_trial_id=91fef_00000/checkpoint_2026-08-03_14-40-00.926809)
[36m(RayTrainWorker pid=4028311)[0m Reporting training result 83: TrainingReport(checkpoint=Checkpoint(filesystem=local, path=/home/vincenzo/warprec/experiment/lightgcn/amazon_book/amazon_book/ray_results/ray_train_trial_id=91fef_00000/checkpoint_2026-08-03_14-40-00.926809), metrics={'nDCG@10': 0.021087050437927246, 'Recall@10': 0.0197390615940094, 'EPC@10': 0.017293766140937805, 'Gini@10': 0.9799510836601257, 'best_nDCG@10': 0.021087050437927246, 'loss': 0.030582986772060394, 'ram_peak_mb': 10117.79296875, 'vram_peak_mb': 2104.5927734375, 'epoch': 82, 'step': 48306}, validation_spec=None)

Trial status: 1 RUNNING
Current time: 2026-08-03 14:39:31. Total running time: 1hr 15min 38s
Logical resource usage: 0.05/12 CPUs, 0/2 GPUs (0.0/1.0 accelerator_type:G)
Current best trial: 91fef_00000 with nDCG@10=0.020937863737344742 and params={'embedding_size': 64, 'n_layers': 3, 'reg_weight': 0.0001, 'batch_size': 4096, 'epochs': 1000, 'learning_rate': 0.001}
╭───────────────────────────────────────────────────────────────────────────────────────────────────────────────────────────────────────────────────────────────────────────────────────────────────────────────────────╮
│ Trial name                          status       embedding_size     n_layers     reg_weight     batch_size     epochs     learning_rate     iter     total time (s)     nDCG@10     Recall@10      EPC@10     Gini@10 │
├───────────────────────────────────────────────────────────────────────────────────────────────────────────────────────────────────────────────────────────────────────────────────────────────────────────────────────┤
│ LightGCN_LyricalMacaqueOfEmphasis   RUNNING                  64            3         0.0001           4096       1000             0.001       82            4503.19   0.0209379     0.0195144   0.0171834      0.9804 │
╰───────────────────────────────────────────────────────────────────────────────────────────────────────────────────────────────────────────────────────────────────────────────────────────────────────────────────────╯
Trial status: 1 RUNNING
Current time: 2026-08-03 14:40:01. Total running time: 1hr 16min 8s
Logical resource usage: 0.05/12 CPUs, 0/2 GPUs (0.0/1.0 accelerator_type:G)
Current best trial: 91fef_00000 with nDCG@10=0.020937863737344742 and params={'embedding_size': 64, 'n_layers': 3, 'reg_weight': 0.0001, 'batch_size': 4096, 'epochs': 1000, 'learning_rate': 0.001}
╭───────────────────────────────────────────────────────────────────────────────────────────────────────────────────────────────────────────────────────────────────────────────────────────────────────────────────────╮
│ Trial name                          status       embedding_size     n_layers     reg_weight     batch_size     epochs     learning_rate     iter     total time (s)     nDCG@10     Recall@10      EPC@10     Gini@10 │
├───────────────────────────────────────────────────────────────────────────────────────────────────────────────────────────────────────────────────────────────────────────────────────────────────────────────────────┤
│ LightGCN_LyricalMacaqueOfEmphasis   RUNNING                  64            3         0.0001           4096       1000             0.001       82            4503.19   0.0209379     0.0195144   0.0171834      0.9804 │
╰───────────────────────────────────────────────────────────────────────────────────────────────────────────────────────────────────────────────────────────────────────────────────────────────────────────────────────╯
Trial status: 1 RUNNING
Current time: 2026-08-03 14:40:31. Total running time: 1hr 16min 38s
Logical resource usage: 0.05/12 CPUs, 0/2 GPUs (0.0/1.0 accelerator_type:G)
Current best trial: 91fef_00000 with nDCG@10=0.021087050437927246 and params={'embedding_size': 64, 'n_layers': 3, 'reg_weight': 0.0001, 'batch_size': 4096, 'epochs': 1000, 'learning_rate': 0.001}
╭───────────────────────────────────────────────────────────────────────────────────────────────────────────────────────────────────────────────────────────────────────────────────────────────────────────────────────╮
│ Trial name                          status       embedding_size     n_layers     reg_weight     batch_size     epochs     learning_rate     iter     total time (s)     nDCG@10     Recall@10      EPC@10     Gini@10 │
├───────────────────────────────────────────────────────────────────────────────────────────────────────────────────────────────────────────────────────────────────────────────────────────────────────────────────────┤
│ LightGCN_LyricalMacaqueOfEmphasis   RUNNING                  64            3         0.0001           4096       1000             0.001       83            4557.73   0.0210871     0.0197391   0.0172938    0.979951 │
╰───────────────────────────────────────────────────────────────────────────────────────────────────────────────────────────────────────────────────────────────────────────────────────────────────────────────────────╯[36m(RayTrainWorker pid=4028311)[0m Checkpoint successfully created at: Checkpoint(filesystem=local, path=/home/vincenzo/warprec/experiment/lightgcn/amazon_book/amazon_book/ray_results/ray_train_trial_id=91fef_00000/checkpoint_2026-08-03_14-40-55.150419)
[36m(RayTrainWorker pid=4028311)[0m Reporting training result 84: TrainingReport(checkpoint=Checkpoint(filesystem=local, path=/home/vincenzo/warprec/experiment/lightgcn/amazon_book/amazon_book/ray_results/ray_train_trial_id=91fef_00000/checkpoint_2026-08-03_14-40-55.150419), metrics={'nDCG@10': 0.021061168983578682, 'Recall@10': 0.019727308303117752, 'EPC@10': 0.017275359481573105, 'Gini@10': 0.9795413017272949, 'best_nDCG@10': 0.021087050437927246, 'loss': 0.030387988314032555, 'ram_peak_mb': 10117.8046875, 'vram_peak_mb': 2104.5927734375, 'epoch': 83, 'step': 48888}, validation_spec=None)
[36m(RayTrainWorker pid=4028311)[0m Checkpoint successfully created at: Checkpoint(filesystem=local, path=/home/vincenzo/warprec/experiment/lightgcn/amazon_book/amazon_book/ray_results/ray_train_trial_id=91fef_00000/checkpoint_2026-08-03_14-41-49.754344)
[36m(RayTrainWorker pid=4028311)[0m Reporting training result 85: TrainingReport(checkpoint=Checkpoint(filesystem=local, path=/home/vincenzo/warprec/experiment/lightgcn/amazon_book/amazon_book/ray_results/ray_train_trial_id=91fef_00000/checkpoint_2026-08-03_14-41-49.754344), metrics={'nDCG@10': 0.021059690043330193, 'Recall@10': 0.019692115485668182, 'EPC@10': 0.017269378527998924, 'Gini@10': 0.9790944457054138, 'best_nDCG@10': 0.021087050437927246, 'loss': 0.030304348096251488, 'ram_peak_mb': 10117.84765625, 'vram_peak_mb': 2104.5927734375, 'epoch': 84, 'step': 49470}, validation_spec=None)

Trial status: 1 RUNNING
Current time: 2026-08-03 14:41:01. Total running time: 1hr 17min 8s
Logical resource usage: 0.05/12 CPUs, 0/2 GPUs (0.0/1.0 accelerator_type:G)
Current best trial: 91fef_00000 with nDCG@10=0.021061168983578682 and params={'embedding_size': 64, 'n_layers': 3, 'reg_weight': 0.0001, 'batch_size': 4096, 'epochs': 1000, 'learning_rate': 0.001}
╭───────────────────────────────────────────────────────────────────────────────────────────────────────────────────────────────────────────────────────────────────────────────────────────────────────────────────────╮
│ Trial name                          status       embedding_size     n_layers     reg_weight     batch_size     epochs     learning_rate     iter     total time (s)     nDCG@10     Recall@10      EPC@10     Gini@10 │
├───────────────────────────────────────────────────────────────────────────────────────────────────────────────────────────────────────────────────────────────────────────────────────────────────────────────────────┤
│ LightGCN_LyricalMacaqueOfEmphasis   RUNNING                  64            3         0.0001           4096       1000             0.001       84            4611.94   0.0210612     0.0197273   0.0172754    0.979541 │
╰───────────────────────────────────────────────────────────────────────────────────────────────────────────────────────────────────────────────────────────────────────────────────────────────────────────────────────╯
Trial status: 1 RUNNING
Current time: 2026-08-03 14:41:31. Total running time: 1hr 17min 38s
Logical resource usage: 0.05/12 CPUs, 0/2 GPUs (0.0/1.0 accelerator_type:G)
Current best trial: 91fef_00000 with nDCG@10=0.021061168983578682 and params={'embedding_size': 64, 'n_layers': 3, 'reg_weight': 0.0001, 'batch_size': 4096, 'epochs': 1000, 'learning_rate': 0.001}
╭───────────────────────────────────────────────────────────────────────────────────────────────────────────────────────────────────────────────────────────────────────────────────────────────────────────────────────╮
│ Trial name                          status       embedding_size     n_layers     reg_weight     batch_size     epochs     learning_rate     iter     total time (s)     nDCG@10     Recall@10      EPC@10     Gini@10 │
├───────────────────────────────────────────────────────────────────────────────────────────────────────────────────────────────────────────────────────────────────────────────────────────────────────────────────────┤
│ LightGCN_LyricalMacaqueOfEmphasis   RUNNING                  64            3         0.0001           4096       1000             0.001       84            4611.94   0.0210612     0.0197273   0.0172754    0.979541 │
╰───────────────────────────────────────────────────────────────────────────────────────────────────────────────────────────────────────────────────────────────────────────────────────────────────────────────────────╯
Trial status: 1 RUNNING
Current time: 2026-08-03 14:42:01. Total running time: 1hr 18min 9s
Logical resource usage: 0.05/12 CPUs, 0/2 GPUs (0.0/1.0 accelerator_type:G)
Current best trial: 91fef_00000 with nDCG@10=0.021059690043330193 and params={'embedding_size': 64, 'n_layers': 3, 'reg_weight': 0.0001, 'batch_size': 4096, 'epochs': 1000, 'learning_rate': 0.001}
╭───────────────────────────────────────────────────────────────────────────────────────────────────────────────────────────────────────────────────────────────────────────────────────────────────────────────────────╮
│ Trial name                          status       embedding_size     n_layers     reg_weight     batch_size     epochs     learning_rate     iter     total time (s)     nDCG@10     Recall@10      EPC@10     Gini@10 │
├───────────────────────────────────────────────────────────────────────────────────────────────────────────────────────────────────────────────────────────────────────────────────────────────────────────────────────┤
│ LightGCN_LyricalMacaqueOfEmphasis   RUNNING                  64            3         0.0001           4096       1000             0.001       85            4666.26   0.0210597     0.0196921   0.0172694    0.979094 │
╰───────────────────────────────────────────────────────────────────────────────────────────────────────────────────────────────────────────────────────────────────────────────────────────────────────────────────────╯[36m(RayTrainWorker pid=4028311)[0m Checkpoint successfully created at: Checkpoint(filesystem=local, path=/home/vincenzo/warprec/experiment/lightgcn/amazon_book/amazon_book/ray_results/ray_train_trial_id=91fef_00000/checkpoint_2026-08-03_14-42-44.318722)
[36m(RayTrainWorker pid=4028311)[0m Reporting training result 86: TrainingReport(checkpoint=Checkpoint(filesystem=local, path=/home/vincenzo/warprec/experiment/lightgcn/amazon_book/amazon_book/ray_results/ray_train_trial_id=91fef_00000/checkpoint_2026-08-03_14-42-44.318722), metrics={'nDCG@10': 0.02106495387852192, 'Recall@10': 0.01964319869875908, 'EPC@10': 0.017278354614973068, 'Gini@10': 0.9786907434463501, 'best_nDCG@10': 0.021087050437927246, 'loss': 0.0299246683716774, 'ram_peak_mb': 10117.86328125, 'vram_peak_mb': 2104.5927734375, 'epoch': 85, 'step': 50052}, validation_spec=None)

Trial status: 1 RUNNING
Current time: 2026-08-03 14:42:31. Total running time: 1hr 18min 39s
Logical resource usage: 0.05/12 CPUs, 0/2 GPUs (0.0/1.0 accelerator_type:G)
Current best trial: 91fef_00000 with nDCG@10=0.021059690043330193 and params={'embedding_size': 64, 'n_layers': 3, 'reg_weight': 0.0001, 'batch_size': 4096, 'epochs': 1000, 'learning_rate': 0.001}
╭───────────────────────────────────────────────────────────────────────────────────────────────────────────────────────────────────────────────────────────────────────────────────────────────────────────────────────╮
│ Trial name                          status       embedding_size     n_layers     reg_weight     batch_size     epochs     learning_rate     iter     total time (s)     nDCG@10     Recall@10      EPC@10     Gini@10 │
├───────────────────────────────────────────────────────────────────────────────────────────────────────────────────────────────────────────────────────────────────────────────────────────────────────────────────────┤
│ LightGCN_LyricalMacaqueOfEmphasis   RUNNING                  64            3         0.0001           4096       1000             0.001       85            4666.26   0.0210597     0.0196921   0.0172694    0.979094 │
╰───────────────────────────────────────────────────────────────────────────────────────────────────────────────────────────────────────────────────────────────────────────────────────────────────────────────────────╯
Trial status: 1 RUNNING
Current time: 2026-08-03 14:43:01. Total running time: 1hr 19min 9s
Logical resource usage: 0.05/12 CPUs, 0/2 GPUs (0.0/1.0 accelerator_type:G)
Current best trial: 91fef_00000 with nDCG@10=0.02106495387852192 and params={'embedding_size': 64, 'n_layers': 3, 'reg_weight': 0.0001, 'batch_size': 4096, 'epochs': 1000, 'learning_rate': 0.001}
╭───────────────────────────────────────────────────────────────────────────────────────────────────────────────────────────────────────────────────────────────────────────────────────────────────────────────────────╮
│ Trial name                          status       embedding_size     n_layers     reg_weight     batch_size     epochs     learning_rate     iter     total time (s)     nDCG@10     Recall@10      EPC@10     Gini@10 │
├───────────────────────────────────────────────────────────────────────────────────────────────────────────────────────────────────────────────────────────────────────────────────────────────────────────────────────┤
│ LightGCN_LyricalMacaqueOfEmphasis   RUNNING                  64            3         0.0001           4096       1000             0.001       86            4720.85    0.021065     0.0196432   0.0172784    0.978691 │
╰───────────────────────────────────────────────────────────────────────────────────────────────────────────────────────────────────────────────────────────────────────────────────────────────────────────────────────╯
Trial status: 1 RUNNING
Current time: 2026-08-03 14:43:31. Total running time: 1hr 19min 39s
Logical resource usage: 0.05/12 CPUs, 0/2 GPUs (0.0/1.0 accelerator_type:G)
Current best trial: 91fef_00000 with nDCG@10=0.02106495387852192 and params={'embedding_size': 64, 'n_layers': 3, 'reg_weight': 0.0001, 'batch_size': 4096, 'epochs': 1000, 'learning_rate': 0.001}
╭───────────────────────────────────────────────────────────────────────────────────────────────────────────────────────────────────────────────────────────────────────────────────────────────────────────────────────╮
│ Trial name                          status       embedding_size     n_layers     reg_weight     batch_size     epochs     learning_rate     iter     total time (s)     nDCG@10     Recall@10      EPC@10     Gini@10 │
├───────────────────────────────────────────────────────────────────────────────────────────────────────────────────────────────────────────────────────────────────────────────────────────────────────────────────────┤
│ LightGCN_LyricalMacaqueOfEmphasis   RUNNING                  64            3         0.0001           4096       1000             0.001       86            4720.85    0.021065     0.0196432   0.0172784    0.978691 │
╰───────────────────────────────────────────────────────────────────────────────────────────────────────────────────────────────────────────────────────────────────────────────────────────────────────────────────────╯[36m(RayTrainWorker pid=4028311)[0m Checkpoint successfully created at: Checkpoint(filesystem=local, path=/home/vincenzo/warprec/experiment/lightgcn/amazon_book/amazon_book/ray_results/ray_train_trial_id=91fef_00000/checkpoint_2026-08-03_14-43-38.529515)
[36m(RayTrainWorker pid=4028311)[0m Reporting training result 87: TrainingReport(checkpoint=Checkpoint(filesystem=local, path=/home/vincenzo/warprec/experiment/lightgcn/amazon_book/amazon_book/ray_results/ray_train_trial_id=91fef_00000/checkpoint_2026-08-03_14-43-38.529515), metrics={'nDCG@10': 0.021174008026719093, 'Recall@10': 0.019733527675271034, 'EPC@10': 0.017372816801071167, 'Gini@10': 0.9782775044441223, 'best_nDCG@10': 0.021174008026719093, 'loss': 0.029834264889359474, 'ram_peak_mb': 10117.90625, 'vram_peak_mb': 2104.5927734375, 'epoch': 86, 'step': 50634}, validation_spec=None)
[36m(RayTrainWorker pid=4028311)[0m Checkpoint successfully created at: Checkpoint(filesystem=local, path=/home/vincenzo/warprec/experiment/lightgcn/amazon_book/amazon_book/ray_results/ray_train_trial_id=91fef_00000/checkpoint_2026-08-03_14-44-33.257555)
[36m(RayTrainWorker pid=4028311)[0m Reporting training result 88: TrainingReport(checkpoint=Checkpoint(filesystem=local, path=/home/vincenzo/warprec/experiment/lightgcn/amazon_book/amazon_book/ray_results/ray_train_trial_id=91fef_00000/checkpoint_2026-08-03_14-44-33.257555), metrics={'nDCG@10': 0.021168451756238937, 'Recall@10': 0.019790658727288246, 'EPC@10': 0.01736702397465706, 'Gini@10': 0.9778525829315186, 'best_nDCG@10': 0.021174008026719093, 'loss': 0.029600391164422035, 'ram_peak_mb': 10117.90234375, 'vram_peak_mb': 2104.5927734375, 'epoch': 87, 'step': 51216}, validation_spec=None)

Trial status: 1 RUNNING
Current time: 2026-08-03 14:44:01. Total running time: 1hr 20min 9s
Logical resource usage: 0.05/12 CPUs, 0/2 GPUs (0.0/1.0 accelerator_type:G)
Current best trial: 91fef_00000 with nDCG@10=0.021174008026719093 and params={'embedding_size': 64, 'n_layers': 3, 'reg_weight': 0.0001, 'batch_size': 4096, 'epochs': 1000, 'learning_rate': 0.001}
╭───────────────────────────────────────────────────────────────────────────────────────────────────────────────────────────────────────────────────────────────────────────────────────────────────────────────────────╮
│ Trial name                          status       embedding_size     n_layers     reg_weight     batch_size     epochs     learning_rate     iter     total time (s)     nDCG@10     Recall@10      EPC@10     Gini@10 │
├───────────────────────────────────────────────────────────────────────────────────────────────────────────────────────────────────────────────────────────────────────────────────────────────────────────────────────┤
│ LightGCN_LyricalMacaqueOfEmphasis   RUNNING                  64            3         0.0001           4096       1000             0.001       87            4775.04    0.021174     0.0197335   0.0173728    0.978278 │
╰───────────────────────────────────────────────────────────────────────────────────────────────────────────────────────────────────────────────────────────────────────────────────────────────────────────────────────╯
Trial status: 1 RUNNING
Current time: 2026-08-03 14:44:32. Total running time: 1hr 20min 39s
Logical resource usage: 0.05/12 CPUs, 0/2 GPUs (0.0/1.0 accelerator_type:G)
Current best trial: 91fef_00000 with nDCG@10=0.021174008026719093 and params={'embedding_size': 64, 'n_layers': 3, 'reg_weight': 0.0001, 'batch_size': 4096, 'epochs': 1000, 'learning_rate': 0.001}
╭───────────────────────────────────────────────────────────────────────────────────────────────────────────────────────────────────────────────────────────────────────────────────────────────────────────────────────╮
│ Trial name                          status       embedding_size     n_layers     reg_weight     batch_size     epochs     learning_rate     iter     total time (s)     nDCG@10     Recall@10      EPC@10     Gini@10 │
├───────────────────────────────────────────────────────────────────────────────────────────────────────────────────────────────────────────────────────────────────────────────────────────────────────────────────────┤
│ LightGCN_LyricalMacaqueOfEmphasis   RUNNING                  64            3         0.0001           4096       1000             0.001       87            4775.04    0.021174     0.0197335   0.0173728    0.978278 │
╰───────────────────────────────────────────────────────────────────────────────────────────────────────────────────────────────────────────────────────────────────────────────────────────────────────────────────────╯
Trial status: 1 RUNNING
Current time: 2026-08-03 14:45:02. Total running time: 1hr 21min 9s
Logical resource usage: 0.05/12 CPUs, 0/2 GPUs (0.0/1.0 accelerator_type:G)
Current best trial: 91fef_00000 with nDCG@10=0.021168451756238937 and params={'embedding_size': 64, 'n_layers': 3, 'reg_weight': 0.0001, 'batch_size': 4096, 'epochs': 1000, 'learning_rate': 0.001}
╭──────────────────────────────────────────────────────────────────────────────────────────────────────────────────────────────────────────────────────────────────────────────────────────────────────────────────────╮
│ Trial name                          status       embedding_size     n_layers     reg_weight     batch_size     epochs     learning_rate     iter     total time (s)     nDCG@10     Recall@10     EPC@10     Gini@10 │
├──────────────────────────────────────────────────────────────────────────────────────────────────────────────────────────────────────────────────────────────────────────────────────────────────────────────────────┤
│ LightGCN_LyricalMacaqueOfEmphasis   RUNNING                  64            3         0.0001           4096       1000             0.001       88            4831.36   0.0211685     0.0197907   0.017367    0.977853 │
╰──────────────────────────────────────────────────────────────────────────────────────────────────────────────────────────────────────────────────────────────────────────────────────────────────────────────────────╯[36m(RayTrainWorker pid=4028311)[0m Checkpoint successfully created at: Checkpoint(filesystem=local, path=/home/vincenzo/warprec/experiment/lightgcn/amazon_book/amazon_book/ray_results/ray_train_trial_id=91fef_00000/checkpoint_2026-08-03_14-45-27.806817)
[36m(RayTrainWorker pid=4028311)[0m Reporting training result 89: TrainingReport(checkpoint=Checkpoint(filesystem=local, path=/home/vincenzo/warprec/experiment/lightgcn/amazon_book/amazon_book/ray_results/ray_train_trial_id=91fef_00000/checkpoint_2026-08-03_14-45-27.806817), metrics={'nDCG@10': 0.021210091188549995, 'Recall@10': 0.019840998575091362, 'EPC@10': 0.01740090921521187, 'Gini@10': 0.9774192571640015, 'best_nDCG@10': 0.021210091188549995, 'loss': 0.029309222474694252, 'ram_peak_mb': 10116.92578125, 'vram_peak_mb': 2104.5927734375, 'epoch': 88, 'step': 51798}, validation_spec=None)
[36m(RayTrainWorker pid=4028311)[0m Checkpoint successfully created at: Checkpoint(filesystem=local, path=/home/vincenzo/warprec/experiment/lightgcn/amazon_book/amazon_book/ray_results/ray_train_trial_id=91fef_00000/checkpoint_2026-08-03_14-46-22.482910)
[36m(RayTrainWorker pid=4028311)[0m Reporting training result 90: TrainingReport(checkpoint=Checkpoint(filesystem=local, path=/home/vincenzo/warprec/experiment/lightgcn/amazon_book/amazon_book/ray_results/ray_train_trial_id=91fef_00000/checkpoint_2026-08-03_14-46-22.482910), metrics={'nDCG@10': 0.02110622264444828, 'Recall@10': 0.019661759957671165, 'EPC@10': 0.017313295975327492, 'Gini@10': 0.9769967198371887, 'best_nDCG@10': 0.021210091188549995, 'loss': 0.029304010793566704, 'ram_peak_mb': 10117.96484375, 'vram_peak_mb': 2104.5927734375, 'epoch': 89, 'step': 52380}, validation_spec=None)

Trial status: 1 RUNNING
Current time: 2026-08-03 14:45:32. Total running time: 1hr 21min 39s
Logical resource usage: 0.05/12 CPUs, 0/2 GPUs (0.0/1.0 accelerator_type:G)
Current best trial: 91fef_00000 with nDCG@10=0.021210091188549995 and params={'embedding_size': 64, 'n_layers': 3, 'reg_weight': 0.0001, 'batch_size': 4096, 'epochs': 1000, 'learning_rate': 0.001}
╭───────────────────────────────────────────────────────────────────────────────────────────────────────────────────────────────────────────────────────────────────────────────────────────────────────────────────────╮
│ Trial name                          status       embedding_size     n_layers     reg_weight     batch_size     epochs     learning_rate     iter     total time (s)     nDCG@10     Recall@10      EPC@10     Gini@10 │
├───────────────────────────────────────────────────────────────────────────────────────────────────────────────────────────────────────────────────────────────────────────────────────────────────────────────────────┤
│ LightGCN_LyricalMacaqueOfEmphasis   RUNNING                  64            3         0.0001           4096       1000             0.001       89             4885.7   0.0212101      0.019841   0.0174009    0.977419 │
╰───────────────────────────────────────────────────────────────────────────────────────────────────────────────────────────────────────────────────────────────────────────────────────────────────────────────────────╯
Trial status: 1 RUNNING
Current time: 2026-08-03 14:46:02. Total running time: 1hr 22min 9s
Logical resource usage: 0.05/12 CPUs, 0/2 GPUs (0.0/1.0 accelerator_type:G)
Current best trial: 91fef_00000 with nDCG@10=0.021210091188549995 and params={'embedding_size': 64, 'n_layers': 3, 'reg_weight': 0.0001, 'batch_size': 4096, 'epochs': 1000, 'learning_rate': 0.001}
╭───────────────────────────────────────────────────────────────────────────────────────────────────────────────────────────────────────────────────────────────────────────────────────────────────────────────────────╮
│ Trial name                          status       embedding_size     n_layers     reg_weight     batch_size     epochs     learning_rate     iter     total time (s)     nDCG@10     Recall@10      EPC@10     Gini@10 │
├───────────────────────────────────────────────────────────────────────────────────────────────────────────────────────────────────────────────────────────────────────────────────────────────────────────────────────┤
│ LightGCN_LyricalMacaqueOfEmphasis   RUNNING                  64            3         0.0001           4096       1000             0.001       89             4885.7   0.0212101      0.019841   0.0174009    0.977419 │
╰───────────────────────────────────────────────────────────────────────────────────────────────────────────────────────────────────────────────────────────────────────────────────────────────────────────────────────╯
Trial status: 1 RUNNING
Current time: 2026-08-03 14:46:32. Total running time: 1hr 22min 39s
Logical resource usage: 0.05/12 CPUs, 0/2 GPUs (0.0/1.0 accelerator_type:G)
Current best trial: 91fef_00000 with nDCG@10=0.02110622264444828 and params={'embedding_size': 64, 'n_layers': 3, 'reg_weight': 0.0001, 'batch_size': 4096, 'epochs': 1000, 'learning_rate': 0.001}
╭───────────────────────────────────────────────────────────────────────────────────────────────────────────────────────────────────────────────────────────────────────────────────────────────────────────────────────╮
│ Trial name                          status       embedding_size     n_layers     reg_weight     batch_size     epochs     learning_rate     iter     total time (s)     nDCG@10     Recall@10      EPC@10     Gini@10 │
├───────────────────────────────────────────────────────────────────────────────────────────────────────────────────────────────────────────────────────────────────────────────────────────────────────────────────────┤
│ LightGCN_LyricalMacaqueOfEmphasis   RUNNING                  64            3         0.0001           4096       1000             0.001       90            4940.01   0.0211062     0.0196618   0.0173133    0.976997 │
╰───────────────────────────────────────────────────────────────────────────────────────────────────────────────────────────────────────────────────────────────────────────────────────────────────────────────────────╯[36m(RayTrainWorker pid=4028311)[0m Checkpoint successfully created at: Checkpoint(filesystem=local, path=/home/vincenzo/warprec/experiment/lightgcn/amazon_book/amazon_book/ray_results/ray_train_trial_id=91fef_00000/checkpoint_2026-08-03_14-47-16.800351)
[36m(RayTrainWorker pid=4028311)[0m Reporting training result 91: TrainingReport(checkpoint=Checkpoint(filesystem=local, path=/home/vincenzo/warprec/experiment/lightgcn/amazon_book/amazon_book/ray_results/ray_train_trial_id=91fef_00000/checkpoint_2026-08-03_14-47-16.800351), metrics={'nDCG@10': 0.02117016352713108, 'Recall@10': 0.019771970808506012, 'EPC@10': 0.017357226461172104, 'Gini@10': 0.9766149520874023, 'best_nDCG@10': 0.021210091188549995, 'loss': 0.029066672548651695, 'ram_peak_mb': 10116.984375, 'vram_peak_mb': 2104.5927734375, 'epoch': 90, 'step': 52962}, validation_spec=None)

Trial status: 1 RUNNING
Current time: 2026-08-03 14:47:02. Total running time: 1hr 23min 9s
Logical resource usage: 0.05/12 CPUs, 0/2 GPUs (0.0/1.0 accelerator_type:G)
Current best trial: 91fef_00000 with nDCG@10=0.02110622264444828 and params={'embedding_size': 64, 'n_layers': 3, 'reg_weight': 0.0001, 'batch_size': 4096, 'epochs': 1000, 'learning_rate': 0.001}
╭───────────────────────────────────────────────────────────────────────────────────────────────────────────────────────────────────────────────────────────────────────────────────────────────────────────────────────╮
│ Trial name                          status       embedding_size     n_layers     reg_weight     batch_size     epochs     learning_rate     iter     total time (s)     nDCG@10     Recall@10      EPC@10     Gini@10 │
├───────────────────────────────────────────────────────────────────────────────────────────────────────────────────────────────────────────────────────────────────────────────────────────────────────────────────────┤
│ LightGCN_LyricalMacaqueOfEmphasis   RUNNING                  64            3         0.0001           4096       1000             0.001       90            4940.01   0.0211062     0.0196618   0.0173133    0.976997 │
╰───────────────────────────────────────────────────────────────────────────────────────────────────────────────────────────────────────────────────────────────────────────────────────────────────────────────────────╯
Trial status: 1 RUNNING
Current time: 2026-08-03 14:47:32. Total running time: 1hr 23min 39s
Logical resource usage: 0.05/12 CPUs, 0/2 GPUs (0.0/1.0 accelerator_type:G)
Current best trial: 91fef_00000 with nDCG@10=0.02117016352713108 and params={'embedding_size': 64, 'n_layers': 3, 'reg_weight': 0.0001, 'batch_size': 4096, 'epochs': 1000, 'learning_rate': 0.001}
╭───────────────────────────────────────────────────────────────────────────────────────────────────────────────────────────────────────────────────────────────────────────────────────────────────────────────────────╮
│ Trial name                          status       embedding_size     n_layers     reg_weight     batch_size     epochs     learning_rate     iter     total time (s)     nDCG@10     Recall@10      EPC@10     Gini@10 │
├───────────────────────────────────────────────────────────────────────────────────────────────────────────────────────────────────────────────────────────────────────────────────────────────────────────────────────┤
│ LightGCN_LyricalMacaqueOfEmphasis   RUNNING                  64            3         0.0001           4096       1000             0.001       91            4994.36   0.0211702      0.019772   0.0173572    0.976615 │
╰───────────────────────────────────────────────────────────────────────────────────────────────────────────────────────────────────────────────────────────────────────────────────────────────────────────────────────╯
Trial status: 1 RUNNING
Current time: 2026-08-03 14:48:02. Total running time: 1hr 24min 9s
Logical resource usage: 0.05/12 CPUs, 0/2 GPUs (0.0/1.0 accelerator_type:G)
Current best trial: 91fef_00000 with nDCG@10=0.02117016352713108 and params={'embedding_size': 64, 'n_layers': 3, 'reg_weight': 0.0001, 'batch_size': 4096, 'epochs': 1000, 'learning_rate': 0.001}
╭───────────────────────────────────────────────────────────────────────────────────────────────────────────────────────────────────────────────────────────────────────────────────────────────────────────────────────╮
│ Trial name                          status       embedding_size     n_layers     reg_weight     batch_size     epochs     learning_rate     iter     total time (s)     nDCG@10     Recall@10      EPC@10     Gini@10 │
├───────────────────────────────────────────────────────────────────────────────────────────────────────────────────────────────────────────────────────────────────────────────────────────────────────────────────────┤
│ LightGCN_LyricalMacaqueOfEmphasis   RUNNING                  64            3         0.0001           4096       1000             0.001       91            4994.36   0.0211702      0.019772   0.0173572    0.976615 │
╰───────────────────────────────────────────────────────────────────────────────────────────────────────────────────────────────────────────────────────────────────────────────────────────────────────────────────────╯[36m(RayTrainWorker pid=4028311)[0m Checkpoint successfully created at: Checkpoint(filesystem=local, path=/home/vincenzo/warprec/experiment/lightgcn/amazon_book/amazon_book/ray_results/ray_train_trial_id=91fef_00000/checkpoint_2026-08-03_14-48-10.986060)
[36m(RayTrainWorker pid=4028311)[0m Reporting training result 92: TrainingReport(checkpoint=Checkpoint(filesystem=local, path=/home/vincenzo/warprec/experiment/lightgcn/amazon_book/amazon_book/ray_results/ray_train_trial_id=91fef_00000/checkpoint_2026-08-03_14-48-10.986060), metrics={'nDCG@10': 0.02121700718998909, 'Recall@10': 0.019843464717268944, 'EPC@10': 0.017381681129336357, 'Gini@10': 0.976151704788208, 'best_nDCG@10': 0.02121700718998909, 'loss': 0.028722088783979416, 'ram_peak_mb': 10117.9609375, 'vram_peak_mb': 2104.5927734375, 'epoch': 91, 'step': 53544}, validation_spec=None)
[36m(RayTrainWorker pid=4028311)[0m Checkpoint successfully created at: Checkpoint(filesystem=local, path=/home/vincenzo/warprec/experiment/lightgcn/amazon_book/amazon_book/ray_results/ray_train_trial_id=91fef_00000/checkpoint_2026-08-03_14-49-05.481798)
[36m(RayTrainWorker pid=4028311)[0m Reporting training result 93: TrainingReport(checkpoint=Checkpoint(filesystem=local, path=/home/vincenzo/warprec/experiment/lightgcn/amazon_book/amazon_book/ray_results/ray_train_trial_id=91fef_00000/checkpoint_2026-08-03_14-49-05.481798), metrics={'nDCG@10': 0.02125800959765911, 'Recall@10': 0.019845986738801003, 'EPC@10': 0.017425553873181343, 'Gini@10': 0.9755918979644775, 'best_nDCG@10': 0.02125800959765911, 'loss': 0.02874946780502796, 'ram_peak_mb': 10116.984375, 'vram_peak_mb': 2104.5927734375, 'epoch': 92, 'step': 54126}, validation_spec=None)

Trial status: 1 RUNNING
Current time: 2026-08-03 14:48:32. Total running time: 1hr 24min 39s
Logical resource usage: 0.05/12 CPUs, 0/2 GPUs (0.0/1.0 accelerator_type:G)
Current best trial: 91fef_00000 with nDCG@10=0.02121700718998909 and params={'embedding_size': 64, 'n_layers': 3, 'reg_weight': 0.0001, 'batch_size': 4096, 'epochs': 1000, 'learning_rate': 0.001}
╭───────────────────────────────────────────────────────────────────────────────────────────────────────────────────────────────────────────────────────────────────────────────────────────────────────────────────────╮
│ Trial name                          status       embedding_size     n_layers     reg_weight     batch_size     epochs     learning_rate     iter     total time (s)     nDCG@10     Recall@10      EPC@10     Gini@10 │
├───────────────────────────────────────────────────────────────────────────────────────────────────────────────────────────────────────────────────────────────────────────────────────────────────────────────────────┤
│ LightGCN_LyricalMacaqueOfEmphasis   RUNNING                  64            3         0.0001           4096       1000             0.001       92            5048.69    0.021217     0.0198435   0.0173817    0.976152 │
╰───────────────────────────────────────────────────────────────────────────────────────────────────────────────────────────────────────────────────────────────────────────────────────────────────────────────────────╯
Trial status: 1 RUNNING
Current time: 2026-08-03 14:49:02. Total running time: 1hr 25min 9s
Logical resource usage: 0.05/12 CPUs, 0/2 GPUs (0.0/1.0 accelerator_type:G)
Current best trial: 91fef_00000 with nDCG@10=0.02121700718998909 and params={'embedding_size': 64, 'n_layers': 3, 'reg_weight': 0.0001, 'batch_size': 4096, 'epochs': 1000, 'learning_rate': 0.001}
╭───────────────────────────────────────────────────────────────────────────────────────────────────────────────────────────────────────────────────────────────────────────────────────────────────────────────────────╮
│ Trial name                          status       embedding_size     n_layers     reg_weight     batch_size     epochs     learning_rate     iter     total time (s)     nDCG@10     Recall@10      EPC@10     Gini@10 │
├───────────────────────────────────────────────────────────────────────────────────────────────────────────────────────────────────────────────────────────────────────────────────────────────────────────────────────┤
│ LightGCN_LyricalMacaqueOfEmphasis   RUNNING                  64            3         0.0001           4096       1000             0.001       92            5048.69    0.021217     0.0198435   0.0173817    0.976152 │
╰───────────────────────────────────────────────────────────────────────────────────────────────────────────────────────────────────────────────────────────────────────────────────────────────────────────────────────╯
Trial status: 1 RUNNING
Current time: 2026-08-03 14:49:32. Total running time: 1hr 25min 39s
Logical resource usage: 0.05/12 CPUs, 0/2 GPUs (0.0/1.0 accelerator_type:G)
Current best trial: 91fef_00000 with nDCG@10=0.02125800959765911 and params={'embedding_size': 64, 'n_layers': 3, 'reg_weight': 0.0001, 'batch_size': 4096, 'epochs': 1000, 'learning_rate': 0.001}
╭───────────────────────────────────────────────────────────────────────────────────────────────────────────────────────────────────────────────────────────────────────────────────────────────────────────────────────╮
│ Trial name                          status       embedding_size     n_layers     reg_weight     batch_size     epochs     learning_rate     iter     total time (s)     nDCG@10     Recall@10      EPC@10     Gini@10 │
├───────────────────────────────────────────────────────────────────────────────────────────────────────────────────────────────────────────────────────────────────────────────────────────────────────────────────────┤
│ LightGCN_LyricalMacaqueOfEmphasis   RUNNING                  64            3         0.0001           4096       1000             0.001       93            5103.04    0.021258      0.019846   0.0174256    0.975592 │
╰───────────────────────────────────────────────────────────────────────────────────────────────────────────────────────────────────────────────────────────────────────────────────────────────────────────────────────╯[36m(RayTrainWorker pid=4028311)[0m Checkpoint successfully created at: Checkpoint(filesystem=local, path=/home/vincenzo/warprec/experiment/lightgcn/amazon_book/amazon_book/ray_results/ray_train_trial_id=91fef_00000/checkpoint_2026-08-03_14-49-59.876550)
[36m(RayTrainWorker pid=4028311)[0m Reporting training result 94: TrainingReport(checkpoint=Checkpoint(filesystem=local, path=/home/vincenzo/warprec/experiment/lightgcn/amazon_book/amazon_book/ray_results/ray_train_trial_id=91fef_00000/checkpoint_2026-08-03_14-49-59.876550), metrics={'nDCG@10': 0.021358471363782883, 'Recall@10': 0.0199561920017004, 'EPC@10': 0.017504604533314705, 'Gini@10': 0.9750798940658569, 'best_nDCG@10': 0.021358471363782883, 'loss': 0.028543762862682343, 'ram_peak_mb': 10116.99609375, 'vram_peak_mb': 2104.5927734375, 'epoch': 93, 'step': 54708}, validation_spec=None)
[36m(RayTrainWorker pid=4028311)[0m Checkpoint successfully created at: Checkpoint(filesystem=local, path=/home/vincenzo/warprec/experiment/lightgcn/amazon_book/amazon_book/ray_results/ray_train_trial_id=91fef_00000/checkpoint_2026-08-03_14-50-54.136624)
[36m(RayTrainWorker pid=4028311)[0m Reporting training result 95: TrainingReport(checkpoint=Checkpoint(filesystem=local, path=/home/vincenzo/warprec/experiment/lightgcn/amazon_book/amazon_book/ray_results/ray_train_trial_id=91fef_00000/checkpoint_2026-08-03_14-50-54.136624), metrics={'nDCG@10': 0.021354658529162407, 'Recall@10': 0.01997249387204647, 'EPC@10': 0.017495280131697655, 'Gini@10': 0.9747071266174316, 'best_nDCG@10': 0.021358471363782883, 'loss': 0.02828286588191986, 'ram_peak_mb': 10117.71875, 'vram_peak_mb': 2104.5927734375, 'epoch': 94, 'step': 55290}, validation_spec=None)

Trial status: 1 RUNNING
Current time: 2026-08-03 14:50:02. Total running time: 1hr 26min 9s
Logical resource usage: 0.05/12 CPUs, 0/2 GPUs (0.0/1.0 accelerator_type:G)
Current best trial: 91fef_00000 with nDCG@10=0.021358471363782883 and params={'embedding_size': 64, 'n_layers': 3, 'reg_weight': 0.0001, 'batch_size': 4096, 'epochs': 1000, 'learning_rate': 0.001}
╭───────────────────────────────────────────────────────────────────────────────────────────────────────────────────────────────────────────────────────────────────────────────────────────────────────────────────────╮
│ Trial name                          status       embedding_size     n_layers     reg_weight     batch_size     epochs     learning_rate     iter     total time (s)     nDCG@10     Recall@10      EPC@10     Gini@10 │
├───────────────────────────────────────────────────────────────────────────────────────────────────────────────────────────────────────────────────────────────────────────────────────────────────────────────────────┤
│ LightGCN_LyricalMacaqueOfEmphasis   RUNNING                  64            3         0.0001           4096       1000             0.001       94            5157.37   0.0213585     0.0199562   0.0175046     0.97508 │
╰───────────────────────────────────────────────────────────────────────────────────────────────────────────────────────────────────────────────────────────────────────────────────────────────────────────────────────╯
Trial status: 1 RUNNING
Current time: 2026-08-03 14:50:32. Total running time: 1hr 26min 40s
Logical resource usage: 0.05/12 CPUs, 0/2 GPUs (0.0/1.0 accelerator_type:G)
Current best trial: 91fef_00000 with nDCG@10=0.021358471363782883 and params={'embedding_size': 64, 'n_layers': 3, 'reg_weight': 0.0001, 'batch_size': 4096, 'epochs': 1000, 'learning_rate': 0.001}
╭───────────────────────────────────────────────────────────────────────────────────────────────────────────────────────────────────────────────────────────────────────────────────────────────────────────────────────╮
│ Trial name                          status       embedding_size     n_layers     reg_weight     batch_size     epochs     learning_rate     iter     total time (s)     nDCG@10     Recall@10      EPC@10     Gini@10 │
├───────────────────────────────────────────────────────────────────────────────────────────────────────────────────────────────────────────────────────────────────────────────────────────────────────────────────────┤
│ LightGCN_LyricalMacaqueOfEmphasis   RUNNING                  64            3         0.0001           4096       1000             0.001       94            5157.37   0.0213585     0.0199562   0.0175046     0.97508 │
╰───────────────────────────────────────────────────────────────────────────────────────────────────────────────────────────────────────────────────────────────────────────────────────────────────────────────────────╯
Trial status: 1 RUNNING
Current time: 2026-08-03 14:51:02. Total running time: 1hr 27min 10s
Logical resource usage: 0.05/12 CPUs, 0/2 GPUs (0.0/1.0 accelerator_type:G)
Current best trial: 91fef_00000 with nDCG@10=0.021354658529162407 and params={'embedding_size': 64, 'n_layers': 3, 'reg_weight': 0.0001, 'batch_size': 4096, 'epochs': 1000, 'learning_rate': 0.001}
╭───────────────────────────────────────────────────────────────────────────────────────────────────────────────────────────────────────────────────────────────────────────────────────────────────────────────────────╮
│ Trial name                          status       embedding_size     n_layers     reg_weight     batch_size     epochs     learning_rate     iter     total time (s)     nDCG@10     Recall@10      EPC@10     Gini@10 │
├───────────────────────────────────────────────────────────────────────────────────────────────────────────────────────────────────────────────────────────────────────────────────────────────────────────────────────┤
│ LightGCN_LyricalMacaqueOfEmphasis   RUNNING                  64            3         0.0001           4096       1000             0.001       95            5211.72   0.0213547     0.0199725   0.0174953    0.974707 │
╰───────────────────────────────────────────────────────────────────────────────────────────────────────────────────────────────────────────────────────────────────────────────────────────────────────────────────────╯[36m(RayTrainWorker pid=4028311)[0m Checkpoint successfully created at: Checkpoint(filesystem=local, path=/home/vincenzo/warprec/experiment/lightgcn/amazon_book/amazon_book/ray_results/ray_train_trial_id=91fef_00000/checkpoint_2026-08-03_14-51-48.709155)
[36m(RayTrainWorker pid=4028311)[0m Reporting training result 96: TrainingReport(checkpoint=Checkpoint(filesystem=local, path=/home/vincenzo/warprec/experiment/lightgcn/amazon_book/amazon_book/ray_results/ray_train_trial_id=91fef_00000/checkpoint_2026-08-03_14-51-48.709155), metrics={'nDCG@10': 0.0213642381131649, 'Recall@10': 0.020020054653286934, 'EPC@10': 0.017509542405605316, 'Gini@10': 0.9742332100868225, 'best_nDCG@10': 0.0213642381131649, 'loss': 0.028185056522488594, 'ram_peak_mb': 10116.99609375, 'vram_peak_mb': 2104.5927734375, 'epoch': 95, 'step': 55872}, validation_spec=None)

Trial status: 1 RUNNING
Current time: 2026-08-03 14:51:32. Total running time: 1hr 27min 40s
Logical resource usage: 0.05/12 CPUs, 0/2 GPUs (0.0/1.0 accelerator_type:G)
Current best trial: 91fef_00000 with nDCG@10=0.021354658529162407 and params={'embedding_size': 64, 'n_layers': 3, 'reg_weight': 0.0001, 'batch_size': 4096, 'epochs': 1000, 'learning_rate': 0.001}
╭───────────────────────────────────────────────────────────────────────────────────────────────────────────────────────────────────────────────────────────────────────────────────────────────────────────────────────╮
│ Trial name                          status       embedding_size     n_layers     reg_weight     batch_size     epochs     learning_rate     iter     total time (s)     nDCG@10     Recall@10      EPC@10     Gini@10 │
├───────────────────────────────────────────────────────────────────────────────────────────────────────────────────────────────────────────────────────────────────────────────────────────────────────────────────────┤
│ LightGCN_LyricalMacaqueOfEmphasis   RUNNING                  64            3         0.0001           4096       1000             0.001       95            5211.72   0.0213547     0.0199725   0.0174953    0.974707 │
╰───────────────────────────────────────────────────────────────────────────────────────────────────────────────────────────────────────────────────────────────────────────────────────────────────────────────────────╯
Trial status: 1 RUNNING
Current time: 2026-08-03 14:52:02. Total running time: 1hr 28min 10s
Logical resource usage: 0.05/12 CPUs, 0/2 GPUs (0.0/1.0 accelerator_type:G)
Current best trial: 91fef_00000 with nDCG@10=0.0213642381131649 and params={'embedding_size': 64, 'n_layers': 3, 'reg_weight': 0.0001, 'batch_size': 4096, 'epochs': 1000, 'learning_rate': 0.001}
╭───────────────────────────────────────────────────────────────────────────────────────────────────────────────────────────────────────────────────────────────────────────────────────────────────────────────────────╮
│ Trial name                          status       embedding_size     n_layers     reg_weight     batch_size     epochs     learning_rate     iter     total time (s)     nDCG@10     Recall@10      EPC@10     Gini@10 │
├───────────────────────────────────────────────────────────────────────────────────────────────────────────────────────────────────────────────────────────────────────────────────────────────────────────────────────┤
│ LightGCN_LyricalMacaqueOfEmphasis   RUNNING                  64            3         0.0001           4096       1000             0.001       96            5266.09   0.0213642     0.0200201   0.0175095    0.974233 │
╰───────────────────────────────────────────────────────────────────────────────────────────────────────────────────────────────────────────────────────────────────────────────────────────────────────────────────────╯
Trial status: 1 RUNNING
Current time: 2026-08-03 14:52:32. Total running time: 1hr 28min 40s
Logical resource usage: 0.05/12 CPUs, 0/2 GPUs (0.0/1.0 accelerator_type:G)
Current best trial: 91fef_00000 with nDCG@10=0.0213642381131649 and params={'embedding_size': 64, 'n_layers': 3, 'reg_weight': 0.0001, 'batch_size': 4096, 'epochs': 1000, 'learning_rate': 0.001}
╭───────────────────────────────────────────────────────────────────────────────────────────────────────────────────────────────────────────────────────────────────────────────────────────────────────────────────────╮
│ Trial name                          status       embedding_size     n_layers     reg_weight     batch_size     epochs     learning_rate     iter     total time (s)     nDCG@10     Recall@10      EPC@10     Gini@10 │
├───────────────────────────────────────────────────────────────────────────────────────────────────────────────────────────────────────────────────────────────────────────────────────────────────────────────────────┤
│ LightGCN_LyricalMacaqueOfEmphasis   RUNNING                  64            3         0.0001           4096       1000             0.001       96            5266.09   0.0213642     0.0200201   0.0175095    0.974233 │
╰───────────────────────────────────────────────────────────────────────────────────────────────────────────────────────────────────────────────────────────────────────────────────────────────────────────────────────╯[36m(RayTrainWorker pid=4028311)[0m Checkpoint successfully created at: Checkpoint(filesystem=local, path=/home/vincenzo/warprec/experiment/lightgcn/amazon_book/amazon_book/ray_results/ray_train_trial_id=91fef_00000/checkpoint_2026-08-03_14-52-43.088826)
[36m(RayTrainWorker pid=4028311)[0m Reporting training result 97: TrainingReport(checkpoint=Checkpoint(filesystem=local, path=/home/vincenzo/warprec/experiment/lightgcn/amazon_book/amazon_book/ray_results/ray_train_trial_id=91fef_00000/checkpoint_2026-08-03_14-52-43.088826), metrics={'nDCG@10': 0.02140570990741253, 'Recall@10': 0.019997499883174896, 'EPC@10': 0.01754077710211277, 'Gini@10': 0.9736751914024353, 'best_nDCG@10': 0.02140570990741253, 'loss': 0.028185328468680382, 'ram_peak_mb': 10118.0078125, 'vram_peak_mb': 2104.5927734375, 'epoch': 96, 'step': 56454}, validation_spec=None)
[36m(RayTrainWorker pid=4028311)[0m Checkpoint successfully created at: Checkpoint(filesystem=local, path=/home/vincenzo/warprec/experiment/lightgcn/amazon_book/amazon_book/ray_results/ray_train_trial_id=91fef_00000/checkpoint_2026-08-03_14-53-37.262198)
[36m(RayTrainWorker pid=4028311)[0m Reporting training result 98: TrainingReport(checkpoint=Checkpoint(filesystem=local, path=/home/vincenzo/warprec/experiment/lightgcn/amazon_book/amazon_book/ray_results/ray_train_trial_id=91fef_00000/checkpoint_2026-08-03_14-53-37.262198), metrics={'nDCG@10': 0.02140016295015812, 'Recall@10': 0.019987933337688446, 'EPC@10': 0.017532069236040115, 'Gini@10': 0.9732322096824646, 'best_nDCG@10': 0.02140570990741253, 'loss': 0.02765747904777527, 'ram_peak_mb': 10117.0234375, 'vram_peak_mb': 2104.5927734375, 'epoch': 97, 'step': 57036}, validation_spec=None)

Trial status: 1 RUNNING
Current time: 2026-08-03 14:53:02. Total running time: 1hr 29min 10s
Logical resource usage: 0.05/12 CPUs, 0/2 GPUs (0.0/1.0 accelerator_type:G)
Current best trial: 91fef_00000 with nDCG@10=0.02140570990741253 and params={'embedding_size': 64, 'n_layers': 3, 'reg_weight': 0.0001, 'batch_size': 4096, 'epochs': 1000, 'learning_rate': 0.001}
╭───────────────────────────────────────────────────────────────────────────────────────────────────────────────────────────────────────────────────────────────────────────────────────────────────────────────────────╮
│ Trial name                          status       embedding_size     n_layers     reg_weight     batch_size     epochs     learning_rate     iter     total time (s)     nDCG@10     Recall@10      EPC@10     Gini@10 │
├───────────────────────────────────────────────────────────────────────────────────────────────────────────────────────────────────────────────────────────────────────────────────────────────────────────────────────┤
│ LightGCN_LyricalMacaqueOfEmphasis   RUNNING                  64            3         0.0001           4096       1000             0.001       97            5320.44   0.0214057     0.0199975   0.0175408    0.973675 │
╰───────────────────────────────────────────────────────────────────────────────────────────────────────────────────────────────────────────────────────────────────────────────────────────────────────────────────────╯
Trial status: 1 RUNNING
Current time: 2026-08-03 14:53:32. Total running time: 1hr 29min 40s
Logical resource usage: 0.05/12 CPUs, 0/2 GPUs (0.0/1.0 accelerator_type:G)
Current best trial: 91fef_00000 with nDCG@10=0.02140570990741253 and params={'embedding_size': 64, 'n_layers': 3, 'reg_weight': 0.0001, 'batch_size': 4096, 'epochs': 1000, 'learning_rate': 0.001}
╭───────────────────────────────────────────────────────────────────────────────────────────────────────────────────────────────────────────────────────────────────────────────────────────────────────────────────────╮
│ Trial name                          status       embedding_size     n_layers     reg_weight     batch_size     epochs     learning_rate     iter     total time (s)     nDCG@10     Recall@10      EPC@10     Gini@10 │
├───────────────────────────────────────────────────────────────────────────────────────────────────────────────────────────────────────────────────────────────────────────────────────────────────────────────────────┤
│ LightGCN_LyricalMacaqueOfEmphasis   RUNNING                  64            3         0.0001           4096       1000             0.001       97            5320.44   0.0214057     0.0199975   0.0175408    0.973675 │
╰───────────────────────────────────────────────────────────────────────────────────────────────────────────────────────────────────────────────────────────────────────────────────────────────────────────────────────╯
Trial status: 1 RUNNING
Current time: 2026-08-03 14:54:02. Total running time: 1hr 30min 10s
Logical resource usage: 0.05/12 CPUs, 0/2 GPUs (0.0/1.0 accelerator_type:G)
Current best trial: 91fef_00000 with nDCG@10=0.02140016295015812 and params={'embedding_size': 64, 'n_layers': 3, 'reg_weight': 0.0001, 'batch_size': 4096, 'epochs': 1000, 'learning_rate': 0.001}
╭───────────────────────────────────────────────────────────────────────────────────────────────────────────────────────────────────────────────────────────────────────────────────────────────────────────────────────╮
│ Trial name                          status       embedding_size     n_layers     reg_weight     batch_size     epochs     learning_rate     iter     total time (s)     nDCG@10     Recall@10      EPC@10     Gini@10 │
├───────────────────────────────────────────────────────────────────────────────────────────────────────────────────────────────────────────────────────────────────────────────────────────────────────────────────────┤
│ LightGCN_LyricalMacaqueOfEmphasis   RUNNING                  64            3         0.0001           4096       1000             0.001       98             5374.8   0.0214002     0.0199879   0.0175321    0.973232 │
╰───────────────────────────────────────────────────────────────────────────────────────────────────────────────────────────────────────────────────────────────────────────────────────────────────────────────────────╯[36m(RayTrainWorker pid=4028311)[0m Checkpoint successfully created at: Checkpoint(filesystem=local, path=/home/vincenzo/warprec/experiment/lightgcn/amazon_book/amazon_book/ray_results/ray_train_trial_id=91fef_00000/checkpoint_2026-08-03_14-54-31.295609)
[36m(RayTrainWorker pid=4028311)[0m Reporting training result 99: TrainingReport(checkpoint=Checkpoint(filesystem=local, path=/home/vincenzo/warprec/experiment/lightgcn/amazon_book/amazon_book/ray_results/ray_train_trial_id=91fef_00000/checkpoint_2026-08-03_14-54-31.295609), metrics={'nDCG@10': 0.021475035697221756, 'Recall@10': 0.02009085938334465, 'EPC@10': 0.01760135404765606, 'Gini@10': 0.9727552533149719, 'best_nDCG@10': 0.021475035697221756, 'loss': 0.02775895968079567, 'ram_peak_mb': 10117.01953125, 'vram_peak_mb': 2104.5927734375, 'epoch': 98, 'step': 57618}, validation_spec=None)
[36m(RayTrainWorker pid=4028311)[0m Checkpoint successfully created at: Checkpoint(filesystem=local, path=/home/vincenzo/warprec/experiment/lightgcn/amazon_book/amazon_book/ray_results/ray_train_trial_id=91fef_00000/checkpoint_2026-08-03_14-55-26.497834)
[36m(RayTrainWorker pid=4028311)[0m Reporting training result 100: TrainingReport(checkpoint=Checkpoint(filesystem=local, path=/home/vincenzo/warprec/experiment/lightgcn/amazon_book/amazon_book/ray_results/ray_train_trial_id=91fef_00000/checkpoint_2026-08-03_14-55-26.497834), metrics={'nDCG@10': 0.021476399153470993, 'Recall@10': 0.02014625072479248, 'EPC@10': 0.017584290355443954, 'Gini@10': 0.9725109934806824, 'best_nDCG@10': 0.021476399153470993, 'loss': 0.027357647195458412, 'ram_peak_mb': 10117.02734375, 'vram_peak_mb': 2104.5927734375, 'epoch': 99, 'step': 58200}, validation_spec=None)

Trial status: 1 RUNNING
Current time: 2026-08-03 14:54:33. Total running time: 1hr 30min 40s
Logical resource usage: 0.05/12 CPUs, 0/2 GPUs (0.0/1.0 accelerator_type:G)
Current best trial: 91fef_00000 with nDCG@10=0.02140016295015812 and params={'embedding_size': 64, 'n_layers': 3, 'reg_weight': 0.0001, 'batch_size': 4096, 'epochs': 1000, 'learning_rate': 0.001}
╭───────────────────────────────────────────────────────────────────────────────────────────────────────────────────────────────────────────────────────────────────────────────────────────────────────────────────────╮
│ Trial name                          status       embedding_size     n_layers     reg_weight     batch_size     epochs     learning_rate     iter     total time (s)     nDCG@10     Recall@10      EPC@10     Gini@10 │
├───────────────────────────────────────────────────────────────────────────────────────────────────────────────────────────────────────────────────────────────────────────────────────────────────────────────────────┤
│ LightGCN_LyricalMacaqueOfEmphasis   RUNNING                  64            3         0.0001           4096       1000             0.001       98             5374.8   0.0214002     0.0199879   0.0175321    0.973232 │
╰───────────────────────────────────────────────────────────────────────────────────────────────────────────────────────────────────────────────────────────────────────────────────────────────────────────────────────╯
Trial status: 1 RUNNING
Current time: 2026-08-03 14:55:03. Total running time: 1hr 31min 10s
Logical resource usage: 0.05/12 CPUs, 0/2 GPUs (0.0/1.0 accelerator_type:G)
Current best trial: 91fef_00000 with nDCG@10=0.021475035697221756 and params={'embedding_size': 64, 'n_layers': 3, 'reg_weight': 0.0001, 'batch_size': 4096, 'epochs': 1000, 'learning_rate': 0.001}
╭───────────────────────────────────────────────────────────────────────────────────────────────────────────────────────────────────────────────────────────────────────────────────────────────────────────────────────╮
│ Trial name                          status       embedding_size     n_layers     reg_weight     batch_size     epochs     learning_rate     iter     total time (s)     nDCG@10     Recall@10      EPC@10     Gini@10 │
├───────────────────────────────────────────────────────────────────────────────────────────────────────────────────────────────────────────────────────────────────────────────────────────────────────────────────────┤
│ LightGCN_LyricalMacaqueOfEmphasis   RUNNING                  64            3         0.0001           4096       1000             0.001       99            5429.35    0.021475     0.0200909   0.0176014    0.972755 │
╰───────────────────────────────────────────────────────────────────────────────────────────────────────────────────────────────────────────────────────────────────────────────────────────────────────────────────────╯
Trial status: 1 RUNNING
Current time: 2026-08-03 14:55:33. Total running time: 1hr 31min 40s
Logical resource usage: 0.05/12 CPUs, 0/2 GPUs (0.0/1.0 accelerator_type:G)
Current best trial: 91fef_00000 with nDCG@10=0.021476399153470993 and params={'embedding_size': 64, 'n_layers': 3, 'reg_weight': 0.0001, 'batch_size': 4096, 'epochs': 1000, 'learning_rate': 0.001}
╭───────────────────────────────────────────────────────────────────────────────────────────────────────────────────────────────────────────────────────────────────────────────────────────────────────────────────────╮
│ Trial name                          status       embedding_size     n_layers     reg_weight     batch_size     epochs     learning_rate     iter     total time (s)     nDCG@10     Recall@10      EPC@10     Gini@10 │
├───────────────────────────────────────────────────────────────────────────────────────────────────────────────────────────────────────────────────────────────────────────────────────────────────────────────────────┤
│ LightGCN_LyricalMacaqueOfEmphasis   RUNNING                  64            3         0.0001           4096       1000             0.001      100            5483.52   0.0214764     0.0201463   0.0175843    0.972511 │
╰───────────────────────────────────────────────────────────────────────────────────────────────────────────────────────────────────────────────────────────────────────────────────────────────────────────────────────╯[36m(RayTrainWorker pid=4028311)[0m Checkpoint successfully created at: Checkpoint(filesystem=local, path=/home/vincenzo/warprec/experiment/lightgcn/amazon_book/amazon_book/ray_results/ray_train_trial_id=91fef_00000/checkpoint_2026-08-03_14-56-20.894812)
[36m(RayTrainWorker pid=4028311)[0m Reporting training result 101: TrainingReport(checkpoint=Checkpoint(filesystem=local, path=/home/vincenzo/warprec/experiment/lightgcn/amazon_book/amazon_book/ray_results/ray_train_trial_id=91fef_00000/checkpoint_2026-08-03_14-56-20.894812), metrics={'nDCG@10': 0.02149856463074684, 'Recall@10': 0.020206494256854057, 'EPC@10': 0.017602628096938133, 'Gini@10': 0.9719626307487488, 'best_nDCG@10': 0.02149856463074684, 'loss': 0.027333347126841545, 'ram_peak_mb': 10118.04296875, 'vram_peak_mb': 2104.5927734375, 'epoch': 100, 'step': 58782}, validation_spec=None)

Trial status: 1 RUNNING
Current time: 2026-08-03 14:56:03. Total running time: 1hr 32min 10s
Logical resource usage: 0.05/12 CPUs, 0/2 GPUs (0.0/1.0 accelerator_type:G)
Current best trial: 91fef_00000 with nDCG@10=0.021476399153470993 and params={'embedding_size': 64, 'n_layers': 3, 'reg_weight': 0.0001, 'batch_size': 4096, 'epochs': 1000, 'learning_rate': 0.001}
╭───────────────────────────────────────────────────────────────────────────────────────────────────────────────────────────────────────────────────────────────────────────────────────────────────────────────────────╮
│ Trial name                          status       embedding_size     n_layers     reg_weight     batch_size     epochs     learning_rate     iter     total time (s)     nDCG@10     Recall@10      EPC@10     Gini@10 │
├───────────────────────────────────────────────────────────────────────────────────────────────────────────────────────────────────────────────────────────────────────────────────────────────────────────────────────┤
│ LightGCN_LyricalMacaqueOfEmphasis   RUNNING                  64            3         0.0001           4096       1000             0.001      100            5483.52   0.0214764     0.0201463   0.0175843    0.972511 │
╰───────────────────────────────────────────────────────────────────────────────────────────────────────────────────────────────────────────────────────────────────────────────────────────────────────────────────────╯
Trial status: 1 RUNNING
Current time: 2026-08-03 14:56:33. Total running time: 1hr 32min 40s
Logical resource usage: 0.05/12 CPUs, 0/2 GPUs (0.0/1.0 accelerator_type:G)
Current best trial: 91fef_00000 with nDCG@10=0.02149856463074684 and params={'embedding_size': 64, 'n_layers': 3, 'reg_weight': 0.0001, 'batch_size': 4096, 'epochs': 1000, 'learning_rate': 0.001}
╭───────────────────────────────────────────────────────────────────────────────────────────────────────────────────────────────────────────────────────────────────────────────────────────────────────────────────────╮
│ Trial name                          status       embedding_size     n_layers     reg_weight     batch_size     epochs     learning_rate     iter     total time (s)     nDCG@10     Recall@10      EPC@10     Gini@10 │
├───────────────────────────────────────────────────────────────────────────────────────────────────────────────────────────────────────────────────────────────────────────────────────────────────────────────────────┤
│ LightGCN_LyricalMacaqueOfEmphasis   RUNNING                  64            3         0.0001           4096       1000             0.001      101             5537.8   0.0214986     0.0202065   0.0176026    0.971963 │
╰───────────────────────────────────────────────────────────────────────────────────────────────────────────────────────────────────────────────────────────────────────────────────────────────────────────────────────╯
Trial status: 1 RUNNING
Current time: 2026-08-03 14:57:03. Total running time: 1hr 33min 10s
Logical resource usage: 0.05/12 CPUs, 0/2 GPUs (0.0/1.0 accelerator_type:G)
Current best trial: 91fef_00000 with nDCG@10=0.02149856463074684 and params={'embedding_size': 64, 'n_layers': 3, 'reg_weight': 0.0001, 'batch_size': 4096, 'epochs': 1000, 'learning_rate': 0.001}
╭───────────────────────────────────────────────────────────────────────────────────────────────────────────────────────────────────────────────────────────────────────────────────────────────────────────────────────╮
│ Trial name                          status       embedding_size     n_layers     reg_weight     batch_size     epochs     learning_rate     iter     total time (s)     nDCG@10     Recall@10      EPC@10     Gini@10 │
├───────────────────────────────────────────────────────────────────────────────────────────────────────────────────────────────────────────────────────────────────────────────────────────────────────────────────────┤
│ LightGCN_LyricalMacaqueOfEmphasis   RUNNING                  64            3         0.0001           4096       1000             0.001      101             5537.8   0.0214986     0.0202065   0.0176026    0.971963 │
╰───────────────────────────────────────────────────────────────────────────────────────────────────────────────────────────────────────────────────────────────────────────────────────────────────────────────────────╯[36m(RayTrainWorker pid=4028311)[0m Checkpoint successfully created at: Checkpoint(filesystem=local, path=/home/vincenzo/warprec/experiment/lightgcn/amazon_book/amazon_book/ray_results/ray_train_trial_id=91fef_00000/checkpoint_2026-08-03_14-57-15.250117)
[36m(RayTrainWorker pid=4028311)[0m Reporting training result 102: TrainingReport(checkpoint=Checkpoint(filesystem=local, path=/home/vincenzo/warprec/experiment/lightgcn/amazon_book/amazon_book/ray_results/ray_train_trial_id=91fef_00000/checkpoint_2026-08-03_14-57-15.250117), metrics={'nDCG@10': 0.021585628390312195, 'Recall@10': 0.020291032269597054, 'EPC@10': 0.01767267845571041, 'Gini@10': 0.9714895486831665, 'best_nDCG@10': 0.021585628390312195, 'loss': 0.027364319190382957, 'ram_peak_mb': 10118.0703125, 'vram_peak_mb': 2104.5927734375, 'epoch': 101, 'step': 59364}, validation_spec=None)
[36m(RayTrainWorker pid=4028311)[0m Checkpoint successfully created at: Checkpoint(filesystem=local, path=/home/vincenzo/warprec/experiment/lightgcn/amazon_book/amazon_book/ray_results/ray_train_trial_id=91fef_00000/checkpoint_2026-08-03_14-58-09.800952)
[36m(RayTrainWorker pid=4028311)[0m Reporting training result 103: TrainingReport(checkpoint=Checkpoint(filesystem=local, path=/home/vincenzo/warprec/experiment/lightgcn/amazon_book/amazon_book/ray_results/ray_train_trial_id=91fef_00000/checkpoint_2026-08-03_14-58-09.800952), metrics={'nDCG@10': 0.02153342217206955, 'Recall@10': 0.0202158372849226, 'EPC@10': 0.017630061134696007, 'Gini@10': 0.9710402488708496, 'best_nDCG@10': 0.021585628390312195, 'loss': 0.027086777612566948, 'ram_peak_mb': 10114.8828125, 'vram_peak_mb': 2104.5927734375, 'epoch': 102, 'step': 59946}, validation_spec=None)

Trial status: 1 RUNNING
Current time: 2026-08-03 14:57:33. Total running time: 1hr 33min 40s
Logical resource usage: 0.05/12 CPUs, 0/2 GPUs (0.0/1.0 accelerator_type:G)
Current best trial: 91fef_00000 with nDCG@10=0.021585628390312195 and params={'embedding_size': 64, 'n_layers': 3, 'reg_weight': 0.0001, 'batch_size': 4096, 'epochs': 1000, 'learning_rate': 0.001}
╭───────────────────────────────────────────────────────────────────────────────────────────────────────────────────────────────────────────────────────────────────────────────────────────────────────────────────────╮
│ Trial name                          status       embedding_size     n_layers     reg_weight     batch_size     epochs     learning_rate     iter     total time (s)     nDCG@10     Recall@10      EPC@10     Gini@10 │
├───────────────────────────────────────────────────────────────────────────────────────────────────────────────────────────────────────────────────────────────────────────────────────────────────────────────────────┤
│ LightGCN_LyricalMacaqueOfEmphasis   RUNNING                  64            3         0.0001           4096       1000             0.001      102            5592.13   0.0215856      0.020291   0.0176727     0.97149 │
╰───────────────────────────────────────────────────────────────────────────────────────────────────────────────────────────────────────────────────────────────────────────────────────────────────────────────────────╯
Trial status: 1 RUNNING
Current time: 2026-08-03 14:58:03. Total running time: 1hr 34min 10s
Logical resource usage: 0.05/12 CPUs, 0/2 GPUs (0.0/1.0 accelerator_type:G)
Current best trial: 91fef_00000 with nDCG@10=0.021585628390312195 and params={'embedding_size': 64, 'n_layers': 3, 'reg_weight': 0.0001, 'batch_size': 4096, 'epochs': 1000, 'learning_rate': 0.001}
╭───────────────────────────────────────────────────────────────────────────────────────────────────────────────────────────────────────────────────────────────────────────────────────────────────────────────────────╮
│ Trial name                          status       embedding_size     n_layers     reg_weight     batch_size     epochs     learning_rate     iter     total time (s)     nDCG@10     Recall@10      EPC@10     Gini@10 │
├───────────────────────────────────────────────────────────────────────────────────────────────────────────────────────────────────────────────────────────────────────────────────────────────────────────────────────┤
│ LightGCN_LyricalMacaqueOfEmphasis   RUNNING                  64            3         0.0001           4096       1000             0.001      102            5592.13   0.0215856      0.020291   0.0176727     0.97149 │
╰───────────────────────────────────────────────────────────────────────────────────────────────────────────────────────────────────────────────────────────────────────────────────────────────────────────────────────╯
Trial status: 1 RUNNING
Current time: 2026-08-03 14:58:33. Total running time: 1hr 34min 40s
Logical resource usage: 0.05/12 CPUs, 0/2 GPUs (0.0/1.0 accelerator_type:G)
Current best trial: 91fef_00000 with nDCG@10=0.02153342217206955 and params={'embedding_size': 64, 'n_layers': 3, 'reg_weight': 0.0001, 'batch_size': 4096, 'epochs': 1000, 'learning_rate': 0.001}
╭───────────────────────────────────────────────────────────────────────────────────────────────────────────────────────────────────────────────────────────────────────────────────────────────────────────────────────╮
│ Trial name                          status       embedding_size     n_layers     reg_weight     batch_size     epochs     learning_rate     iter     total time (s)     nDCG@10     Recall@10      EPC@10     Gini@10 │
├───────────────────────────────────────────────────────────────────────────────────────────────────────────────────────────────────────────────────────────────────────────────────────────────────────────────────────┤
│ LightGCN_LyricalMacaqueOfEmphasis   RUNNING                  64            3         0.0001           4096       1000             0.001      103             5646.6   0.0215334     0.0202158   0.0176301     0.97104 │
╰───────────────────────────────────────────────────────────────────────────────────────────────────────────────────────────────────────────────────────────────────────────────────────────────────────────────────────╯[36m(RayTrainWorker pid=4028311)[0m Checkpoint successfully created at: Checkpoint(filesystem=local, path=/home/vincenzo/warprec/experiment/lightgcn/amazon_book/amazon_book/ray_results/ray_train_trial_id=91fef_00000/checkpoint_2026-08-03_14-59-04.377127)
[36m(RayTrainWorker pid=4028311)[0m Reporting training result 104: TrainingReport(checkpoint=Checkpoint(filesystem=local, path=/home/vincenzo/warprec/experiment/lightgcn/amazon_book/amazon_book/ray_results/ray_train_trial_id=91fef_00000/checkpoint_2026-08-03_14-59-04.377127), metrics={'nDCG@10': 0.021586600691080093, 'Recall@10': 0.020251888781785965, 'EPC@10': 0.017672911286354065, 'Gini@10': 0.9706557393074036, 'best_nDCG@10': 0.021586600691080093, 'loss': 0.027019578963518143, 'ram_peak_mb': 10114.9453125, 'vram_peak_mb': 2104.5927734375, 'epoch': 103, 'step': 60528}, validation_spec=None)
[36m(RayTrainWorker pid=4028311)[0m Checkpoint successfully created at: Checkpoint(filesystem=local, path=/home/vincenzo/warprec/experiment/lightgcn/amazon_book/amazon_book/ray_results/ray_train_trial_id=91fef_00000/checkpoint_2026-08-03_14-59-58.699342)
[36m(RayTrainWorker pid=4028311)[0m Reporting training result 105: TrainingReport(checkpoint=Checkpoint(filesystem=local, path=/home/vincenzo/warprec/experiment/lightgcn/amazon_book/amazon_book/ray_results/ray_train_trial_id=91fef_00000/checkpoint_2026-08-03_14-59-58.699342), metrics={'nDCG@10': 0.02154756337404251, 'Recall@10': 0.020210882648825645, 'EPC@10': 0.017645061016082764, 'Gini@10': 0.970146656036377, 'best_nDCG@10': 0.021586600691080093, 'loss': 0.026849694550037384, 'ram_peak_mb': 10116.02734375, 'vram_peak_mb': 2104.5927734375, 'epoch': 104, 'step': 61110}, validation_spec=None)

Trial status: 1 RUNNING
Current time: 2026-08-03 14:59:03. Total running time: 1hr 35min 10s
Logical resource usage: 0.05/12 CPUs, 0/2 GPUs (0.0/1.0 accelerator_type:G)
Current best trial: 91fef_00000 with nDCG@10=0.02153342217206955 and params={'embedding_size': 64, 'n_layers': 3, 'reg_weight': 0.0001, 'batch_size': 4096, 'epochs': 1000, 'learning_rate': 0.001}
╭───────────────────────────────────────────────────────────────────────────────────────────────────────────────────────────────────────────────────────────────────────────────────────────────────────────────────────╮
│ Trial name                          status       embedding_size     n_layers     reg_weight     batch_size     epochs     learning_rate     iter     total time (s)     nDCG@10     Recall@10      EPC@10     Gini@10 │
├───────────────────────────────────────────────────────────────────────────────────────────────────────────────────────────────────────────────────────────────────────────────────────────────────────────────────────┤
│ LightGCN_LyricalMacaqueOfEmphasis   RUNNING                  64            3         0.0001           4096       1000             0.001      103             5646.6   0.0215334     0.0202158   0.0176301     0.97104 │
╰───────────────────────────────────────────────────────────────────────────────────────────────────────────────────────────────────────────────────────────────────────────────────────────────────────────────────────╯
Trial status: 1 RUNNING
Current time: 2026-08-03 14:59:33. Total running time: 1hr 35min 40s
Logical resource usage: 0.05/12 CPUs, 0/2 GPUs (0.0/1.0 accelerator_type:G)
Current best trial: 91fef_00000 with nDCG@10=0.021586600691080093 and params={'embedding_size': 64, 'n_layers': 3, 'reg_weight': 0.0001, 'batch_size': 4096, 'epochs': 1000, 'learning_rate': 0.001}
╭───────────────────────────────────────────────────────────────────────────────────────────────────────────────────────────────────────────────────────────────────────────────────────────────────────────────────────╮
│ Trial name                          status       embedding_size     n_layers     reg_weight     batch_size     epochs     learning_rate     iter     total time (s)     nDCG@10     Recall@10      EPC@10     Gini@10 │
├───────────────────────────────────────────────────────────────────────────────────────────────────────────────────────────────────────────────────────────────────────────────────────────────────────────────────────┤
│ LightGCN_LyricalMacaqueOfEmphasis   RUNNING                  64            3         0.0001           4096       1000             0.001      104            5700.84   0.0215866     0.0202519   0.0176729    0.970656 │
╰───────────────────────────────────────────────────────────────────────────────────────────────────────────────────────────────────────────────────────────────────────────────────────────────────────────────────────╯
Trial status: 1 RUNNING
Current time: 2026-08-03 15:00:03. Total running time: 1hr 36min 11s
Logical resource usage: 0.05/12 CPUs, 0/2 GPUs (0.0/1.0 accelerator_type:G)
Current best trial: 91fef_00000 with nDCG@10=0.02154756337404251 and params={'embedding_size': 64, 'n_layers': 3, 'reg_weight': 0.0001, 'batch_size': 4096, 'epochs': 1000, 'learning_rate': 0.001}
╭───────────────────────────────────────────────────────────────────────────────────────────────────────────────────────────────────────────────────────────────────────────────────────────────────────────────────────╮
│ Trial name                          status       embedding_size     n_layers     reg_weight     batch_size     epochs     learning_rate     iter     total time (s)     nDCG@10     Recall@10      EPC@10     Gini@10 │
├───────────────────────────────────────────────────────────────────────────────────────────────────────────────────────────────────────────────────────────────────────────────────────────────────────────────────────┤
│ LightGCN_LyricalMacaqueOfEmphasis   RUNNING                  64            3         0.0001           4096       1000             0.001      105            5755.21   0.0215476     0.0202109   0.0176451    0.970147 │
╰───────────────────────────────────────────────────────────────────────────────────────────────────────────────────────────────────────────────────────────────────────────────────────────────────────────────────────╯[36m(RayTrainWorker pid=4028311)[0m Checkpoint successfully created at: Checkpoint(filesystem=local, path=/home/vincenzo/warprec/experiment/lightgcn/amazon_book/amazon_book/ray_results/ray_train_trial_id=91fef_00000/checkpoint_2026-08-03_15-00-52.867201)
[36m(RayTrainWorker pid=4028311)[0m Reporting training result 106: TrainingReport(checkpoint=Checkpoint(filesystem=local, path=/home/vincenzo/warprec/experiment/lightgcn/amazon_book/amazon_book/ray_results/ray_train_trial_id=91fef_00000/checkpoint_2026-08-03_15-00-52.867201), metrics={'nDCG@10': 0.021609565243124962, 'Recall@10': 0.02026359736919403, 'EPC@10': 0.017688557505607605, 'Gini@10': 0.9696557521820068, 'best_nDCG@10': 0.021609565243124962, 'loss': 0.02670433185994625, 'ram_peak_mb': 10118.078125, 'vram_peak_mb': 2104.5927734375, 'epoch': 105, 'step': 61692}, validation_spec=None)

Trial status: 1 RUNNING
Current time: 2026-08-03 15:00:33. Total running time: 1hr 36min 41s
Logical resource usage: 0.05/12 CPUs, 0/2 GPUs (0.0/1.0 accelerator_type:G)
Current best trial: 91fef_00000 with nDCG@10=0.02154756337404251 and params={'embedding_size': 64, 'n_layers': 3, 'reg_weight': 0.0001, 'batch_size': 4096, 'epochs': 1000, 'learning_rate': 0.001}
╭───────────────────────────────────────────────────────────────────────────────────────────────────────────────────────────────────────────────────────────────────────────────────────────────────────────────────────╮
│ Trial name                          status       embedding_size     n_layers     reg_weight     batch_size     epochs     learning_rate     iter     total time (s)     nDCG@10     Recall@10      EPC@10     Gini@10 │
├───────────────────────────────────────────────────────────────────────────────────────────────────────────────────────────────────────────────────────────────────────────────────────────────────────────────────────┤
│ LightGCN_LyricalMacaqueOfEmphasis   RUNNING                  64            3         0.0001           4096       1000             0.001      105            5755.21   0.0215476     0.0202109   0.0176451    0.970147 │
╰───────────────────────────────────────────────────────────────────────────────────────────────────────────────────────────────────────────────────────────────────────────────────────────────────────────────────────╯
Trial status: 1 RUNNING
Current time: 2026-08-03 15:01:03. Total running time: 1hr 37min 11s
Logical resource usage: 0.05/12 CPUs, 0/2 GPUs (0.0/1.0 accelerator_type:G)
Current best trial: 91fef_00000 with nDCG@10=0.021609565243124962 and params={'embedding_size': 64, 'n_layers': 3, 'reg_weight': 0.0001, 'batch_size': 4096, 'epochs': 1000, 'learning_rate': 0.001}
╭───────────────────────────────────────────────────────────────────────────────────────────────────────────────────────────────────────────────────────────────────────────────────────────────────────────────────────╮
│ Trial name                          status       embedding_size     n_layers     reg_weight     batch_size     epochs     learning_rate     iter     total time (s)     nDCG@10     Recall@10      EPC@10     Gini@10 │
├───────────────────────────────────────────────────────────────────────────────────────────────────────────────────────────────────────────────────────────────────────────────────────────────────────────────────────┤
│ LightGCN_LyricalMacaqueOfEmphasis   RUNNING                  64            3         0.0001           4096       1000             0.001      106            5809.76   0.0216096     0.0202636   0.0176886    0.969656 │
╰───────────────────────────────────────────────────────────────────────────────────────────────────────────────────────────────────────────────────────────────────────────────────────────────────────────────────────╯
Trial status: 1 RUNNING
Current time: 2026-08-03 15:01:33. Total running time: 1hr 37min 41s
Logical resource usage: 0.05/12 CPUs, 0/2 GPUs (0.0/1.0 accelerator_type:G)
Current best trial: 91fef_00000 with nDCG@10=0.021609565243124962 and params={'embedding_size': 64, 'n_layers': 3, 'reg_weight': 0.0001, 'batch_size': 4096, 'epochs': 1000, 'learning_rate': 0.001}
╭───────────────────────────────────────────────────────────────────────────────────────────────────────────────────────────────────────────────────────────────────────────────────────────────────────────────────────╮
│ Trial name                          status       embedding_size     n_layers     reg_weight     batch_size     epochs     learning_rate     iter     total time (s)     nDCG@10     Recall@10      EPC@10     Gini@10 │
├───────────────────────────────────────────────────────────────────────────────────────────────────────────────────────────────────────────────────────────────────────────────────────────────────────────────────────┤
│ LightGCN_LyricalMacaqueOfEmphasis   RUNNING                  64            3         0.0001           4096       1000             0.001      106            5809.76   0.0216096     0.0202636   0.0176886    0.969656 │
╰───────────────────────────────────────────────────────────────────────────────────────────────────────────────────────────────────────────────────────────────────────────────────────────────────────────────────────╯[36m(RayTrainWorker pid=4028311)[0m Checkpoint successfully created at: Checkpoint(filesystem=local, path=/home/vincenzo/warprec/experiment/lightgcn/amazon_book/amazon_book/ray_results/ray_train_trial_id=91fef_00000/checkpoint_2026-08-03_15-01-47.509555)
[36m(RayTrainWorker pid=4028311)[0m Reporting training result 107: TrainingReport(checkpoint=Checkpoint(filesystem=local, path=/home/vincenzo/warprec/experiment/lightgcn/amazon_book/amazon_book/ray_results/ray_train_trial_id=91fef_00000/checkpoint_2026-08-03_15-01-47.509555), metrics={'nDCG@10': 0.021630045026540756, 'Recall@10': 0.02030576951801777, 'EPC@10': 0.017708027735352516, 'Gini@10': 0.9692568182945251, 'best_nDCG@10': 0.021630045026540756, 'loss': 0.02648843452334404, 'ram_peak_mb': 10119.109375, 'vram_peak_mb': 2104.5927734375, 'epoch': 106, 'step': 62274}, validation_spec=None)
[36m(RayTrainWorker pid=4028311)[0m Checkpoint successfully created at: Checkpoint(filesystem=local, path=/home/vincenzo/warprec/experiment/lightgcn/amazon_book/amazon_book/ray_results/ray_train_trial_id=91fef_00000/checkpoint_2026-08-03_15-02-42.009621)
[36m(RayTrainWorker pid=4028311)[0m Reporting training result 108: TrainingReport(checkpoint=Checkpoint(filesystem=local, path=/home/vincenzo/warprec/experiment/lightgcn/amazon_book/amazon_book/ray_results/ray_train_trial_id=91fef_00000/checkpoint_2026-08-03_15-02-42.009621), metrics={'nDCG@10': 0.021667107939720154, 'Recall@10': 0.020347999408841133, 'EPC@10': 0.01772543601691723, 'Gini@10': 0.9688997864723206, 'best_nDCG@10': 0.021667107939720154, 'loss': 0.026389824226498604, 'ram_peak_mb': 10119.109375, 'vram_peak_mb': 2104.5927734375, 'epoch': 107, 'step': 62856}, validation_spec=None)

Trial status: 1 RUNNING
Current time: 2026-08-03 15:02:03. Total running time: 1hr 38min 11s
Logical resource usage: 0.05/12 CPUs, 0/2 GPUs (0.0/1.0 accelerator_type:G)
Current best trial: 91fef_00000 with nDCG@10=0.021630045026540756 and params={'embedding_size': 64, 'n_layers': 3, 'reg_weight': 0.0001, 'batch_size': 4096, 'epochs': 1000, 'learning_rate': 0.001}
╭──────────────────────────────────────────────────────────────────────────────────────────────────────────────────────────────────────────────────────────────────────────────────────────────────────────────────────╮
│ Trial name                          status       embedding_size     n_layers     reg_weight     batch_size     epochs     learning_rate     iter     total time (s)     nDCG@10     Recall@10     EPC@10     Gini@10 │
├──────────────────────────────────────────────────────────────────────────────────────────────────────────────────────────────────────────────────────────────────────────────────────────────────────────────────────┤
│ LightGCN_LyricalMacaqueOfEmphasis   RUNNING                  64            3         0.0001           4096       1000             0.001      107            5863.93     0.02163     0.0203058   0.017708    0.969257 │
╰──────────────────────────────────────────────────────────────────────────────────────────────────────────────────────────────────────────────────────────────────────────────────────────────────────────────────────╯
Trial status: 1 RUNNING
Current time: 2026-08-03 15:02:33. Total running time: 1hr 38min 41s
Logical resource usage: 0.05/12 CPUs, 0/2 GPUs (0.0/1.0 accelerator_type:G)
Current best trial: 91fef_00000 with nDCG@10=0.021630045026540756 and params={'embedding_size': 64, 'n_layers': 3, 'reg_weight': 0.0001, 'batch_size': 4096, 'epochs': 1000, 'learning_rate': 0.001}
╭──────────────────────────────────────────────────────────────────────────────────────────────────────────────────────────────────────────────────────────────────────────────────────────────────────────────────────╮
│ Trial name                          status       embedding_size     n_layers     reg_weight     batch_size     epochs     learning_rate     iter     total time (s)     nDCG@10     Recall@10     EPC@10     Gini@10 │
├──────────────────────────────────────────────────────────────────────────────────────────────────────────────────────────────────────────────────────────────────────────────────────────────────────────────────────┤
│ LightGCN_LyricalMacaqueOfEmphasis   RUNNING                  64            3         0.0001           4096       1000             0.001      107            5863.93     0.02163     0.0203058   0.017708    0.969257 │
╰──────────────────────────────────────────────────────────────────────────────────────────────────────────────────────────────────────────────────────────────────────────────────────────────────────────────────────╯
Trial status: 1 RUNNING
Current time: 2026-08-03 15:03:03. Total running time: 1hr 39min 11s
Logical resource usage: 0.05/12 CPUs, 0/2 GPUs (0.0/1.0 accelerator_type:G)
Current best trial: 91fef_00000 with nDCG@10=0.021667107939720154 and params={'embedding_size': 64, 'n_layers': 3, 'reg_weight': 0.0001, 'batch_size': 4096, 'epochs': 1000, 'learning_rate': 0.001}
╭───────────────────────────────────────────────────────────────────────────────────────────────────────────────────────────────────────────────────────────────────────────────────────────────────────────────────────╮
│ Trial name                          status       embedding_size     n_layers     reg_weight     batch_size     epochs     learning_rate     iter     total time (s)     nDCG@10     Recall@10      EPC@10     Gini@10 │
├───────────────────────────────────────────────────────────────────────────────────────────────────────────────────────────────────────────────────────────────────────────────────────────────────────────────────────┤
│ LightGCN_LyricalMacaqueOfEmphasis   RUNNING                  64            3         0.0001           4096       1000             0.001      108             5918.3   0.0216671      0.020348   0.0177254      0.9689 │
╰───────────────────────────────────────────────────────────────────────────────────────────────────────────────────────────────────────────────────────────────────────────────────────────────────────────────────────╯[36m(RayTrainWorker pid=4028311)[0m Checkpoint successfully created at: Checkpoint(filesystem=local, path=/home/vincenzo/warprec/experiment/lightgcn/amazon_book/amazon_book/ray_results/ray_train_trial_id=91fef_00000/checkpoint_2026-08-03_15-03-36.585493)
[36m(RayTrainWorker pid=4028311)[0m Reporting training result 109: TrainingReport(checkpoint=Checkpoint(filesystem=local, path=/home/vincenzo/warprec/experiment/lightgcn/amazon_book/amazon_book/ray_results/ray_train_trial_id=91fef_00000/checkpoint_2026-08-03_15-03-36.585493), metrics={'nDCG@10': 0.021708684042096138, 'Recall@10': 0.020394381135702133, 'EPC@10': 0.017764445394277573, 'Gini@10': 0.9685386419296265, 'best_nDCG@10': 0.021708684042096138, 'loss': 0.026261506602168083, 'ram_peak_mb': 10120.11328125, 'vram_peak_mb': 2104.5927734375, 'epoch': 108, 'step': 63438}, validation_spec=None)
[36m(RayTrainWorker pid=4028311)[0m Checkpoint successfully created at: Checkpoint(filesystem=local, path=/home/vincenzo/warprec/experiment/lightgcn/amazon_book/amazon_book/ray_results/ray_train_trial_id=91fef_00000/checkpoint_2026-08-03_15-04-31.497661)
[36m(RayTrainWorker pid=4028311)[0m Reporting training result 110: TrainingReport(checkpoint=Checkpoint(filesystem=local, path=/home/vincenzo/warprec/experiment/lightgcn/amazon_book/amazon_book/ray_results/ray_train_trial_id=91fef_00000/checkpoint_2026-08-03_15-04-31.497661), metrics={'nDCG@10': 0.02180011197924614, 'Recall@10': 0.020484237000346184, 'EPC@10': 0.017834503203630447, 'Gini@10': 0.9679975509643555, 'best_nDCG@10': 0.02180011197924614, 'loss': 0.026201430708169937, 'ram_peak_mb': 10119.12890625, 'vram_peak_mb': 2104.5927734375, 'epoch': 109, 'step': 64020}, validation_spec=None)

Trial status: 1 RUNNING
Current time: 2026-08-03 15:03:34. Total running time: 1hr 39min 41s
Logical resource usage: 0.05/12 CPUs, 0/2 GPUs (0.0/1.0 accelerator_type:G)
Current best trial: 91fef_00000 with nDCG@10=0.021667107939720154 and params={'embedding_size': 64, 'n_layers': 3, 'reg_weight': 0.0001, 'batch_size': 4096, 'epochs': 1000, 'learning_rate': 0.001}
╭───────────────────────────────────────────────────────────────────────────────────────────────────────────────────────────────────────────────────────────────────────────────────────────────────────────────────────╮
│ Trial name                          status       embedding_size     n_layers     reg_weight     batch_size     epochs     learning_rate     iter     total time (s)     nDCG@10     Recall@10      EPC@10     Gini@10 │
├───────────────────────────────────────────────────────────────────────────────────────────────────────────────────────────────────────────────────────────────────────────────────────────────────────────────────────┤
│ LightGCN_LyricalMacaqueOfEmphasis   RUNNING                  64            3         0.0001           4096       1000             0.001      108             5918.3   0.0216671      0.020348   0.0177254      0.9689 │
╰───────────────────────────────────────────────────────────────────────────────────────────────────────────────────────────────────────────────────────────────────────────────────────────────────────────────────────╯
Trial status: 1 RUNNING
Current time: 2026-08-03 15:04:04. Total running time: 1hr 40min 11s
Logical resource usage: 0.05/12 CPUs, 0/2 GPUs (0.0/1.0 accelerator_type:G)
Current best trial: 91fef_00000 with nDCG@10=0.021708684042096138 and params={'embedding_size': 64, 'n_layers': 3, 'reg_weight': 0.0001, 'batch_size': 4096, 'epochs': 1000, 'learning_rate': 0.001}
╭───────────────────────────────────────────────────────────────────────────────────────────────────────────────────────────────────────────────────────────────────────────────────────────────────────────────────────╮
│ Trial name                          status       embedding_size     n_layers     reg_weight     batch_size     epochs     learning_rate     iter     total time (s)     nDCG@10     Recall@10      EPC@10     Gini@10 │
├───────────────────────────────────────────────────────────────────────────────────────────────────────────────────────────────────────────────────────────────────────────────────────────────────────────────────────┤
│ LightGCN_LyricalMacaqueOfEmphasis   RUNNING                  64            3         0.0001           4096       1000             0.001      109            5972.66   0.0217087     0.0203944   0.0177644    0.968539 │
╰───────────────────────────────────────────────────────────────────────────────────────────────────────────────────────────────────────────────────────────────────────────────────────────────────────────────────────╯
Trial status: 1 RUNNING
Current time: 2026-08-03 15:04:34. Total running time: 1hr 40min 41s
Logical resource usage: 0.05/12 CPUs, 0/2 GPUs (0.0/1.0 accelerator_type:G)
Current best trial: 91fef_00000 with nDCG@10=0.02180011197924614 and params={'embedding_size': 64, 'n_layers': 3, 'reg_weight': 0.0001, 'batch_size': 4096, 'epochs': 1000, 'learning_rate': 0.001}
╭───────────────────────────────────────────────────────────────────────────────────────────────────────────────────────────────────────────────────────────────────────────────────────────────────────────────────────╮
│ Trial name                          status       embedding_size     n_layers     reg_weight     batch_size     epochs     learning_rate     iter     total time (s)     nDCG@10     Recall@10      EPC@10     Gini@10 │
├───────────────────────────────────────────────────────────────────────────────────────────────────────────────────────────────────────────────────────────────────────────────────────────────────────────────────────┤
│ LightGCN_LyricalMacaqueOfEmphasis   RUNNING                  64            3         0.0001           4096       1000             0.001      110            6029.03   0.0218001     0.0204842   0.0178345    0.967998 │
╰───────────────────────────────────────────────────────────────────────────────────────────────────────────────────────────────────────────────────────────────────────────────────────────────────────────────────────╯[36m(RayTrainWorker pid=4028311)[0m Checkpoint successfully created at: Checkpoint(filesystem=local, path=/home/vincenzo/warprec/experiment/lightgcn/amazon_book/amazon_book/ray_results/ray_train_trial_id=91fef_00000/checkpoint_2026-08-03_15-05-25.708838)
[36m(RayTrainWorker pid=4028311)[0m Reporting training result 111: TrainingReport(checkpoint=Checkpoint(filesystem=local, path=/home/vincenzo/warprec/experiment/lightgcn/amazon_book/amazon_book/ray_results/ray_train_trial_id=91fef_00000/checkpoint_2026-08-03_15-05-25.708838), metrics={'nDCG@10': 0.021884271875023842, 'Recall@10': 0.020583610981702805, 'EPC@10': 0.017918867990374565, 'Gini@10': 0.9674854874610901, 'best_nDCG@10': 0.021884271875023842, 'loss': 0.025939058512449265, 'ram_peak_mb': 10120.09765625, 'vram_peak_mb': 2104.5927734375, 'epoch': 110, 'step': 64602}, validation_spec=None)

Trial status: 1 RUNNING
Current time: 2026-08-03 15:05:04. Total running time: 1hr 41min 11s
Logical resource usage: 0.05/12 CPUs, 0/2 GPUs (0.0/1.0 accelerator_type:G)
Current best trial: 91fef_00000 with nDCG@10=0.02180011197924614 and params={'embedding_size': 64, 'n_layers': 3, 'reg_weight': 0.0001, 'batch_size': 4096, 'epochs': 1000, 'learning_rate': 0.001}
╭───────────────────────────────────────────────────────────────────────────────────────────────────────────────────────────────────────────────────────────────────────────────────────────────────────────────────────╮
│ Trial name                          status       embedding_size     n_layers     reg_weight     batch_size     epochs     learning_rate     iter     total time (s)     nDCG@10     Recall@10      EPC@10     Gini@10 │
├───────────────────────────────────────────────────────────────────────────────────────────────────────────────────────────────────────────────────────────────────────────────────────────────────────────────────────┤
│ LightGCN_LyricalMacaqueOfEmphasis   RUNNING                  64            3         0.0001           4096       1000             0.001      110            6029.03   0.0218001     0.0204842   0.0178345    0.967998 │
╰───────────────────────────────────────────────────────────────────────────────────────────────────────────────────────────────────────────────────────────────────────────────────────────────────────────────────────╯
Trial status: 1 RUNNING
Current time: 2026-08-03 15:05:34. Total running time: 1hr 41min 41s
Logical resource usage: 0.05/12 CPUs, 0/2 GPUs (0.0/1.0 accelerator_type:G)
Current best trial: 91fef_00000 with nDCG@10=0.021884271875023842 and params={'embedding_size': 64, 'n_layers': 3, 'reg_weight': 0.0001, 'batch_size': 4096, 'epochs': 1000, 'learning_rate': 0.001}
╭───────────────────────────────────────────────────────────────────────────────────────────────────────────────────────────────────────────────────────────────────────────────────────────────────────────────────────╮
│ Trial name                          status       embedding_size     n_layers     reg_weight     batch_size     epochs     learning_rate     iter     total time (s)     nDCG@10     Recall@10      EPC@10     Gini@10 │
├───────────────────────────────────────────────────────────────────────────────────────────────────────────────────────────────────────────────────────────────────────────────────────────────────────────────────────┤
│ LightGCN_LyricalMacaqueOfEmphasis   RUNNING                  64            3         0.0001           4096       1000             0.001      111            6083.36   0.0218843     0.0205836   0.0179189    0.967485 │
╰───────────────────────────────────────────────────────────────────────────────────────────────────────────────────────────────────────────────────────────────────────────────────────────────────────────────────────╯
Trial status: 1 RUNNING
Current time: 2026-08-03 15:06:04. Total running time: 1hr 42min 11s
Logical resource usage: 0.05/12 CPUs, 0/2 GPUs (0.0/1.0 accelerator_type:G)
Current best trial: 91fef_00000 with nDCG@10=0.021884271875023842 and params={'embedding_size': 64, 'n_layers': 3, 'reg_weight': 0.0001, 'batch_size': 4096, 'epochs': 1000, 'learning_rate': 0.001}
╭───────────────────────────────────────────────────────────────────────────────────────────────────────────────────────────────────────────────────────────────────────────────────────────────────────────────────────╮
│ Trial name                          status       embedding_size     n_layers     reg_weight     batch_size     epochs     learning_rate     iter     total time (s)     nDCG@10     Recall@10      EPC@10     Gini@10 │
├───────────────────────────────────────────────────────────────────────────────────────────────────────────────────────────────────────────────────────────────────────────────────────────────────────────────────────┤
│ LightGCN_LyricalMacaqueOfEmphasis   RUNNING                  64            3         0.0001           4096       1000             0.001      111            6083.36   0.0218843     0.0205836   0.0179189    0.967485 │
╰───────────────────────────────────────────────────────────────────────────────────────────────────────────────────────────────────────────────────────────────────────────────────────────────────────────────────────╯[36m(RayTrainWorker pid=4028311)[0m Checkpoint successfully created at: Checkpoint(filesystem=local, path=/home/vincenzo/warprec/experiment/lightgcn/amazon_book/amazon_book/ray_results/ray_train_trial_id=91fef_00000/checkpoint_2026-08-03_15-06-20.907305)
[36m(RayTrainWorker pid=4028311)[0m Reporting training result 112: TrainingReport(checkpoint=Checkpoint(filesystem=local, path=/home/vincenzo/warprec/experiment/lightgcn/amazon_book/amazon_book/ray_results/ray_train_trial_id=91fef_00000/checkpoint_2026-08-03_15-06-20.907305), metrics={'nDCG@10': 0.02182408608496189, 'Recall@10': 0.020509399473667145, 'EPC@10': 0.017875516787171364, 'Gini@10': 0.9671475291252136, 'best_nDCG@10': 0.021884271875023842, 'loss': 0.02584228850901127, 'ram_peak_mb': 10120.09765625, 'vram_peak_mb': 2104.5927734375, 'epoch': 111, 'step': 65184}, validation_spec=None)
[36m(RayTrainWorker pid=4028311)[0m Checkpoint successfully created at: Checkpoint(filesystem=local, path=/home/vincenzo/warprec/experiment/lightgcn/amazon_book/amazon_book/ray_results/ray_train_trial_id=91fef_00000/checkpoint_2026-08-03_15-07-15.375880)
[36m(RayTrainWorker pid=4028311)[0m Reporting training result 113: TrainingReport(checkpoint=Checkpoint(filesystem=local, path=/home/vincenzo/warprec/experiment/lightgcn/amazon_book/amazon_book/ray_results/ray_train_trial_id=91fef_00000/checkpoint_2026-08-03_15-07-15.375880), metrics={'nDCG@10': 0.02185840718448162, 'Recall@10': 0.020580703392624855, 'EPC@10': 0.017893875017762184, 'Gini@10': 0.9667384624481201, 'best_nDCG@10': 0.021884271875023842, 'loss': 0.025765031576156616, 'ram_peak_mb': 10121.10546875, 'vram_peak_mb': 2104.5927734375, 'epoch': 112, 'step': 65766}, validation_spec=None)

Trial status: 1 RUNNING
Current time: 2026-08-03 15:06:34. Total running time: 1hr 42min 41s
Logical resource usage: 0.05/12 CPUs, 0/2 GPUs (0.0/1.0 accelerator_type:G)
Current best trial: 91fef_00000 with nDCG@10=0.02182408608496189 and params={'embedding_size': 64, 'n_layers': 3, 'reg_weight': 0.0001, 'batch_size': 4096, 'epochs': 1000, 'learning_rate': 0.001}
╭───────────────────────────────────────────────────────────────────────────────────────────────────────────────────────────────────────────────────────────────────────────────────────────────────────────────────────╮
│ Trial name                          status       embedding_size     n_layers     reg_weight     batch_size     epochs     learning_rate     iter     total time (s)     nDCG@10     Recall@10      EPC@10     Gini@10 │
├───────────────────────────────────────────────────────────────────────────────────────────────────────────────────────────────────────────────────────────────────────────────────────────────────────────────────────┤
│ LightGCN_LyricalMacaqueOfEmphasis   RUNNING                  64            3         0.0001           4096       1000             0.001      112            6137.72   0.0218241     0.0205094   0.0178755    0.967148 │
╰───────────────────────────────────────────────────────────────────────────────────────────────────────────────────────────────────────────────────────────────────────────────────────────────────────────────────────╯
Trial status: 1 RUNNING
Current time: 2026-08-03 15:07:04. Total running time: 1hr 43min 11s
Logical resource usage: 0.05/12 CPUs, 0/2 GPUs (0.0/1.0 accelerator_type:G)
Current best trial: 91fef_00000 with nDCG@10=0.02182408608496189 and params={'embedding_size': 64, 'n_layers': 3, 'reg_weight': 0.0001, 'batch_size': 4096, 'epochs': 1000, 'learning_rate': 0.001}
╭───────────────────────────────────────────────────────────────────────────────────────────────────────────────────────────────────────────────────────────────────────────────────────────────────────────────────────╮
│ Trial name                          status       embedding_size     n_layers     reg_weight     batch_size     epochs     learning_rate     iter     total time (s)     nDCG@10     Recall@10      EPC@10     Gini@10 │
├───────────────────────────────────────────────────────────────────────────────────────────────────────────────────────────────────────────────────────────────────────────────────────────────────────────────────────┤
│ LightGCN_LyricalMacaqueOfEmphasis   RUNNING                  64            3         0.0001           4096       1000             0.001      112            6137.72   0.0218241     0.0205094   0.0178755    0.967148 │
╰───────────────────────────────────────────────────────────────────────────────────────────────────────────────────────────────────────────────────────────────────────────────────────────────────────────────────────╯
Trial status: 1 RUNNING
Current time: 2026-08-03 15:07:34. Total running time: 1hr 43min 41s
Logical resource usage: 0.05/12 CPUs, 0/2 GPUs (0.0/1.0 accelerator_type:G)
Current best trial: 91fef_00000 with nDCG@10=0.02185840718448162 and params={'embedding_size': 64, 'n_layers': 3, 'reg_weight': 0.0001, 'batch_size': 4096, 'epochs': 1000, 'learning_rate': 0.001}
╭───────────────────────────────────────────────────────────────────────────────────────────────────────────────────────────────────────────────────────────────────────────────────────────────────────────────────────╮
│ Trial name                          status       embedding_size     n_layers     reg_weight     batch_size     epochs     learning_rate     iter     total time (s)     nDCG@10     Recall@10      EPC@10     Gini@10 │
├───────────────────────────────────────────────────────────────────────────────────────────────────────────────────────────────────────────────────────────────────────────────────────────────────────────────────────┤
│ LightGCN_LyricalMacaqueOfEmphasis   RUNNING                  64            3         0.0001           4096       1000             0.001      113            6192.07   0.0218584     0.0205807   0.0178939    0.966738 │
╰───────────────────────────────────────────────────────────────────────────────────────────────────────────────────────────────────────────────────────────────────────────────────────────────────────────────────────╯[36m(RayTrainWorker pid=4028311)[0m Checkpoint successfully created at: Checkpoint(filesystem=local, path=/home/vincenzo/warprec/experiment/lightgcn/amazon_book/amazon_book/ray_results/ray_train_trial_id=91fef_00000/checkpoint_2026-08-03_15-08-09.844281)
[36m(RayTrainWorker pid=4028311)[0m Reporting training result 114: TrainingReport(checkpoint=Checkpoint(filesystem=local, path=/home/vincenzo/warprec/experiment/lightgcn/amazon_book/amazon_book/ray_results/ray_train_trial_id=91fef_00000/checkpoint_2026-08-03_15-08-09.844281), metrics={'nDCG@10': 0.021936535835266113, 'Recall@10': 0.02068411000072956, 'EPC@10': 0.017944958060979843, 'Gini@10': 0.9662210941314697, 'best_nDCG@10': 0.021936535835266113, 'loss': 0.025632649660110474, 'ram_peak_mb': 10120.12109375, 'vram_peak_mb': 2104.5927734375, 'epoch': 113, 'step': 66348}, validation_spec=None)
[36m(RayTrainWorker pid=4028311)[0m Checkpoint successfully created at: Checkpoint(filesystem=local, path=/home/vincenzo/warprec/experiment/lightgcn/amazon_book/amazon_book/ray_results/ray_train_trial_id=91fef_00000/checkpoint_2026-08-03_15-09-04.012313)
[36m(RayTrainWorker pid=4028311)[0m Reporting training result 115: TrainingReport(checkpoint=Checkpoint(filesystem=local, path=/home/vincenzo/warprec/experiment/lightgcn/amazon_book/amazon_book/ray_results/ray_train_trial_id=91fef_00000/checkpoint_2026-08-03_15-09-04.012313), metrics={'nDCG@10': 0.021966183558106422, 'Recall@10': 0.020704569295048714, 'EPC@10': 0.01797102764248848, 'Gini@10': 0.9657858610153198, 'best_nDCG@10': 0.021966183558106422, 'loss': 0.025545185431838036, 'ram_peak_mb': 10121.10546875, 'vram_peak_mb': 2104.5927734375, 'epoch': 114, 'step': 66930}, validation_spec=None)

Trial status: 1 RUNNING
Current time: 2026-08-03 15:08:04. Total running time: 1hr 44min 11s
Logical resource usage: 0.05/12 CPUs, 0/2 GPUs (0.0/1.0 accelerator_type:G)
Current best trial: 91fef_00000 with nDCG@10=0.02185840718448162 and params={'embedding_size': 64, 'n_layers': 3, 'reg_weight': 0.0001, 'batch_size': 4096, 'epochs': 1000, 'learning_rate': 0.001}
╭───────────────────────────────────────────────────────────────────────────────────────────────────────────────────────────────────────────────────────────────────────────────────────────────────────────────────────╮
│ Trial name                          status       embedding_size     n_layers     reg_weight     batch_size     epochs     learning_rate     iter     total time (s)     nDCG@10     Recall@10      EPC@10     Gini@10 │
├───────────────────────────────────────────────────────────────────────────────────────────────────────────────────────────────────────────────────────────────────────────────────────────────────────────────────────┤
│ LightGCN_LyricalMacaqueOfEmphasis   RUNNING                  64            3         0.0001           4096       1000             0.001      113            6192.07   0.0218584     0.0205807   0.0178939    0.966738 │
╰───────────────────────────────────────────────────────────────────────────────────────────────────────────────────────────────────────────────────────────────────────────────────────────────────────────────────────╯
Trial status: 1 RUNNING
Current time: 2026-08-03 15:08:34. Total running time: 1hr 44min 41s
Logical resource usage: 0.05/12 CPUs, 0/2 GPUs (0.0/1.0 accelerator_type:G)
Current best trial: 91fef_00000 with nDCG@10=0.021936535835266113 and params={'embedding_size': 64, 'n_layers': 3, 'reg_weight': 0.0001, 'batch_size': 4096, 'epochs': 1000, 'learning_rate': 0.001}
╭──────────────────────────────────────────────────────────────────────────────────────────────────────────────────────────────────────────────────────────────────────────────────────────────────────────────────────╮
│ Trial name                          status       embedding_size     n_layers     reg_weight     batch_size     epochs     learning_rate     iter     total time (s)     nDCG@10     Recall@10     EPC@10     Gini@10 │
├──────────────────────────────────────────────────────────────────────────────────────────────────────────────────────────────────────────────────────────────────────────────────────────────────────────────────────┤
│ LightGCN_LyricalMacaqueOfEmphasis   RUNNING                  64            3         0.0001           4096       1000             0.001      114            6246.65   0.0219365     0.0206841   0.017945    0.966221 │
╰──────────────────────────────────────────────────────────────────────────────────────────────────────────────────────────────────────────────────────────────────────────────────────────────────────────────────────╯
Trial status: 1 RUNNING
Current time: 2026-08-03 15:09:04. Total running time: 1hr 45min 11s
Logical resource usage: 0.05/12 CPUs, 0/2 GPUs (0.0/1.0 accelerator_type:G)
Current best trial: 91fef_00000 with nDCG@10=0.021936535835266113 and params={'embedding_size': 64, 'n_layers': 3, 'reg_weight': 0.0001, 'batch_size': 4096, 'epochs': 1000, 'learning_rate': 0.001}
╭──────────────────────────────────────────────────────────────────────────────────────────────────────────────────────────────────────────────────────────────────────────────────────────────────────────────────────╮
│ Trial name                          status       embedding_size     n_layers     reg_weight     batch_size     epochs     learning_rate     iter     total time (s)     nDCG@10     Recall@10     EPC@10     Gini@10 │
├──────────────────────────────────────────────────────────────────────────────────────────────────────────────────────────────────────────────────────────────────────────────────────────────────────────────────────┤
│ LightGCN_LyricalMacaqueOfEmphasis   RUNNING                  64            3         0.0001           4096       1000             0.001      114            6246.65   0.0219365     0.0206841   0.017945    0.966221 │
╰──────────────────────────────────────────────────────────────────────────────────────────────────────────────────────────────────────────────────────────────────────────────────────────────────────────────────────╯[36m(RayTrainWorker pid=4028311)[0m Checkpoint successfully created at: Checkpoint(filesystem=local, path=/home/vincenzo/warprec/experiment/lightgcn/amazon_book/amazon_book/ray_results/ray_train_trial_id=91fef_00000/checkpoint_2026-08-03_15-09-58.881609)
[36m(RayTrainWorker pid=4028311)[0m Reporting training result 116: TrainingReport(checkpoint=Checkpoint(filesystem=local, path=/home/vincenzo/warprec/experiment/lightgcn/amazon_book/amazon_book/ray_results/ray_train_trial_id=91fef_00000/checkpoint_2026-08-03_15-09-58.881609), metrics={'nDCG@10': 0.02206815965473652, 'Recall@10': 0.02077336609363556, 'EPC@10': 0.018051350489258766, 'Gini@10': 0.9652330875396729, 'best_nDCG@10': 0.02206815965473652, 'loss': 0.025399472564458847, 'ram_peak_mb': 10121.10546875, 'vram_peak_mb': 2104.5927734375, 'epoch': 115, 'step': 67512}, validation_spec=None)

Trial status: 1 RUNNING
Current time: 2026-08-03 15:09:34. Total running time: 1hr 45min 41s
Logical resource usage: 0.05/12 CPUs, 0/2 GPUs (0.0/1.0 accelerator_type:G)
Current best trial: 91fef_00000 with nDCG@10=0.021966183558106422 and params={'embedding_size': 64, 'n_layers': 3, 'reg_weight': 0.0001, 'batch_size': 4096, 'epochs': 1000, 'learning_rate': 0.001}
╭──────────────────────────────────────────────────────────────────────────────────────────────────────────────────────────────────────────────────────────────────────────────────────────────────────────────────────╮
│ Trial name                          status       embedding_size     n_layers     reg_weight     batch_size     epochs     learning_rate     iter     total time (s)     nDCG@10     Recall@10     EPC@10     Gini@10 │
├──────────────────────────────────────────────────────────────────────────────────────────────────────────────────────────────────────────────────────────────────────────────────────────────────────────────────────┤
│ LightGCN_LyricalMacaqueOfEmphasis   RUNNING                  64            3         0.0001           4096       1000             0.001      115            6300.82   0.0219662     0.0207046   0.017971    0.965786 │
╰──────────────────────────────────────────────────────────────────────────────────────────────────────────────────────────────────────────────────────────────────────────────────────────────────────────────────────╯
Trial status: 1 RUNNING
Current time: 2026-08-03 15:10:04. Total running time: 1hr 46min 11s
Logical resource usage: 0.05/12 CPUs, 0/2 GPUs (0.0/1.0 accelerator_type:G)
Current best trial: 91fef_00000 with nDCG@10=0.02206815965473652 and params={'embedding_size': 64, 'n_layers': 3, 'reg_weight': 0.0001, 'batch_size': 4096, 'epochs': 1000, 'learning_rate': 0.001}
╭───────────────────────────────────────────────────────────────────────────────────────────────────────────────────────────────────────────────────────────────────────────────────────────────────────────────────────╮
│ Trial name                          status       embedding_size     n_layers     reg_weight     batch_size     epochs     learning_rate     iter     total time (s)     nDCG@10     Recall@10      EPC@10     Gini@10 │
├───────────────────────────────────────────────────────────────────────────────────────────────────────────────────────────────────────────────────────────────────────────────────────────────────────────────────────┤
│ LightGCN_LyricalMacaqueOfEmphasis   RUNNING                  64            3         0.0001           4096       1000             0.001      116            6355.37   0.0220682     0.0207734   0.0180514    0.965233 │
╰───────────────────────────────────────────────────────────────────────────────────────────────────────────────────────────────────────────────────────────────────────────────────────────────────────────────────────╯
Trial status: 1 RUNNING
Current time: 2026-08-03 15:10:34. Total running time: 1hr 46min 41s
Logical resource usage: 0.05/12 CPUs, 0/2 GPUs (0.0/1.0 accelerator_type:G)
Current best trial: 91fef_00000 with nDCG@10=0.02206815965473652 and params={'embedding_size': 64, 'n_layers': 3, 'reg_weight': 0.0001, 'batch_size': 4096, 'epochs': 1000, 'learning_rate': 0.001}
╭───────────────────────────────────────────────────────────────────────────────────────────────────────────────────────────────────────────────────────────────────────────────────────────────────────────────────────╮
│ Trial name                          status       embedding_size     n_layers     reg_weight     batch_size     epochs     learning_rate     iter     total time (s)     nDCG@10     Recall@10      EPC@10     Gini@10 │
├───────────────────────────────────────────────────────────────────────────────────────────────────────────────────────────────────────────────────────────────────────────────────────────────────────────────────────┤
│ LightGCN_LyricalMacaqueOfEmphasis   RUNNING                  64            3         0.0001           4096       1000             0.001      116            6355.37   0.0220682     0.0207734   0.0180514    0.965233 │
╰───────────────────────────────────────────────────────────────────────────────────────────────────────────────────────────────────────────────────────────────────────────────────────────────────────────────────────╯[36m(RayTrainWorker pid=4028311)[0m Checkpoint successfully created at: Checkpoint(filesystem=local, path=/home/vincenzo/warprec/experiment/lightgcn/amazon_book/amazon_book/ray_results/ray_train_trial_id=91fef_00000/checkpoint_2026-08-03_15-10-53.394258)
[36m(RayTrainWorker pid=4028311)[0m Reporting training result 117: TrainingReport(checkpoint=Checkpoint(filesystem=local, path=/home/vincenzo/warprec/experiment/lightgcn/amazon_book/amazon_book/ray_results/ray_train_trial_id=91fef_00000/checkpoint_2026-08-03_15-10-53.394258), metrics={'nDCG@10': 0.022092334926128387, 'Recall@10': 0.020818982273340225, 'EPC@10': 0.018075697124004364, 'Gini@10': 0.9648311734199524, 'best_nDCG@10': 0.022092334926128387, 'loss': 0.02526308223605156, 'ram_peak_mb': 10121.125, 'vram_peak_mb': 2104.5927734375, 'epoch': 116, 'step': 68094}, validation_spec=None)
[36m(RayTrainWorker pid=4028311)[0m Checkpoint successfully created at: Checkpoint(filesystem=local, path=/home/vincenzo/warprec/experiment/lightgcn/amazon_book/amazon_book/ray_results/ray_train_trial_id=91fef_00000/checkpoint_2026-08-03_15-11-47.705163)
[36m(RayTrainWorker pid=4028311)[0m Reporting training result 118: TrainingReport(checkpoint=Checkpoint(filesystem=local, path=/home/vincenzo/warprec/experiment/lightgcn/amazon_book/amazon_book/ray_results/ray_train_trial_id=91fef_00000/checkpoint_2026-08-03_15-11-47.705163), metrics={'nDCG@10': 0.022021997720003128, 'Recall@10': 0.020734064280986786, 'EPC@10': 0.01801537163555622, 'Gini@10': 0.964452862739563, 'best_nDCG@10': 0.022092334926128387, 'loss': 0.02507290616631508, 'ram_peak_mb': 10121.14453125, 'vram_peak_mb': 2104.5927734375, 'epoch': 117, 'step': 68676}, validation_spec=None)

Trial status: 1 RUNNING
Current time: 2026-08-03 15:11:04. Total running time: 1hr 47min 12s
Logical resource usage: 0.05/12 CPUs, 0/2 GPUs (0.0/1.0 accelerator_type:G)
Current best trial: 91fef_00000 with nDCG@10=0.022092334926128387 and params={'embedding_size': 64, 'n_layers': 3, 'reg_weight': 0.0001, 'batch_size': 4096, 'epochs': 1000, 'learning_rate': 0.001}
╭───────────────────────────────────────────────────────────────────────────────────────────────────────────────────────────────────────────────────────────────────────────────────────────────────────────────────────╮
│ Trial name                          status       embedding_size     n_layers     reg_weight     batch_size     epochs     learning_rate     iter     total time (s)     nDCG@10     Recall@10      EPC@10     Gini@10 │
├───────────────────────────────────────────────────────────────────────────────────────────────────────────────────────────────────────────────────────────────────────────────────────────────────────────────────────┤
│ LightGCN_LyricalMacaqueOfEmphasis   RUNNING                  64            3         0.0001           4096       1000             0.001      117            6409.57   0.0220923      0.020819   0.0180757    0.964831 │
╰───────────────────────────────────────────────────────────────────────────────────────────────────────────────────────────────────────────────────────────────────────────────────────────────────────────────────────╯
Trial status: 1 RUNNING
Current time: 2026-08-03 15:11:34. Total running time: 1hr 47min 42s
Logical resource usage: 0.05/12 CPUs, 0/2 GPUs (0.0/1.0 accelerator_type:G)
Current best trial: 91fef_00000 with nDCG@10=0.022092334926128387 and params={'embedding_size': 64, 'n_layers': 3, 'reg_weight': 0.0001, 'batch_size': 4096, 'epochs': 1000, 'learning_rate': 0.001}
╭───────────────────────────────────────────────────────────────────────────────────────────────────────────────────────────────────────────────────────────────────────────────────────────────────────────────────────╮
│ Trial name                          status       embedding_size     n_layers     reg_weight     batch_size     epochs     learning_rate     iter     total time (s)     nDCG@10     Recall@10      EPC@10     Gini@10 │
├───────────────────────────────────────────────────────────────────────────────────────────────────────────────────────────────────────────────────────────────────────────────────────────────────────────────────────┤
│ LightGCN_LyricalMacaqueOfEmphasis   RUNNING                  64            3         0.0001           4096       1000             0.001      117            6409.57   0.0220923      0.020819   0.0180757    0.964831 │
╰───────────────────────────────────────────────────────────────────────────────────────────────────────────────────────────────────────────────────────────────────────────────────────────────────────────────────────╯
Trial status: 1 RUNNING
Current time: 2026-08-03 15:12:04. Total running time: 1hr 48min 12s
Logical resource usage: 0.05/12 CPUs, 0/2 GPUs (0.0/1.0 accelerator_type:G)
Current best trial: 91fef_00000 with nDCG@10=0.022021997720003128 and params={'embedding_size': 64, 'n_layers': 3, 'reg_weight': 0.0001, 'batch_size': 4096, 'epochs': 1000, 'learning_rate': 0.001}
╭───────────────────────────────────────────────────────────────────────────────────────────────────────────────────────────────────────────────────────────────────────────────────────────────────────────────────────╮
│ Trial name                          status       embedding_size     n_layers     reg_weight     batch_size     epochs     learning_rate     iter     total time (s)     nDCG@10     Recall@10      EPC@10     Gini@10 │
├───────────────────────────────────────────────────────────────────────────────────────────────────────────────────────────────────────────────────────────────────────────────────────────────────────────────────────┤
│ LightGCN_LyricalMacaqueOfEmphasis   RUNNING                  64            3         0.0001           4096       1000             0.001      118            6463.91    0.022022     0.0207341   0.0180154    0.964453 │
╰───────────────────────────────────────────────────────────────────────────────────────────────────────────────────────────────────────────────────────────────────────────────────────────────────────────────────────╯[36m(RayTrainWorker pid=4028311)[0m Checkpoint successfully created at: Checkpoint(filesystem=local, path=/home/vincenzo/warprec/experiment/lightgcn/amazon_book/amazon_book/ray_results/ray_train_trial_id=91fef_00000/checkpoint_2026-08-03_15-12-41.653593)
[36m(RayTrainWorker pid=4028311)[0m Reporting training result 119: TrainingReport(checkpoint=Checkpoint(filesystem=local, path=/home/vincenzo/warprec/experiment/lightgcn/amazon_book/amazon_book/ray_results/ray_train_trial_id=91fef_00000/checkpoint_2026-08-03_15-12-41.653593), metrics={'nDCG@10': 0.02203354425728321, 'Recall@10': 0.020732959732413292, 'EPC@10': 0.018023153766989708, 'Gini@10': 0.9642478227615356, 'best_nDCG@10': 0.022092334926128387, 'loss': 0.02503991685807705, 'ram_peak_mb': 10121.95703125, 'vram_peak_mb': 2104.5927734375, 'epoch': 118, 'step': 69258}, validation_spec=None)

Trial status: 1 RUNNING
Current time: 2026-08-03 15:12:34. Total running time: 1hr 48min 42s
Logical resource usage: 0.05/12 CPUs, 0/2 GPUs (0.0/1.0 accelerator_type:G)
Current best trial: 91fef_00000 with nDCG@10=0.022021997720003128 and params={'embedding_size': 64, 'n_layers': 3, 'reg_weight': 0.0001, 'batch_size': 4096, 'epochs': 1000, 'learning_rate': 0.001}
╭───────────────────────────────────────────────────────────────────────────────────────────────────────────────────────────────────────────────────────────────────────────────────────────────────────────────────────╮
│ Trial name                          status       embedding_size     n_layers     reg_weight     batch_size     epochs     learning_rate     iter     total time (s)     nDCG@10     Recall@10      EPC@10     Gini@10 │
├───────────────────────────────────────────────────────────────────────────────────────────────────────────────────────────────────────────────────────────────────────────────────────────────────────────────────────┤
│ LightGCN_LyricalMacaqueOfEmphasis   RUNNING                  64            3         0.0001           4096       1000             0.001      118            6463.91    0.022022     0.0207341   0.0180154    0.964453 │
╰───────────────────────────────────────────────────────────────────────────────────────────────────────────────────────────────────────────────────────────────────────────────────────────────────────────────────────╯
Trial status: 1 RUNNING
Current time: 2026-08-03 15:13:04. Total running time: 1hr 49min 12s
Logical resource usage: 0.05/12 CPUs, 0/2 GPUs (0.0/1.0 accelerator_type:G)
Current best trial: 91fef_00000 with nDCG@10=0.02203354425728321 and params={'embedding_size': 64, 'n_layers': 3, 'reg_weight': 0.0001, 'batch_size': 4096, 'epochs': 1000, 'learning_rate': 0.001}
╭───────────────────────────────────────────────────────────────────────────────────────────────────────────────────────────────────────────────────────────────────────────────────────────────────────────────────────╮
│ Trial name                          status       embedding_size     n_layers     reg_weight     batch_size     epochs     learning_rate     iter     total time (s)     nDCG@10     Recall@10      EPC@10     Gini@10 │
├───────────────────────────────────────────────────────────────────────────────────────────────────────────────────────────────────────────────────────────────────────────────────────────────────────────────────────┤
│ LightGCN_LyricalMacaqueOfEmphasis   RUNNING                  64            3         0.0001           4096       1000             0.001      119            6518.26   0.0220335      0.020733   0.0180232    0.964248 │
╰───────────────────────────────────────────────────────────────────────────────────────────────────────────────────────────────────────────────────────────────────────────────────────────────────────────────────────╯
Trial status: 1 RUNNING
Current time: 2026-08-03 15:13:34. Total running time: 1hr 49min 42s
Logical resource usage: 0.05/12 CPUs, 0/2 GPUs (0.0/1.0 accelerator_type:G)
Current best trial: 91fef_00000 with nDCG@10=0.02203354425728321 and params={'embedding_size': 64, 'n_layers': 3, 'reg_weight': 0.0001, 'batch_size': 4096, 'epochs': 1000, 'learning_rate': 0.001}
╭───────────────────────────────────────────────────────────────────────────────────────────────────────────────────────────────────────────────────────────────────────────────────────────────────────────────────────╮
│ Trial name                          status       embedding_size     n_layers     reg_weight     batch_size     epochs     learning_rate     iter     total time (s)     nDCG@10     Recall@10      EPC@10     Gini@10 │
├───────────────────────────────────────────────────────────────────────────────────────────────────────────────────────────────────────────────────────────────────────────────────────────────────────────────────────┤
│ LightGCN_LyricalMacaqueOfEmphasis   RUNNING                  64            3         0.0001           4096       1000             0.001      119            6518.26   0.0220335      0.020733   0.0180232    0.964248 │
╰───────────────────────────────────────────────────────────────────────────────────────────────────────────────────────────────────────────────────────────────────────────────────────────────────────────────────────╯[36m(RayTrainWorker pid=4028311)[0m Checkpoint successfully created at: Checkpoint(filesystem=local, path=/home/vincenzo/warprec/experiment/lightgcn/amazon_book/amazon_book/ray_results/ray_train_trial_id=91fef_00000/checkpoint_2026-08-03_15-13-36.799061)
[36m(RayTrainWorker pid=4028311)[0m Reporting training result 120: TrainingReport(checkpoint=Checkpoint(filesystem=local, path=/home/vincenzo/warprec/experiment/lightgcn/amazon_book/amazon_book/ray_results/ray_train_trial_id=91fef_00000/checkpoint_2026-08-03_15-13-36.799061), metrics={'nDCG@10': 0.022072434425354004, 'Recall@10': 0.020750269293785095, 'EPC@10': 0.01805332489311695, 'Gini@10': 0.9639240503311157, 'best_nDCG@10': 0.022092334926128387, 'loss': 0.02499723620712757, 'ram_peak_mb': 10120.23828125, 'vram_peak_mb': 2104.5927734375, 'epoch': 119, 'step': 69840}, validation_spec=None)
[36m(RayTrainWorker pid=4028311)[0m Checkpoint successfully created at: Checkpoint(filesystem=local, path=/home/vincenzo/warprec/experiment/lightgcn/amazon_book/amazon_book/ray_results/ray_train_trial_id=91fef_00000/checkpoint_2026-08-03_15-14-31.179370)
[36m(RayTrainWorker pid=4028311)[0m Reporting training result 121: TrainingReport(checkpoint=Checkpoint(filesystem=local, path=/home/vincenzo/warprec/experiment/lightgcn/amazon_book/amazon_book/ray_results/ray_train_trial_id=91fef_00000/checkpoint_2026-08-03_15-14-31.179370), metrics={'nDCG@10': 0.022147899493575096, 'Recall@10': 0.020847797393798828, 'EPC@10': 0.01810706965625286, 'Gini@10': 0.9634559750556946, 'best_nDCG@10': 0.022147899493575096, 'loss': 0.024946751073002815, 'ram_peak_mb': 10121.25390625, 'vram_peak_mb': 2104.5927734375, 'epoch': 120, 'step': 70422}, validation_spec=None)

Trial status: 1 RUNNING
Current time: 2026-08-03 15:14:05. Total running time: 1hr 50min 12s
Logical resource usage: 0.05/12 CPUs, 0/2 GPUs (0.0/1.0 accelerator_type:G)
Current best trial: 91fef_00000 with nDCG@10=0.022072434425354004 and params={'embedding_size': 64, 'n_layers': 3, 'reg_weight': 0.0001, 'batch_size': 4096, 'epochs': 1000, 'learning_rate': 0.001}
╭───────────────────────────────────────────────────────────────────────────────────────────────────────────────────────────────────────────────────────────────────────────────────────────────────────────────────────╮
│ Trial name                          status       embedding_size     n_layers     reg_weight     batch_size     epochs     learning_rate     iter     total time (s)     nDCG@10     Recall@10      EPC@10     Gini@10 │
├───────────────────────────────────────────────────────────────────────────────────────────────────────────────────────────────────────────────────────────────────────────────────────────────────────────────────────┤
│ LightGCN_LyricalMacaqueOfEmphasis   RUNNING                  64            3         0.0001           4096       1000             0.001      120            6574.59   0.0220724     0.0207503   0.0180533    0.963924 │
╰───────────────────────────────────────────────────────────────────────────────────────────────────────────────────────────────────────────────────────────────────────────────────────────────────────────────────────╯
Trial status: 1 RUNNING
Current time: 2026-08-03 15:14:35. Total running time: 1hr 50min 42s
Logical resource usage: 0.05/12 CPUs, 0/2 GPUs (0.0/1.0 accelerator_type:G)
Current best trial: 91fef_00000 with nDCG@10=0.022147899493575096 and params={'embedding_size': 64, 'n_layers': 3, 'reg_weight': 0.0001, 'batch_size': 4096, 'epochs': 1000, 'learning_rate': 0.001}
╭───────────────────────────────────────────────────────────────────────────────────────────────────────────────────────────────────────────────────────────────────────────────────────────────────────────────────────╮
│ Trial name                          status       embedding_size     n_layers     reg_weight     batch_size     epochs     learning_rate     iter     total time (s)     nDCG@10     Recall@10      EPC@10     Gini@10 │
├───────────────────────────────────────────────────────────────────────────────────────────────────────────────────────────────────────────────────────────────────────────────────────────────────────────────────────┤
│ LightGCN_LyricalMacaqueOfEmphasis   RUNNING                  64            3         0.0001           4096       1000             0.001      121            6628.93   0.0221479     0.0208478   0.0181071    0.963456 │
╰───────────────────────────────────────────────────────────────────────────────────────────────────────────────────────────────────────────────────────────────────────────────────────────────────────────────────────╯
Trial status: 1 RUNNING
Current time: 2026-08-03 15:15:05. Total running time: 1hr 51min 12s
Logical resource usage: 0.05/12 CPUs, 0/2 GPUs (0.0/1.0 accelerator_type:G)
Current best trial: 91fef_00000 with nDCG@10=0.022147899493575096 and params={'embedding_size': 64, 'n_layers': 3, 'reg_weight': 0.0001, 'batch_size': 4096, 'epochs': 1000, 'learning_rate': 0.001}
╭───────────────────────────────────────────────────────────────────────────────────────────────────────────────────────────────────────────────────────────────────────────────────────────────────────────────────────╮
│ Trial name                          status       embedding_size     n_layers     reg_weight     batch_size     epochs     learning_rate     iter     total time (s)     nDCG@10     Recall@10      EPC@10     Gini@10 │
├───────────────────────────────────────────────────────────────────────────────────────────────────────────────────────────────────────────────────────────────────────────────────────────────────────────────────────┤
│ LightGCN_LyricalMacaqueOfEmphasis   RUNNING                  64            3         0.0001           4096       1000             0.001      121            6628.93   0.0221479     0.0208478   0.0181071    0.963456 │
╰───────────────────────────────────────────────────────────────────────────────────────────────────────────────────────────────────────────────────────────────────────────────────────────────────────────────────────╯[36m(RayTrainWorker pid=4028311)[0m Checkpoint successfully created at: Checkpoint(filesystem=local, path=/home/vincenzo/warprec/experiment/lightgcn/amazon_book/amazon_book/ray_results/ray_train_trial_id=91fef_00000/checkpoint_2026-08-03_15-15-25.743429)
[36m(RayTrainWorker pid=4028311)[0m Reporting training result 122: TrainingReport(checkpoint=Checkpoint(filesystem=local, path=/home/vincenzo/warprec/experiment/lightgcn/amazon_book/amazon_book/ray_results/ray_train_trial_id=91fef_00000/checkpoint_2026-08-03_15-15-25.743429), metrics={'nDCG@10': 0.02212449535727501, 'Recall@10': 0.02085220068693161, 'EPC@10': 0.018080776557326317, 'Gini@10': 0.9632056951522827, 'best_nDCG@10': 0.022147899493575096, 'loss': 0.024697329849004745, 'ram_peak_mb': 10121.24609375, 'vram_peak_mb': 2104.5927734375, 'epoch': 121, 'step': 71004}, validation_spec=None)
[36m(RayTrainWorker pid=4028311)[0m Checkpoint successfully created at: Checkpoint(filesystem=local, path=/home/vincenzo/warprec/experiment/lightgcn/amazon_book/amazon_book/ray_results/ray_train_trial_id=91fef_00000/checkpoint_2026-08-03_15-16-20.343830)
[36m(RayTrainWorker pid=4028311)[0m Reporting training result 123: TrainingReport(checkpoint=Checkpoint(filesystem=local, path=/home/vincenzo/warprec/experiment/lightgcn/amazon_book/amazon_book/ray_results/ray_train_trial_id=91fef_00000/checkpoint_2026-08-03_15-16-20.343830), metrics={'nDCG@10': 0.02222117967903614, 'Recall@10': 0.02091887965798378, 'EPC@10': 0.018168620765209198, 'Gini@10': 0.9627425074577332, 'best_nDCG@10': 0.02222117967903614, 'loss': 0.02468809112906456, 'ram_peak_mb': 10121.2734375, 'vram_peak_mb': 2104.5927734375, 'epoch': 122, 'step': 71586}, validation_spec=None)

Trial status: 1 RUNNING
Current time: 2026-08-03 15:15:35. Total running time: 1hr 51min 42s
Logical resource usage: 0.05/12 CPUs, 0/2 GPUs (0.0/1.0 accelerator_type:G)
Current best trial: 91fef_00000 with nDCG@10=0.02212449535727501 and params={'embedding_size': 64, 'n_layers': 3, 'reg_weight': 0.0001, 'batch_size': 4096, 'epochs': 1000, 'learning_rate': 0.001}
╭───────────────────────────────────────────────────────────────────────────────────────────────────────────────────────────────────────────────────────────────────────────────────────────────────────────────────────╮
│ Trial name                          status       embedding_size     n_layers     reg_weight     batch_size     epochs     learning_rate     iter     total time (s)     nDCG@10     Recall@10      EPC@10     Gini@10 │
├───────────────────────────────────────────────────────────────────────────────────────────────────────────────────────────────────────────────────────────────────────────────────────────────────────────────────────┤
│ LightGCN_LyricalMacaqueOfEmphasis   RUNNING                  64            3         0.0001           4096       1000             0.001      122            6683.26   0.0221245     0.0208522   0.0180808    0.963206 │
╰───────────────────────────────────────────────────────────────────────────────────────────────────────────────────────────────────────────────────────────────────────────────────────────────────────────────────────╯
Trial status: 1 RUNNING
Current time: 2026-08-03 15:16:05. Total running time: 1hr 52min 12s
Logical resource usage: 0.05/12 CPUs, 0/2 GPUs (0.0/1.0 accelerator_type:G)
Current best trial: 91fef_00000 with nDCG@10=0.02212449535727501 and params={'embedding_size': 64, 'n_layers': 3, 'reg_weight': 0.0001, 'batch_size': 4096, 'epochs': 1000, 'learning_rate': 0.001}
╭───────────────────────────────────────────────────────────────────────────────────────────────────────────────────────────────────────────────────────────────────────────────────────────────────────────────────────╮
│ Trial name                          status       embedding_size     n_layers     reg_weight     batch_size     epochs     learning_rate     iter     total time (s)     nDCG@10     Recall@10      EPC@10     Gini@10 │
├───────────────────────────────────────────────────────────────────────────────────────────────────────────────────────────────────────────────────────────────────────────────────────────────────────────────────────┤
│ LightGCN_LyricalMacaqueOfEmphasis   RUNNING                  64            3         0.0001           4096       1000             0.001      122            6683.26   0.0221245     0.0208522   0.0180808    0.963206 │
╰───────────────────────────────────────────────────────────────────────────────────────────────────────────────────────────────────────────────────────────────────────────────────────────────────────────────────────╯
Trial status: 1 RUNNING
Current time: 2026-08-03 15:16:35. Total running time: 1hr 52min 42s
Logical resource usage: 0.05/12 CPUs, 0/2 GPUs (0.0/1.0 accelerator_type:G)
Current best trial: 91fef_00000 with nDCG@10=0.02222117967903614 and params={'embedding_size': 64, 'n_layers': 3, 'reg_weight': 0.0001, 'batch_size': 4096, 'epochs': 1000, 'learning_rate': 0.001}
╭───────────────────────────────────────────────────────────────────────────────────────────────────────────────────────────────────────────────────────────────────────────────────────────────────────────────────────╮
│ Trial name                          status       embedding_size     n_layers     reg_weight     batch_size     epochs     learning_rate     iter     total time (s)     nDCG@10     Recall@10      EPC@10     Gini@10 │
├───────────────────────────────────────────────────────────────────────────────────────────────────────────────────────────────────────────────────────────────────────────────────────────────────────────────────────┤
│ LightGCN_LyricalMacaqueOfEmphasis   RUNNING                  64            3         0.0001           4096       1000             0.001      123            6737.59   0.0222212     0.0209189   0.0181686    0.962743 │
╰───────────────────────────────────────────────────────────────────────────────────────────────────────────────────────────────────────────────────────────────────────────────────────────────────────────────────────╯[36m(RayTrainWorker pid=4028311)[0m Checkpoint successfully created at: Checkpoint(filesystem=local, path=/home/vincenzo/warprec/experiment/lightgcn/amazon_book/amazon_book/ray_results/ray_train_trial_id=91fef_00000/checkpoint_2026-08-03_15-17-14.639987)
[36m(RayTrainWorker pid=4028311)[0m Reporting training result 124: TrainingReport(checkpoint=Checkpoint(filesystem=local, path=/home/vincenzo/warprec/experiment/lightgcn/amazon_book/amazon_book/ray_results/ray_train_trial_id=91fef_00000/checkpoint_2026-08-03_15-17-14.639987), metrics={'nDCG@10': 0.022222284227609634, 'Recall@10': 0.020909126847982407, 'EPC@10': 0.01817438006401062, 'Gini@10': 0.9621946215629578, 'best_nDCG@10': 0.022222284227609634, 'loss': 0.024787064641714096, 'ram_peak_mb': 10121.265625, 'vram_peak_mb': 2104.5927734375, 'epoch': 123, 'step': 72168}, validation_spec=None)

Trial status: 1 RUNNING
Current time: 2026-08-03 15:17:05. Total running time: 1hr 53min 12s
Logical resource usage: 0.05/12 CPUs, 0/2 GPUs (0.0/1.0 accelerator_type:G)
Current best trial: 91fef_00000 with nDCG@10=0.02222117967903614 and params={'embedding_size': 64, 'n_layers': 3, 'reg_weight': 0.0001, 'batch_size': 4096, 'epochs': 1000, 'learning_rate': 0.001}
╭───────────────────────────────────────────────────────────────────────────────────────────────────────────────────────────────────────────────────────────────────────────────────────────────────────────────────────╮
│ Trial name                          status       embedding_size     n_layers     reg_weight     batch_size     epochs     learning_rate     iter     total time (s)     nDCG@10     Recall@10      EPC@10     Gini@10 │
├───────────────────────────────────────────────────────────────────────────────────────────────────────────────────────────────────────────────────────────────────────────────────────────────────────────────────────┤
│ LightGCN_LyricalMacaqueOfEmphasis   RUNNING                  64            3         0.0001           4096       1000             0.001      123            6737.59   0.0222212     0.0209189   0.0181686    0.962743 │
╰───────────────────────────────────────────────────────────────────────────────────────────────────────────────────────────────────────────────────────────────────────────────────────────────────────────────────────╯
Trial status: 1 RUNNING
Current time: 2026-08-03 15:17:35. Total running time: 1hr 53min 42s
Logical resource usage: 0.05/12 CPUs, 0/2 GPUs (0.0/1.0 accelerator_type:G)
Current best trial: 91fef_00000 with nDCG@10=0.022222284227609634 and params={'embedding_size': 64, 'n_layers': 3, 'reg_weight': 0.0001, 'batch_size': 4096, 'epochs': 1000, 'learning_rate': 0.001}
╭───────────────────────────────────────────────────────────────────────────────────────────────────────────────────────────────────────────────────────────────────────────────────────────────────────────────────────╮
│ Trial name                          status       embedding_size     n_layers     reg_weight     batch_size     epochs     learning_rate     iter     total time (s)     nDCG@10     Recall@10      EPC@10     Gini@10 │
├───────────────────────────────────────────────────────────────────────────────────────────────────────────────────────────────────────────────────────────────────────────────────────────────────────────────────────┤
│ LightGCN_LyricalMacaqueOfEmphasis   RUNNING                  64            3         0.0001           4096       1000             0.001      124            6792.12   0.0222223     0.0209091   0.0181744    0.962195 │
╰───────────────────────────────────────────────────────────────────────────────────────────────────────────────────────────────────────────────────────────────────────────────────────────────────────────────────────╯
Trial status: 1 RUNNING
Current time: 2026-08-03 15:18:05. Total running time: 1hr 54min 12s
Logical resource usage: 0.05/12 CPUs, 0/2 GPUs (0.0/1.0 accelerator_type:G)
Current best trial: 91fef_00000 with nDCG@10=0.022222284227609634 and params={'embedding_size': 64, 'n_layers': 3, 'reg_weight': 0.0001, 'batch_size': 4096, 'epochs': 1000, 'learning_rate': 0.001}
╭───────────────────────────────────────────────────────────────────────────────────────────────────────────────────────────────────────────────────────────────────────────────────────────────────────────────────────╮
│ Trial name                          status       embedding_size     n_layers     reg_weight     batch_size     epochs     learning_rate     iter     total time (s)     nDCG@10     Recall@10      EPC@10     Gini@10 │
├───────────────────────────────────────────────────────────────────────────────────────────────────────────────────────────────────────────────────────────────────────────────────────────────────────────────────────┤
│ LightGCN_LyricalMacaqueOfEmphasis   RUNNING                  64            3         0.0001           4096       1000             0.001      124            6792.12   0.0222223     0.0209091   0.0181744    0.962195 │
╰───────────────────────────────────────────────────────────────────────────────────────────────────────────────────────────────────────────────────────────────────────────────────────────────────────────────────────╯[36m(RayTrainWorker pid=4028311)[0m Checkpoint successfully created at: Checkpoint(filesystem=local, path=/home/vincenzo/warprec/experiment/lightgcn/amazon_book/amazon_book/ray_results/ray_train_trial_id=91fef_00000/checkpoint_2026-08-03_15-18-09.105148)
[36m(RayTrainWorker pid=4028311)[0m Reporting training result 125: TrainingReport(checkpoint=Checkpoint(filesystem=local, path=/home/vincenzo/warprec/experiment/lightgcn/amazon_book/amazon_book/ray_results/ray_train_trial_id=91fef_00000/checkpoint_2026-08-03_15-18-09.105148), metrics={'nDCG@10': 0.022297322750091553, 'Recall@10': 0.020947398617863655, 'EPC@10': 0.01824212074279785, 'Gini@10': 0.9614792466163635, 'best_nDCG@10': 0.022297322750091553, 'loss': 0.024628344923257828, 'ram_peak_mb': 10121.30078125, 'vram_peak_mb': 2104.5927734375, 'epoch': 124, 'step': 72750}, validation_spec=None)
[36m(RayTrainWorker pid=4028311)[0m Checkpoint successfully created at: Checkpoint(filesystem=local, path=/home/vincenzo/warprec/experiment/lightgcn/amazon_book/amazon_book/ray_results/ray_train_trial_id=91fef_00000/checkpoint_2026-08-03_15-19-03.903899)
[36m(RayTrainWorker pid=4028311)[0m Reporting training result 126: TrainingReport(checkpoint=Checkpoint(filesystem=local, path=/home/vincenzo/warprec/experiment/lightgcn/amazon_book/amazon_book/ray_results/ray_train_trial_id=91fef_00000/checkpoint_2026-08-03_15-19-03.903899), metrics={'nDCG@10': 0.022228432819247246, 'Recall@10': 0.020875904709100723, 'EPC@10': 0.018179861828684807, 'Gini@10': 0.9612417817115784, 'best_nDCG@10': 0.022297322750091553, 'loss': 0.024349264800548553, 'ram_peak_mb': 10121.3125, 'vram_peak_mb': 2104.5927734375, 'epoch': 125, 'step': 73332}, validation_spec=None)

Trial status: 1 RUNNING
Current time: 2026-08-03 15:18:35. Total running time: 1hr 54min 42s
Logical resource usage: 0.05/12 CPUs, 0/2 GPUs (0.0/1.0 accelerator_type:G)
Current best trial: 91fef_00000 with nDCG@10=0.022297322750091553 and params={'embedding_size': 64, 'n_layers': 3, 'reg_weight': 0.0001, 'batch_size': 4096, 'epochs': 1000, 'learning_rate': 0.001}
╭───────────────────────────────────────────────────────────────────────────────────────────────────────────────────────────────────────────────────────────────────────────────────────────────────────────────────────╮
│ Trial name                          status       embedding_size     n_layers     reg_weight     batch_size     epochs     learning_rate     iter     total time (s)     nDCG@10     Recall@10      EPC@10     Gini@10 │
├───────────────────────────────────────────────────────────────────────────────────────────────────────────────────────────────────────────────────────────────────────────────────────────────────────────────────────┤
│ LightGCN_LyricalMacaqueOfEmphasis   RUNNING                  64            3         0.0001           4096       1000             0.001      125            6846.28   0.0222973     0.0209474   0.0182421    0.961479 │
╰───────────────────────────────────────────────────────────────────────────────────────────────────────────────────────────────────────────────────────────────────────────────────────────────────────────────────────╯
Trial status: 1 RUNNING
Current time: 2026-08-03 15:19:05. Total running time: 1hr 55min 12s
Logical resource usage: 0.05/12 CPUs, 0/2 GPUs (0.0/1.0 accelerator_type:G)
Current best trial: 91fef_00000 with nDCG@10=0.022228432819247246 and params={'embedding_size': 64, 'n_layers': 3, 'reg_weight': 0.0001, 'batch_size': 4096, 'epochs': 1000, 'learning_rate': 0.001}
╭───────────────────────────────────────────────────────────────────────────────────────────────────────────────────────────────────────────────────────────────────────────────────────────────────────────────────────╮
│ Trial name                          status       embedding_size     n_layers     reg_weight     batch_size     epochs     learning_rate     iter     total time (s)     nDCG@10     Recall@10      EPC@10     Gini@10 │
├───────────────────────────────────────────────────────────────────────────────────────────────────────────────────────────────────────────────────────────────────────────────────────────────────────────────────────┤
│ LightGCN_LyricalMacaqueOfEmphasis   RUNNING                  64            3         0.0001           4096       1000             0.001      126            6900.61   0.0222284     0.0208759   0.0181799    0.961242 │
╰───────────────────────────────────────────────────────────────────────────────────────────────────────────────────────────────────────────────────────────────────────────────────────────────────────────────────────╯
Trial status: 1 RUNNING
Current time: 2026-08-03 15:19:35. Total running time: 1hr 55min 42s
Logical resource usage: 0.05/12 CPUs, 0/2 GPUs (0.0/1.0 accelerator_type:G)
Current best trial: 91fef_00000 with nDCG@10=0.022228432819247246 and params={'embedding_size': 64, 'n_layers': 3, 'reg_weight': 0.0001, 'batch_size': 4096, 'epochs': 1000, 'learning_rate': 0.001}
╭───────────────────────────────────────────────────────────────────────────────────────────────────────────────────────────────────────────────────────────────────────────────────────────────────────────────────────╮
│ Trial name                          status       embedding_size     n_layers     reg_weight     batch_size     epochs     learning_rate     iter     total time (s)     nDCG@10     Recall@10      EPC@10     Gini@10 │
├───────────────────────────────────────────────────────────────────────────────────────────────────────────────────────────────────────────────────────────────────────────────────────────────────────────────────────┤
│ LightGCN_LyricalMacaqueOfEmphasis   RUNNING                  64            3         0.0001           4096       1000             0.001      126            6900.61   0.0222284     0.0208759   0.0181799    0.961242 │
╰───────────────────────────────────────────────────────────────────────────────────────────────────────────────────────────────────────────────────────────────────────────────────────────────────────────────────────╯[36m(RayTrainWorker pid=4028311)[0m Checkpoint successfully created at: Checkpoint(filesystem=local, path=/home/vincenzo/warprec/experiment/lightgcn/amazon_book/amazon_book/ray_results/ray_train_trial_id=91fef_00000/checkpoint_2026-08-03_15-19-58.077231)
[36m(RayTrainWorker pid=4028311)[0m Reporting training result 127: TrainingReport(checkpoint=Checkpoint(filesystem=local, path=/home/vincenzo/warprec/experiment/lightgcn/amazon_book/amazon_book/ray_results/ray_train_trial_id=91fef_00000/checkpoint_2026-08-03_15-19-58.077231), metrics={'nDCG@10': 0.022203577682375908, 'Recall@10': 0.02092704363167286, 'EPC@10': 0.018157958984375, 'Gini@10': 0.960891604423523, 'best_nDCG@10': 0.022297322750091553, 'loss': 0.02433852106332779, 'ram_peak_mb': 10121.3359375, 'vram_peak_mb': 2104.5927734375, 'epoch': 126, 'step': 73914}, validation_spec=None)
[36m(RayTrainWorker pid=4028311)[0m Checkpoint successfully created at: Checkpoint(filesystem=local, path=/home/vincenzo/warprec/experiment/lightgcn/amazon_book/amazon_book/ray_results/ray_train_trial_id=91fef_00000/checkpoint_2026-08-03_15-20-52.536459)
[36m(RayTrainWorker pid=4028311)[0m Reporting training result 128: TrainingReport(checkpoint=Checkpoint(filesystem=local, path=/home/vincenzo/warprec/experiment/lightgcn/amazon_book/amazon_book/ray_results/ray_train_trial_id=91fef_00000/checkpoint_2026-08-03_15-20-52.536459), metrics={'nDCG@10': 0.02226843498647213, 'Recall@10': 0.02101440541446209, 'EPC@10': 0.018210725858807564, 'Gini@10': 0.9604074954986572, 'best_nDCG@10': 0.022297322750091553, 'loss': 0.024138804525136948, 'ram_peak_mb': 10120.3671875, 'vram_peak_mb': 2104.5927734375, 'epoch': 127, 'step': 74496}, validation_spec=None)

Trial status: 1 RUNNING
Current time: 2026-08-03 15:20:05. Total running time: 1hr 56min 12s
Logical resource usage: 0.05/12 CPUs, 0/2 GPUs (0.0/1.0 accelerator_type:G)
Current best trial: 91fef_00000 with nDCG@10=0.022203577682375908 and params={'embedding_size': 64, 'n_layers': 3, 'reg_weight': 0.0001, 'batch_size': 4096, 'epochs': 1000, 'learning_rate': 0.001}
╭──────────────────────────────────────────────────────────────────────────────────────────────────────────────────────────────────────────────────────────────────────────────────────────────────────────────────────╮
│ Trial name                          status       embedding_size     n_layers     reg_weight     batch_size     epochs     learning_rate     iter     total time (s)     nDCG@10     Recall@10     EPC@10     Gini@10 │
├──────────────────────────────────────────────────────────────────────────────────────────────────────────────────────────────────────────────────────────────────────────────────────────────────────────────────────┤
│ LightGCN_LyricalMacaqueOfEmphasis   RUNNING                  64            3         0.0001           4096       1000             0.001      127            6954.95   0.0222036      0.020927   0.018158    0.960892 │
╰──────────────────────────────────────────────────────────────────────────────────────────────────────────────────────────────────────────────────────────────────────────────────────────────────────────────────────╯
Trial status: 1 RUNNING
Current time: 2026-08-03 15:20:35. Total running time: 1hr 56min 43s
Logical resource usage: 0.05/12 CPUs, 0/2 GPUs (0.0/1.0 accelerator_type:G)
Current best trial: 91fef_00000 with nDCG@10=0.022203577682375908 and params={'embedding_size': 64, 'n_layers': 3, 'reg_weight': 0.0001, 'batch_size': 4096, 'epochs': 1000, 'learning_rate': 0.001}
╭──────────────────────────────────────────────────────────────────────────────────────────────────────────────────────────────────────────────────────────────────────────────────────────────────────────────────────╮
│ Trial name                          status       embedding_size     n_layers     reg_weight     batch_size     epochs     learning_rate     iter     total time (s)     nDCG@10     Recall@10     EPC@10     Gini@10 │
├──────────────────────────────────────────────────────────────────────────────────────────────────────────────────────────────────────────────────────────────────────────────────────────────────────────────────────┤
│ LightGCN_LyricalMacaqueOfEmphasis   RUNNING                  64            3         0.0001           4096       1000             0.001      127            6954.95   0.0222036      0.020927   0.018158    0.960892 │
╰──────────────────────────────────────────────────────────────────────────────────────────────────────────────────────────────────────────────────────────────────────────────────────────────────────────────────────╯
Trial status: 1 RUNNING
Current time: 2026-08-03 15:21:05. Total running time: 1hr 57min 13s
Logical resource usage: 0.05/12 CPUs, 0/2 GPUs (0.0/1.0 accelerator_type:G)
Current best trial: 91fef_00000 with nDCG@10=0.02226843498647213 and params={'embedding_size': 64, 'n_layers': 3, 'reg_weight': 0.0001, 'batch_size': 4096, 'epochs': 1000, 'learning_rate': 0.001}
╭───────────────────────────────────────────────────────────────────────────────────────────────────────────────────────────────────────────────────────────────────────────────────────────────────────────────────────╮
│ Trial name                          status       embedding_size     n_layers     reg_weight     batch_size     epochs     learning_rate     iter     total time (s)     nDCG@10     Recall@10      EPC@10     Gini@10 │
├───────────────────────────────────────────────────────────────────────────────────────────────────────────────────────────────────────────────────────────────────────────────────────────────────────────────────────┤
│ LightGCN_LyricalMacaqueOfEmphasis   RUNNING                  64            3         0.0001           4096       1000             0.001      128            7009.28   0.0222684     0.0210144   0.0182107    0.960407 │
╰───────────────────────────────────────────────────────────────────────────────────────────────────────────────────────────────────────────────────────────────────────────────────────────────────────────────────────╯[36m(RayTrainWorker pid=4028311)[0m Checkpoint successfully created at: Checkpoint(filesystem=local, path=/home/vincenzo/warprec/experiment/lightgcn/amazon_book/amazon_book/ray_results/ray_train_trial_id=91fef_00000/checkpoint_2026-08-03_15-21-47.136566)
[36m(RayTrainWorker pid=4028311)[0m Reporting training result 129: TrainingReport(checkpoint=Checkpoint(filesystem=local, path=/home/vincenzo/warprec/experiment/lightgcn/amazon_book/amazon_book/ray_results/ray_train_trial_id=91fef_00000/checkpoint_2026-08-03_15-21-47.136566), metrics={'nDCG@10': 0.022340789437294006, 'Recall@10': 0.021017374470829964, 'EPC@10': 0.01826455444097519, 'Gini@10': 0.9598630666732788, 'best_nDCG@10': 0.022340789437294006, 'loss': 0.02423296868801117, 'ram_peak_mb': 10122.12890625, 'vram_peak_mb': 2104.5927734375, 'epoch': 128, 'step': 75078}, validation_spec=None)

Trial status: 1 RUNNING
Current time: 2026-08-03 15:21:35. Total running time: 1hr 57min 43s
Logical resource usage: 0.05/12 CPUs, 0/2 GPUs (0.0/1.0 accelerator_type:G)
Current best trial: 91fef_00000 with nDCG@10=0.02226843498647213 and params={'embedding_size': 64, 'n_layers': 3, 'reg_weight': 0.0001, 'batch_size': 4096, 'epochs': 1000, 'learning_rate': 0.001}
╭───────────────────────────────────────────────────────────────────────────────────────────────────────────────────────────────────────────────────────────────────────────────────────────────────────────────────────╮
│ Trial name                          status       embedding_size     n_layers     reg_weight     batch_size     epochs     learning_rate     iter     total time (s)     nDCG@10     Recall@10      EPC@10     Gini@10 │
├───────────────────────────────────────────────────────────────────────────────────────────────────────────────────────────────────────────────────────────────────────────────────────────────────────────────────────┤
│ LightGCN_LyricalMacaqueOfEmphasis   RUNNING                  64            3         0.0001           4096       1000             0.001      128            7009.28   0.0222684     0.0210144   0.0182107    0.960407 │
╰───────────────────────────────────────────────────────────────────────────────────────────────────────────────────────────────────────────────────────────────────────────────────────────────────────────────────────╯
Trial status: 1 RUNNING
Current time: 2026-08-03 15:22:05. Total running time: 1hr 58min 13s
Logical resource usage: 0.05/12 CPUs, 0/2 GPUs (0.0/1.0 accelerator_type:G)
Current best trial: 91fef_00000 with nDCG@10=0.022340789437294006 and params={'embedding_size': 64, 'n_layers': 3, 'reg_weight': 0.0001, 'batch_size': 4096, 'epochs': 1000, 'learning_rate': 0.001}
╭───────────────────────────────────────────────────────────────────────────────────────────────────────────────────────────────────────────────────────────────────────────────────────────────────────────────────────╮
│ Trial name                          status       embedding_size     n_layers     reg_weight     batch_size     epochs     learning_rate     iter     total time (s)     nDCG@10     Recall@10      EPC@10     Gini@10 │
├───────────────────────────────────────────────────────────────────────────────────────────────────────────────────────────────────────────────────────────────────────────────────────────────────────────────────────┤
│ LightGCN_LyricalMacaqueOfEmphasis   RUNNING                  64            3         0.0001           4096       1000             0.001      129            7063.87   0.0223408     0.0210174   0.0182646    0.959863 │
╰───────────────────────────────────────────────────────────────────────────────────────────────────────────────────────────────────────────────────────────────────────────────────────────────────────────────────────╯
Trial status: 1 RUNNING
Current time: 2026-08-03 15:22:35. Total running time: 1hr 58min 43s
Logical resource usage: 0.05/12 CPUs, 0/2 GPUs (0.0/1.0 accelerator_type:G)
Current best trial: 91fef_00000 with nDCG@10=0.022340789437294006 and params={'embedding_size': 64, 'n_layers': 3, 'reg_weight': 0.0001, 'batch_size': 4096, 'epochs': 1000, 'learning_rate': 0.001}
╭───────────────────────────────────────────────────────────────────────────────────────────────────────────────────────────────────────────────────────────────────────────────────────────────────────────────────────╮
│ Trial name                          status       embedding_size     n_layers     reg_weight     batch_size     epochs     learning_rate     iter     total time (s)     nDCG@10     Recall@10      EPC@10     Gini@10 │
├───────────────────────────────────────────────────────────────────────────────────────────────────────────────────────────────────────────────────────────────────────────────────────────────────────────────────────┤
│ LightGCN_LyricalMacaqueOfEmphasis   RUNNING                  64            3         0.0001           4096       1000             0.001      129            7063.87   0.0223408     0.0210174   0.0182646    0.959863 │
╰───────────────────────────────────────────────────────────────────────────────────────────────────────────────────────────────────────────────────────────────────────────────────────────────────────────────────────╯[36m(RayTrainWorker pid=4028311)[0m Checkpoint successfully created at: Checkpoint(filesystem=local, path=/home/vincenzo/warprec/experiment/lightgcn/amazon_book/amazon_book/ray_results/ray_train_trial_id=91fef_00000/checkpoint_2026-08-03_15-22-41.862998)
[36m(RayTrainWorker pid=4028311)[0m Reporting training result 130: TrainingReport(checkpoint=Checkpoint(filesystem=local, path=/home/vincenzo/warprec/experiment/lightgcn/amazon_book/amazon_book/ray_results/ray_train_trial_id=91fef_00000/checkpoint_2026-08-03_15-22-41.862998), metrics={'nDCG@10': 0.022314855828881264, 'Recall@10': 0.0209524966776371, 'EPC@10': 0.018240414559841156, 'Gini@10': 0.95953369140625, 'best_nDCG@10': 0.022340789437294006, 'loss': 0.023924725130200386, 'ram_peak_mb': 10120.41015625, 'vram_peak_mb': 2104.5927734375, 'epoch': 129, 'step': 75660}, validation_spec=None)
[36m(RayTrainWorker pid=4028311)[0m Checkpoint successfully created at: Checkpoint(filesystem=local, path=/home/vincenzo/warprec/experiment/lightgcn/amazon_book/amazon_book/ray_results/ray_train_trial_id=91fef_00000/checkpoint_2026-08-03_15-23-36.793813)
[36m(RayTrainWorker pid=4028311)[0m Reporting training result 131: TrainingReport(checkpoint=Checkpoint(filesystem=local, path=/home/vincenzo/warprec/experiment/lightgcn/amazon_book/amazon_book/ray_results/ray_train_trial_id=91fef_00000/checkpoint_2026-08-03_15-23-36.793813), metrics={'nDCG@10': 0.022465575486421585, 'Recall@10': 0.021130550652742386, 'EPC@10': 0.018358290195465088, 'Gini@10': 0.9591583013534546, 'best_nDCG@10': 0.022465575486421585, 'loss': 0.023984039202332497, 'ram_peak_mb': 10121.41796875, 'vram_peak_mb': 2104.5927734375, 'epoch': 130, 'step': 76242}, validation_spec=None)

Trial status: 1 RUNNING
Current time: 2026-08-03 15:23:06. Total running time: 1hr 59min 13s
Logical resource usage: 0.05/12 CPUs, 0/2 GPUs (0.0/1.0 accelerator_type:G)
Current best trial: 91fef_00000 with nDCG@10=0.022314855828881264 and params={'embedding_size': 64, 'n_layers': 3, 'reg_weight': 0.0001, 'batch_size': 4096, 'epochs': 1000, 'learning_rate': 0.001}
╭───────────────────────────────────────────────────────────────────────────────────────────────────────────────────────────────────────────────────────────────────────────────────────────────────────────────────────╮
│ Trial name                          status       embedding_size     n_layers     reg_weight     batch_size     epochs     learning_rate     iter     total time (s)     nDCG@10     Recall@10      EPC@10     Gini@10 │
├───────────────────────────────────────────────────────────────────────────────────────────────────────────────────────────────────────────────────────────────────────────────────────────────────────────────────────┤
│ LightGCN_LyricalMacaqueOfEmphasis   RUNNING                  64            3         0.0001           4096       1000             0.001      130            7118.06   0.0223149     0.0209525   0.0182404    0.959534 │
╰───────────────────────────────────────────────────────────────────────────────────────────────────────────────────────────────────────────────────────────────────────────────────────────────────────────────────────╯
Trial status: 1 RUNNING
Current time: 2026-08-03 15:23:36. Total running time: 1hr 59min 43s
Logical resource usage: 0.05/12 CPUs, 0/2 GPUs (0.0/1.0 accelerator_type:G)
Current best trial: 91fef_00000 with nDCG@10=0.022314855828881264 and params={'embedding_size': 64, 'n_layers': 3, 'reg_weight': 0.0001, 'batch_size': 4096, 'epochs': 1000, 'learning_rate': 0.001}
╭───────────────────────────────────────────────────────────────────────────────────────────────────────────────────────────────────────────────────────────────────────────────────────────────────────────────────────╮
│ Trial name                          status       embedding_size     n_layers     reg_weight     batch_size     epochs     learning_rate     iter     total time (s)     nDCG@10     Recall@10      EPC@10     Gini@10 │
├───────────────────────────────────────────────────────────────────────────────────────────────────────────────────────────────────────────────────────────────────────────────────────────────────────────────────────┤
│ LightGCN_LyricalMacaqueOfEmphasis   RUNNING                  64            3         0.0001           4096       1000             0.001      130            7118.06   0.0223149     0.0209525   0.0182404    0.959534 │
╰───────────────────────────────────────────────────────────────────────────────────────────────────────────────────────────────────────────────────────────────────────────────────────────────────────────────────────╯
Trial status: 1 RUNNING
Current time: 2026-08-03 15:24:06. Total running time: 2hr 0min 13s
Logical resource usage: 0.05/12 CPUs, 0/2 GPUs (0.0/1.0 accelerator_type:G)
Current best trial: 91fef_00000 with nDCG@10=0.022465575486421585 and params={'embedding_size': 64, 'n_layers': 3, 'reg_weight': 0.0001, 'batch_size': 4096, 'epochs': 1000, 'learning_rate': 0.001}
╭───────────────────────────────────────────────────────────────────────────────────────────────────────────────────────────────────────────────────────────────────────────────────────────────────────────────────────╮
│ Trial name                          status       embedding_size     n_layers     reg_weight     batch_size     epochs     learning_rate     iter     total time (s)     nDCG@10     Recall@10      EPC@10     Gini@10 │
├───────────────────────────────────────────────────────────────────────────────────────────────────────────────────────────────────────────────────────────────────────────────────────────────────────────────────────┤
│ LightGCN_LyricalMacaqueOfEmphasis   RUNNING                  64            3         0.0001           4096       1000             0.001      131            7174.41   0.0224656     0.0211306   0.0183583    0.959158 │
╰───────────────────────────────────────────────────────────────────────────────────────────────────────────────────────────────────────────────────────────────────────────────────────────────────────────────────────╯[36m(RayTrainWorker pid=4028311)[0m Checkpoint successfully created at: Checkpoint(filesystem=local, path=/home/vincenzo/warprec/experiment/lightgcn/amazon_book/amazon_book/ray_results/ray_train_trial_id=91fef_00000/checkpoint_2026-08-03_15-24-31.292760)
[36m(RayTrainWorker pid=4028311)[0m Reporting training result 132: TrainingReport(checkpoint=Checkpoint(filesystem=local, path=/home/vincenzo/warprec/experiment/lightgcn/amazon_book/amazon_book/ray_results/ray_train_trial_id=91fef_00000/checkpoint_2026-08-03_15-24-31.292760), metrics={'nDCG@10': 0.022424563765525818, 'Recall@10': 0.021122407168149948, 'EPC@10': 0.018330596387386322, 'Gini@10': 0.958726167678833, 'best_nDCG@10': 0.022465575486421585, 'loss': 0.0239429734647274, 'ram_peak_mb': 10121.41015625, 'vram_peak_mb': 2104.5927734375, 'epoch': 131, 'step': 76824}, validation_spec=None)
[36m(RayTrainWorker pid=4028311)[0m Checkpoint successfully created at: Checkpoint(filesystem=local, path=/home/vincenzo/warprec/experiment/lightgcn/amazon_book/amazon_book/ray_results/ray_train_trial_id=91fef_00000/checkpoint_2026-08-03_15-25-25.442773)
[36m(RayTrainWorker pid=4028311)[0m Reporting training result 133: TrainingReport(checkpoint=Checkpoint(filesystem=local, path=/home/vincenzo/warprec/experiment/lightgcn/amazon_book/amazon_book/ray_results/ray_train_trial_id=91fef_00000/checkpoint_2026-08-03_15-25-25.442773), metrics={'nDCG@10': 0.02245035395026207, 'Recall@10': 0.021095795556902885, 'EPC@10': 0.018358565866947174, 'Gini@10': 0.9581491351127625, 'best_nDCG@10': 0.022465575486421585, 'loss': 0.023898307234048843, 'ram_peak_mb': 10121.41796875, 'vram_peak_mb': 2104.5927734375, 'epoch': 132, 'step': 77406}, validation_spec=None)

Trial status: 1 RUNNING
Current time: 2026-08-03 15:24:36. Total running time: 2hr 0min 43s
Logical resource usage: 0.05/12 CPUs, 0/2 GPUs (0.0/1.0 accelerator_type:G)
Current best trial: 91fef_00000 with nDCG@10=0.022424563765525818 and params={'embedding_size': 64, 'n_layers': 3, 'reg_weight': 0.0001, 'batch_size': 4096, 'epochs': 1000, 'learning_rate': 0.001}
╭───────────────────────────────────────────────────────────────────────────────────────────────────────────────────────────────────────────────────────────────────────────────────────────────────────────────────────╮
│ Trial name                          status       embedding_size     n_layers     reg_weight     batch_size     epochs     learning_rate     iter     total time (s)     nDCG@10     Recall@10      EPC@10     Gini@10 │
├───────────────────────────────────────────────────────────────────────────────────────────────────────────────────────────────────────────────────────────────────────────────────────────────────────────────────────┤
│ LightGCN_LyricalMacaqueOfEmphasis   RUNNING                  64            3         0.0001           4096       1000             0.001      132            7228.77   0.0224246     0.0211224   0.0183306    0.958726 │
╰───────────────────────────────────────────────────────────────────────────────────────────────────────────────────────────────────────────────────────────────────────────────────────────────────────────────────────╯
Trial status: 1 RUNNING
Current time: 2026-08-03 15:25:06. Total running time: 2hr 1min 13s
Logical resource usage: 0.05/12 CPUs, 0/2 GPUs (0.0/1.0 accelerator_type:G)
Current best trial: 91fef_00000 with nDCG@10=0.022424563765525818 and params={'embedding_size': 64, 'n_layers': 3, 'reg_weight': 0.0001, 'batch_size': 4096, 'epochs': 1000, 'learning_rate': 0.001}
╭───────────────────────────────────────────────────────────────────────────────────────────────────────────────────────────────────────────────────────────────────────────────────────────────────────────────────────╮
│ Trial name                          status       embedding_size     n_layers     reg_weight     batch_size     epochs     learning_rate     iter     total time (s)     nDCG@10     Recall@10      EPC@10     Gini@10 │
├───────────────────────────────────────────────────────────────────────────────────────────────────────────────────────────────────────────────────────────────────────────────────────────────────────────────────────┤
│ LightGCN_LyricalMacaqueOfEmphasis   RUNNING                  64            3         0.0001           4096       1000             0.001      132            7228.77   0.0224246     0.0211224   0.0183306    0.958726 │
╰───────────────────────────────────────────────────────────────────────────────────────────────────────────────────────────────────────────────────────────────────────────────────────────────────────────────────────╯
Trial status: 1 RUNNING
Current time: 2026-08-03 15:25:36. Total running time: 2hr 1min 43s
Logical resource usage: 0.05/12 CPUs, 0/2 GPUs (0.0/1.0 accelerator_type:G)
Current best trial: 91fef_00000 with nDCG@10=0.02245035395026207 and params={'embedding_size': 64, 'n_layers': 3, 'reg_weight': 0.0001, 'batch_size': 4096, 'epochs': 1000, 'learning_rate': 0.001}
╭───────────────────────────────────────────────────────────────────────────────────────────────────────────────────────────────────────────────────────────────────────────────────────────────────────────────────────╮
│ Trial name                          status       embedding_size     n_layers     reg_weight     batch_size     epochs     learning_rate     iter     total time (s)     nDCG@10     Recall@10      EPC@10     Gini@10 │
├───────────────────────────────────────────────────────────────────────────────────────────────────────────────────────────────────────────────────────────────────────────────────────────────────────────────────────┤
│ LightGCN_LyricalMacaqueOfEmphasis   RUNNING                  64            3         0.0001           4096       1000             0.001      133            7283.11   0.0224504     0.0210958   0.0183586    0.958149 │
╰───────────────────────────────────────────────────────────────────────────────────────────────────────────────────────────────────────────────────────────────────────────────────────────────────────────────────────╯[36m(RayTrainWorker pid=4028311)[0m Checkpoint successfully created at: Checkpoint(filesystem=local, path=/home/vincenzo/warprec/experiment/lightgcn/amazon_book/amazon_book/ray_results/ray_train_trial_id=91fef_00000/checkpoint_2026-08-03_15-26-20.648250)
[36m(RayTrainWorker pid=4028311)[0m Reporting training result 134: TrainingReport(checkpoint=Checkpoint(filesystem=local, path=/home/vincenzo/warprec/experiment/lightgcn/amazon_book/amazon_book/ray_results/ray_train_trial_id=91fef_00000/checkpoint_2026-08-03_15-26-20.648250), metrics={'nDCG@10': 0.022388167679309845, 'Recall@10': 0.02112269587814808, 'EPC@10': 0.01830003224313259, 'Gini@10': 0.9579181671142578, 'best_nDCG@10': 0.022465575486421585, 'loss': 0.023837991058826447, 'ram_peak_mb': 10121.43359375, 'vram_peak_mb': 2104.5927734375, 'epoch': 133, 'step': 77988}, validation_spec=None)

Trial status: 1 RUNNING
Current time: 2026-08-03 15:26:06. Total running time: 2hr 2min 13s
Logical resource usage: 0.05/12 CPUs, 0/2 GPUs (0.0/1.0 accelerator_type:G)
Current best trial: 91fef_00000 with nDCG@10=0.02245035395026207 and params={'embedding_size': 64, 'n_layers': 3, 'reg_weight': 0.0001, 'batch_size': 4096, 'epochs': 1000, 'learning_rate': 0.001}
╭───────────────────────────────────────────────────────────────────────────────────────────────────────────────────────────────────────────────────────────────────────────────────────────────────────────────────────╮
│ Trial name                          status       embedding_size     n_layers     reg_weight     batch_size     epochs     learning_rate     iter     total time (s)     nDCG@10     Recall@10      EPC@10     Gini@10 │
├───────────────────────────────────────────────────────────────────────────────────────────────────────────────────────────────────────────────────────────────────────────────────────────────────────────────────────┤
│ LightGCN_LyricalMacaqueOfEmphasis   RUNNING                  64            3         0.0001           4096       1000             0.001      133            7283.11   0.0224504     0.0210958   0.0183586    0.958149 │
╰───────────────────────────────────────────────────────────────────────────────────────────────────────────────────────────────────────────────────────────────────────────────────────────────────────────────────────╯
Trial status: 1 RUNNING
Current time: 2026-08-03 15:26:36. Total running time: 2hr 2min 43s
Logical resource usage: 0.05/12 CPUs, 0/2 GPUs (0.0/1.0 accelerator_type:G)
Current best trial: 91fef_00000 with nDCG@10=0.022388167679309845 and params={'embedding_size': 64, 'n_layers': 3, 'reg_weight': 0.0001, 'batch_size': 4096, 'epochs': 1000, 'learning_rate': 0.001}
╭──────────────────────────────────────────────────────────────────────────────────────────────────────────────────────────────────────────────────────────────────────────────────────────────────────────────────────╮
│ Trial name                          status       embedding_size     n_layers     reg_weight     batch_size     epochs     learning_rate     iter     total time (s)     nDCG@10     Recall@10     EPC@10     Gini@10 │
├──────────────────────────────────────────────────────────────────────────────────────────────────────────────────────────────────────────────────────────────────────────────────────────────────────────────────────┤
│ LightGCN_LyricalMacaqueOfEmphasis   RUNNING                  64            3         0.0001           4096       1000             0.001      134            7337.43   0.0223882     0.0211227     0.0183    0.957918 │
╰──────────────────────────────────────────────────────────────────────────────────────────────────────────────────────────────────────────────────────────────────────────────────────────────────────────────────────╯
Trial status: 1 RUNNING
Current time: 2026-08-03 15:27:06. Total running time: 2hr 3min 14s
Logical resource usage: 0.05/12 CPUs, 0/2 GPUs (0.0/1.0 accelerator_type:G)
Current best trial: 91fef_00000 with nDCG@10=0.022388167679309845 and params={'embedding_size': 64, 'n_layers': 3, 'reg_weight': 0.0001, 'batch_size': 4096, 'epochs': 1000, 'learning_rate': 0.001}
╭──────────────────────────────────────────────────────────────────────────────────────────────────────────────────────────────────────────────────────────────────────────────────────────────────────────────────────╮
│ Trial name                          status       embedding_size     n_layers     reg_weight     batch_size     epochs     learning_rate     iter     total time (s)     nDCG@10     Recall@10     EPC@10     Gini@10 │
├──────────────────────────────────────────────────────────────────────────────────────────────────────────────────────────────────────────────────────────────────────────────────────────────────────────────────────┤
│ LightGCN_LyricalMacaqueOfEmphasis   RUNNING                  64            3         0.0001           4096       1000             0.001      134            7337.43   0.0223882     0.0211227     0.0183    0.957918 │
╰──────────────────────────────────────────────────────────────────────────────────────────────────────────────────────────────────────────────────────────────────────────────────────────────────────────────────────╯[36m(RayTrainWorker pid=4028311)[0m Checkpoint successfully created at: Checkpoint(filesystem=local, path=/home/vincenzo/warprec/experiment/lightgcn/amazon_book/amazon_book/ray_results/ray_train_trial_id=91fef_00000/checkpoint_2026-08-03_15-27-15.332580)
[36m(RayTrainWorker pid=4028311)[0m Reporting training result 135: TrainingReport(checkpoint=Checkpoint(filesystem=local, path=/home/vincenzo/warprec/experiment/lightgcn/amazon_book/amazon_book/ray_results/ray_train_trial_id=91fef_00000/checkpoint_2026-08-03_15-27-15.332580), metrics={'nDCG@10': 0.02239447645843029, 'Recall@10': 0.021141137927770615, 'EPC@10': 0.018300851806998253, 'Gini@10': 0.9573400616645813, 'best_nDCG@10': 0.022465575486421585, 'loss': 0.023786237463355064, 'ram_peak_mb': 10120.4765625, 'vram_peak_mb': 2104.5927734375, 'epoch': 134, 'step': 78570}, validation_spec=None)
[36m(RayTrainWorker pid=4028311)[0m Checkpoint successfully created at: Checkpoint(filesystem=local, path=/home/vincenzo/warprec/experiment/lightgcn/amazon_book/amazon_book/ray_results/ray_train_trial_id=91fef_00000/checkpoint_2026-08-03_15-28-09.759929)
[36m(RayTrainWorker pid=4028311)[0m Reporting training result 136: TrainingReport(checkpoint=Checkpoint(filesystem=local, path=/home/vincenzo/warprec/experiment/lightgcn/amazon_book/amazon_book/ray_results/ray_train_trial_id=91fef_00000/checkpoint_2026-08-03_15-28-09.759929), metrics={'nDCG@10': 0.022491613402962685, 'Recall@10': 0.02126997709274292, 'EPC@10': 0.018372174352407455, 'Gini@10': 0.956940770149231, 'best_nDCG@10': 0.022491613402962685, 'loss': 0.023709410801529884, 'ram_peak_mb': 10120.5078125, 'vram_peak_mb': 2104.5927734375, 'epoch': 135, 'step': 79152}, validation_spec=None)

Trial status: 1 RUNNING
Current time: 2026-08-03 15:27:36. Total running time: 2hr 3min 44s
Logical resource usage: 0.05/12 CPUs, 0/2 GPUs (0.0/1.0 accelerator_type:G)
Current best trial: 91fef_00000 with nDCG@10=0.02239447645843029 and params={'embedding_size': 64, 'n_layers': 3, 'reg_weight': 0.0001, 'batch_size': 4096, 'epochs': 1000, 'learning_rate': 0.001}
╭───────────────────────────────────────────────────────────────────────────────────────────────────────────────────────────────────────────────────────────────────────────────────────────────────────────────────────╮
│ Trial name                          status       embedding_size     n_layers     reg_weight     batch_size     epochs     learning_rate     iter     total time (s)     nDCG@10     Recall@10      EPC@10     Gini@10 │
├───────────────────────────────────────────────────────────────────────────────────────────────────────────────────────────────────────────────────────────────────────────────────────────────────────────────────────┤
│ LightGCN_LyricalMacaqueOfEmphasis   RUNNING                  64            3         0.0001           4096       1000             0.001      135            7392.02   0.0223945     0.0211411   0.0183009     0.95734 │
╰───────────────────────────────────────────────────────────────────────────────────────────────────────────────────────────────────────────────────────────────────────────────────────────────────────────────────────╯
Trial status: 1 RUNNING
Current time: 2026-08-03 15:28:06. Total running time: 2hr 4min 14s
Logical resource usage: 0.05/12 CPUs, 0/2 GPUs (0.0/1.0 accelerator_type:G)
Current best trial: 91fef_00000 with nDCG@10=0.02239447645843029 and params={'embedding_size': 64, 'n_layers': 3, 'reg_weight': 0.0001, 'batch_size': 4096, 'epochs': 1000, 'learning_rate': 0.001}
╭───────────────────────────────────────────────────────────────────────────────────────────────────────────────────────────────────────────────────────────────────────────────────────────────────────────────────────╮
│ Trial name                          status       embedding_size     n_layers     reg_weight     batch_size     epochs     learning_rate     iter     total time (s)     nDCG@10     Recall@10      EPC@10     Gini@10 │
├───────────────────────────────────────────────────────────────────────────────────────────────────────────────────────────────────────────────────────────────────────────────────────────────────────────────────────┤
│ LightGCN_LyricalMacaqueOfEmphasis   RUNNING                  64            3         0.0001           4096       1000             0.001      135            7392.02   0.0223945     0.0211411   0.0183009     0.95734 │
╰───────────────────────────────────────────────────────────────────────────────────────────────────────────────────────────────────────────────────────────────────────────────────────────────────────────────────────╯
Trial status: 1 RUNNING
Current time: 2026-08-03 15:28:36. Total running time: 2hr 4min 44s
Logical resource usage: 0.05/12 CPUs, 0/2 GPUs (0.0/1.0 accelerator_type:G)
Current best trial: 91fef_00000 with nDCG@10=0.022491613402962685 and params={'embedding_size': 64, 'n_layers': 3, 'reg_weight': 0.0001, 'batch_size': 4096, 'epochs': 1000, 'learning_rate': 0.001}
╭───────────────────────────────────────────────────────────────────────────────────────────────────────────────────────────────────────────────────────────────────────────────────────────────────────────────────────╮
│ Trial name                          status       embedding_size     n_layers     reg_weight     batch_size     epochs     learning_rate     iter     total time (s)     nDCG@10     Recall@10      EPC@10     Gini@10 │
├───────────────────────────────────────────────────────────────────────────────────────────────────────────────────────────────────────────────────────────────────────────────────────────────────────────────────────┤
│ LightGCN_LyricalMacaqueOfEmphasis   RUNNING                  64            3         0.0001           4096       1000             0.001      136            7446.17   0.0224916       0.02127   0.0183722    0.956941 │
╰───────────────────────────────────────────────────────────────────────────────────────────────────────────────────────────────────────────────────────────────────────────────────────────────────────────────────────╯[36m(RayTrainWorker pid=4028311)[0m Checkpoint successfully created at: Checkpoint(filesystem=local, path=/home/vincenzo/warprec/experiment/lightgcn/amazon_book/amazon_book/ray_results/ray_train_trial_id=91fef_00000/checkpoint_2026-08-03_15-29-04.222614)
[36m(RayTrainWorker pid=4028311)[0m Reporting training result 137: TrainingReport(checkpoint=Checkpoint(filesystem=local, path=/home/vincenzo/warprec/experiment/lightgcn/amazon_book/amazon_book/ray_results/ray_train_trial_id=91fef_00000/checkpoint_2026-08-03_15-29-04.222614), metrics={'nDCG@10': 0.022552339360117912, 'Recall@10': 0.021262897178530693, 'EPC@10': 0.018418606370687485, 'Gini@10': 0.9564489722251892, 'best_nDCG@10': 0.022552339360117912, 'loss': 0.02351212687790394, 'ram_peak_mb': 10121.51953125, 'vram_peak_mb': 2104.5927734375, 'epoch': 136, 'step': 79734}, validation_spec=None)
[36m(RayTrainWorker pid=4028311)[0m Checkpoint successfully created at: Checkpoint(filesystem=local, path=/home/vincenzo/warprec/experiment/lightgcn/amazon_book/amazon_book/ray_results/ray_train_trial_id=91fef_00000/checkpoint_2026-08-03_15-29-58.632021)
[36m(RayTrainWorker pid=4028311)[0m Reporting training result 138: TrainingReport(checkpoint=Checkpoint(filesystem=local, path=/home/vincenzo/warprec/experiment/lightgcn/amazon_book/amazon_book/ray_results/ray_train_trial_id=91fef_00000/checkpoint_2026-08-03_15-29-58.632021), metrics={'nDCG@10': 0.022546786814928055, 'Recall@10': 0.02130347676575184, 'EPC@10': 0.018407542258501053, 'Gini@10': 0.9561910629272461, 'best_nDCG@10': 0.022552339360117912, 'loss': 0.023266073316335678, 'ram_peak_mb': 10120.53515625, 'vram_peak_mb': 2104.5927734375, 'epoch': 137, 'step': 80316}, validation_spec=None)

Trial status: 1 RUNNING
Current time: 2026-08-03 15:29:06. Total running time: 2hr 5min 14s
Logical resource usage: 0.05/12 CPUs, 0/2 GPUs (0.0/1.0 accelerator_type:G)
Current best trial: 91fef_00000 with nDCG@10=0.022552339360117912 and params={'embedding_size': 64, 'n_layers': 3, 'reg_weight': 0.0001, 'batch_size': 4096, 'epochs': 1000, 'learning_rate': 0.001}
╭───────────────────────────────────────────────────────────────────────────────────────────────────────────────────────────────────────────────────────────────────────────────────────────────────────────────────────╮
│ Trial name                          status       embedding_size     n_layers     reg_weight     batch_size     epochs     learning_rate     iter     total time (s)     nDCG@10     Recall@10      EPC@10     Gini@10 │
├───────────────────────────────────────────────────────────────────────────────────────────────────────────────────────────────────────────────────────────────────────────────────────────────────────────────────────┤
│ LightGCN_LyricalMacaqueOfEmphasis   RUNNING                  64            3         0.0001           4096       1000             0.001      137            7500.52   0.0225523     0.0212629   0.0184186    0.956449 │
╰───────────────────────────────────────────────────────────────────────────────────────────────────────────────────────────────────────────────────────────────────────────────────────────────────────────────────────╯
Trial status: 1 RUNNING
Current time: 2026-08-03 15:29:36. Total running time: 2hr 5min 44s
Logical resource usage: 0.05/12 CPUs, 0/2 GPUs (0.0/1.0 accelerator_type:G)
Current best trial: 91fef_00000 with nDCG@10=0.022552339360117912 and params={'embedding_size': 64, 'n_layers': 3, 'reg_weight': 0.0001, 'batch_size': 4096, 'epochs': 1000, 'learning_rate': 0.001}
╭───────────────────────────────────────────────────────────────────────────────────────────────────────────────────────────────────────────────────────────────────────────────────────────────────────────────────────╮
│ Trial name                          status       embedding_size     n_layers     reg_weight     batch_size     epochs     learning_rate     iter     total time (s)     nDCG@10     Recall@10      EPC@10     Gini@10 │
├───────────────────────────────────────────────────────────────────────────────────────────────────────────────────────────────────────────────────────────────────────────────────────────────────────────────────────┤
│ LightGCN_LyricalMacaqueOfEmphasis   RUNNING                  64            3         0.0001           4096       1000             0.001      137            7500.52   0.0225523     0.0212629   0.0184186    0.956449 │
╰───────────────────────────────────────────────────────────────────────────────────────────────────────────────────────────────────────────────────────────────────────────────────────────────────────────────────────╯
Trial status: 1 RUNNING
Current time: 2026-08-03 15:30:06. Total running time: 2hr 6min 14s
Logical resource usage: 0.05/12 CPUs, 0/2 GPUs (0.0/1.0 accelerator_type:G)
Current best trial: 91fef_00000 with nDCG@10=0.022546786814928055 and params={'embedding_size': 64, 'n_layers': 3, 'reg_weight': 0.0001, 'batch_size': 4096, 'epochs': 1000, 'learning_rate': 0.001}
╭───────────────────────────────────────────────────────────────────────────────────────────────────────────────────────────────────────────────────────────────────────────────────────────────────────────────────────╮
│ Trial name                          status       embedding_size     n_layers     reg_weight     batch_size     epochs     learning_rate     iter     total time (s)     nDCG@10     Recall@10      EPC@10     Gini@10 │
├───────────────────────────────────────────────────────────────────────────────────────────────────────────────────────────────────────────────────────────────────────────────────────────────────────────────────────┤
│ LightGCN_LyricalMacaqueOfEmphasis   RUNNING                  64            3         0.0001           4096       1000             0.001      138            7554.88   0.0225468     0.0213035   0.0184075    0.956191 │
╰───────────────────────────────────────────────────────────────────────────────────────────────────────────────────────────────────────────────────────────────────────────────────────────────────────────────────────╯[36m(RayTrainWorker pid=4028311)[0m Checkpoint successfully created at: Checkpoint(filesystem=local, path=/home/vincenzo/warprec/experiment/lightgcn/amazon_book/amazon_book/ray_results/ray_train_trial_id=91fef_00000/checkpoint_2026-08-03_15-30-53.767237)
[36m(RayTrainWorker pid=4028311)[0m Reporting training result 139: TrainingReport(checkpoint=Checkpoint(filesystem=local, path=/home/vincenzo/warprec/experiment/lightgcn/amazon_book/amazon_book/ray_results/ray_train_trial_id=91fef_00000/checkpoint_2026-08-03_15-30-53.767237), metrics={'nDCG@10': 0.022503526881337166, 'Recall@10': 0.02120417356491089, 'EPC@10': 0.018372563645243645, 'Gini@10': 0.9557412266731262, 'best_nDCG@10': 0.022552339360117912, 'loss': 0.02336985431611538, 'ram_peak_mb': 10121.54296875, 'vram_peak_mb': 2104.5927734375, 'epoch': 138, 'step': 80898}, validation_spec=None)

Trial status: 1 RUNNING
Current time: 2026-08-03 15:30:37. Total running time: 2hr 6min 44s
Logical resource usage: 0.05/12 CPUs, 0/2 GPUs (0.0/1.0 accelerator_type:G)
Current best trial: 91fef_00000 with nDCG@10=0.022546786814928055 and params={'embedding_size': 64, 'n_layers': 3, 'reg_weight': 0.0001, 'batch_size': 4096, 'epochs': 1000, 'learning_rate': 0.001}
╭───────────────────────────────────────────────────────────────────────────────────────────────────────────────────────────────────────────────────────────────────────────────────────────────────────────────────────╮
│ Trial name                          status       embedding_size     n_layers     reg_weight     batch_size     epochs     learning_rate     iter     total time (s)     nDCG@10     Recall@10      EPC@10     Gini@10 │
├───────────────────────────────────────────────────────────────────────────────────────────────────────────────────────────────────────────────────────────────────────────────────────────────────────────────────────┤
│ LightGCN_LyricalMacaqueOfEmphasis   RUNNING                  64            3         0.0001           4096       1000             0.001      138            7554.88   0.0225468     0.0213035   0.0184075    0.956191 │
╰───────────────────────────────────────────────────────────────────────────────────────────────────────────────────────────────────────────────────────────────────────────────────────────────────────────────────────╯
Trial status: 1 RUNNING
Current time: 2026-08-03 15:31:07. Total running time: 2hr 7min 14s
Logical resource usage: 0.05/12 CPUs, 0/2 GPUs (0.0/1.0 accelerator_type:G)
Current best trial: 91fef_00000 with nDCG@10=0.022503526881337166 and params={'embedding_size': 64, 'n_layers': 3, 'reg_weight': 0.0001, 'batch_size': 4096, 'epochs': 1000, 'learning_rate': 0.001}
╭───────────────────────────────────────────────────────────────────────────────────────────────────────────────────────────────────────────────────────────────────────────────────────────────────────────────────────╮
│ Trial name                          status       embedding_size     n_layers     reg_weight     batch_size     epochs     learning_rate     iter     total time (s)     nDCG@10     Recall@10      EPC@10     Gini@10 │
├───────────────────────────────────────────────────────────────────────────────────────────────────────────────────────────────────────────────────────────────────────────────────────────────────────────────────────┤
│ LightGCN_LyricalMacaqueOfEmphasis   RUNNING                  64            3         0.0001           4096       1000             0.001      139            7611.23   0.0225035     0.0212042   0.0183726    0.955741 │
╰───────────────────────────────────────────────────────────────────────────────────────────────────────────────────────────────────────────────────────────────────────────────────────────────────────────────────────╯
Trial status: 1 RUNNING
Current time: 2026-08-03 15:31:37. Total running time: 2hr 7min 44s
Logical resource usage: 0.05/12 CPUs, 0/2 GPUs (0.0/1.0 accelerator_type:G)
Current best trial: 91fef_00000 with nDCG@10=0.022503526881337166 and params={'embedding_size': 64, 'n_layers': 3, 'reg_weight': 0.0001, 'batch_size': 4096, 'epochs': 1000, 'learning_rate': 0.001}
╭───────────────────────────────────────────────────────────────────────────────────────────────────────────────────────────────────────────────────────────────────────────────────────────────────────────────────────╮
│ Trial name                          status       embedding_size     n_layers     reg_weight     batch_size     epochs     learning_rate     iter     total time (s)     nDCG@10     Recall@10      EPC@10     Gini@10 │
├───────────────────────────────────────────────────────────────────────────────────────────────────────────────────────────────────────────────────────────────────────────────────────────────────────────────────────┤
│ LightGCN_LyricalMacaqueOfEmphasis   RUNNING                  64            3         0.0001           4096       1000             0.001      139            7611.23   0.0225035     0.0212042   0.0183726    0.955741 │
╰───────────────────────────────────────────────────────────────────────────────────────────────────────────────────────────────────────────────────────────────────────────────────────────────────────────────────────╯[36m(RayTrainWorker pid=4028311)[0m Checkpoint successfully created at: Checkpoint(filesystem=local, path=/home/vincenzo/warprec/experiment/lightgcn/amazon_book/amazon_book/ray_results/ray_train_trial_id=91fef_00000/checkpoint_2026-08-03_15-31-48.136517)
[36m(RayTrainWorker pid=4028311)[0m Reporting training result 140: TrainingReport(checkpoint=Checkpoint(filesystem=local, path=/home/vincenzo/warprec/experiment/lightgcn/amazon_book/amazon_book/ray_results/ray_train_trial_id=91fef_00000/checkpoint_2026-08-03_15-31-48.136517), metrics={'nDCG@10': 0.022512216120958328, 'Recall@10': 0.021260766312479973, 'EPC@10': 0.018385300412774086, 'Gini@10': 0.9553188681602478, 'best_nDCG@10': 0.022552339360117912, 'loss': 0.023368719965219498, 'ram_peak_mb': 10121.5546875, 'vram_peak_mb': 2104.5927734375, 'epoch': 139, 'step': 81480}, validation_spec=None)
[36m(RayTrainWorker pid=4028311)[0m Checkpoint successfully created at: Checkpoint(filesystem=local, path=/home/vincenzo/warprec/experiment/lightgcn/amazon_book/amazon_book/ray_results/ray_train_trial_id=91fef_00000/checkpoint_2026-08-03_15-32-42.414897)
[36m(RayTrainWorker pid=4028311)[0m Reporting training result 141: TrainingReport(checkpoint=Checkpoint(filesystem=local, path=/home/vincenzo/warprec/experiment/lightgcn/amazon_book/amazon_book/ray_results/ray_train_trial_id=91fef_00000/checkpoint_2026-08-03_15-32-42.414897), metrics={'nDCG@10': 0.022542238235473633, 'Recall@10': 0.021240999922156334, 'EPC@10': 0.018412945792078972, 'Gini@10': 0.9552797079086304, 'best_nDCG@10': 0.022552339360117912, 'loss': 0.023125018924474716, 'ram_peak_mb': 10121.5625, 'vram_peak_mb': 2104.5927734375, 'epoch': 140, 'step': 82062}, validation_spec=None)

Trial status: 1 RUNNING
Current time: 2026-08-03 15:32:07. Total running time: 2hr 8min 14s
Logical resource usage: 0.05/12 CPUs, 0/2 GPUs (0.0/1.0 accelerator_type:G)
Current best trial: 91fef_00000 with nDCG@10=0.022512216120958328 and params={'embedding_size': 64, 'n_layers': 3, 'reg_weight': 0.0001, 'batch_size': 4096, 'epochs': 1000, 'learning_rate': 0.001}
╭───────────────────────────────────────────────────────────────────────────────────────────────────────────────────────────────────────────────────────────────────────────────────────────────────────────────────────╮
│ Trial name                          status       embedding_size     n_layers     reg_weight     batch_size     epochs     learning_rate     iter     total time (s)     nDCG@10     Recall@10      EPC@10     Gini@10 │
├───────────────────────────────────────────────────────────────────────────────────────────────────────────────────────────────────────────────────────────────────────────────────────────────────────────────────────┤
│ LightGCN_LyricalMacaqueOfEmphasis   RUNNING                  64            3         0.0001           4096       1000             0.001      140            7665.58   0.0225122     0.0212608   0.0183853    0.955319 │
╰───────────────────────────────────────────────────────────────────────────────────────────────────────────────────────────────────────────────────────────────────────────────────────────────────────────────────────╯
Trial status: 1 RUNNING
Current time: 2026-08-03 15:32:37. Total running time: 2hr 8min 44s
Logical resource usage: 0.05/12 CPUs, 0/2 GPUs (0.0/1.0 accelerator_type:G)
Current best trial: 91fef_00000 with nDCG@10=0.022512216120958328 and params={'embedding_size': 64, 'n_layers': 3, 'reg_weight': 0.0001, 'batch_size': 4096, 'epochs': 1000, 'learning_rate': 0.001}
╭───────────────────────────────────────────────────────────────────────────────────────────────────────────────────────────────────────────────────────────────────────────────────────────────────────────────────────╮
│ Trial name                          status       embedding_size     n_layers     reg_weight     batch_size     epochs     learning_rate     iter     total time (s)     nDCG@10     Recall@10      EPC@10     Gini@10 │
├───────────────────────────────────────────────────────────────────────────────────────────────────────────────────────────────────────────────────────────────────────────────────────────────────────────────────────┤
│ LightGCN_LyricalMacaqueOfEmphasis   RUNNING                  64            3         0.0001           4096       1000             0.001      140            7665.58   0.0225122     0.0212608   0.0183853    0.955319 │
╰───────────────────────────────────────────────────────────────────────────────────────────────────────────────────────────────────────────────────────────────────────────────────────────────────────────────────────╯
Trial status: 1 RUNNING
Current time: 2026-08-03 15:33:07. Total running time: 2hr 9min 14s
Logical resource usage: 0.05/12 CPUs, 0/2 GPUs (0.0/1.0 accelerator_type:G)
Current best trial: 91fef_00000 with nDCG@10=0.022542238235473633 and params={'embedding_size': 64, 'n_layers': 3, 'reg_weight': 0.0001, 'batch_size': 4096, 'epochs': 1000, 'learning_rate': 0.001}
╭───────────────────────────────────────────────────────────────────────────────────────────────────────────────────────────────────────────────────────────────────────────────────────────────────────────────────────╮
│ Trial name                          status       embedding_size     n_layers     reg_weight     batch_size     epochs     learning_rate     iter     total time (s)     nDCG@10     Recall@10      EPC@10     Gini@10 │
├───────────────────────────────────────────────────────────────────────────────────────────────────────────────────────────────────────────────────────────────────────────────────────────────────────────────────────┤
│ LightGCN_LyricalMacaqueOfEmphasis   RUNNING                  64            3         0.0001           4096       1000             0.001      141            7719.93   0.0225422      0.021241   0.0184129     0.95528 │
╰───────────────────────────────────────────────────────────────────────────────────────────────────────────────────────────────────────────────────────────────────────────────────────────────────────────────────────╯[36m(RayTrainWorker pid=4028311)[0m Checkpoint successfully created at: Checkpoint(filesystem=local, path=/home/vincenzo/warprec/experiment/lightgcn/amazon_book/amazon_book/ray_results/ray_train_trial_id=91fef_00000/checkpoint_2026-08-03_15-33-36.829409)
[36m(RayTrainWorker pid=4028311)[0m Reporting training result 142: TrainingReport(checkpoint=Checkpoint(filesystem=local, path=/home/vincenzo/warprec/experiment/lightgcn/amazon_book/amazon_book/ray_results/ray_train_trial_id=91fef_00000/checkpoint_2026-08-03_15-33-36.829409), metrics={'nDCG@10': 0.022549806162714958, 'Recall@10': 0.021269740536808968, 'EPC@10': 0.01840730756521225, 'Gini@10': 0.9550384283065796, 'best_nDCG@10': 0.022552339360117912, 'loss': 0.02315433695912361, 'ram_peak_mb': 10120.578125, 'vram_peak_mb': 2104.5927734375, 'epoch': 141, 'step': 82644}, validation_spec=None)
2026-08-03 15:33:40,890	INFO tune.py:1009 -- Wrote the latest version of all result files and experiment state to '/home/vincenzo/warprec/experiment/lightgcn/amazon_book/amazon_book/ray_results/train_driver_fn_2026-08-03_13-23-52' in 0.0149s.

[36m(RayTrainWorker pid=4028311)[0m 03-08-2026 15:33:36 - WarpRec - 📢 [33mEarly stopping triggered at epoch 141 (Score: 0.0225, Best: 0.0226).[0m
Trial status: 1 RUNNING
Current time: 2026-08-03 15:33:37. Total running time: 2hr 9min 44s
Logical resource usage: 0.05/12 CPUs, 0/2 GPUs (0.0/1.0 accelerator_type:G)
Current best trial: 91fef_00000 with nDCG@10=0.022542238235473633 and params={'embedding_size': 64, 'n_layers': 3, 'reg_weight': 0.0001, 'batch_size': 4096, 'epochs': 1000, 'learning_rate': 0.001}
╭───────────────────────────────────────────────────────────────────────────────────────────────────────────────────────────────────────────────────────────────────────────────────────────────────────────────────────╮
│ Trial name                          status       embedding_size     n_layers     reg_weight     batch_size     epochs     learning_rate     iter     total time (s)     nDCG@10     Recall@10      EPC@10     Gini@10 │
├───────────────────────────────────────────────────────────────────────────────────────────────────────────────────────────────────────────────────────────────────────────────────────────────────────────────────────┤
│ LightGCN_LyricalMacaqueOfEmphasis   RUNNING                  64            3         0.0001           4096       1000             0.001      141            7719.93   0.0225422      0.021241   0.0184129     0.95528 │
╰───────────────────────────────────────────────────────────────────────────────────────────────────────────────────────────────────────────────────────────────────────────────────────────────────────────────────────╯

Trial LightGCN_LyricalMacaqueOfEmphasis completed after 142 iterations at 2026-08-03 15:33:40. Total running time: 2hr 9min 48s
╭─────────────────────────────────────────────────────────────────────────╮
│ Trial LightGCN_LyricalMacaqueOfEmphasis result                          │
├─────────────────────────────────────────────────────────────────────────┤
│ checkpoint_dir_name                                                     │
│ time_this_iter_s                                               54.38678 │
│ time_total_s                                                 7774.31406 │
│ training_iteration                                                  142 │
│ EPC@10                                                          0.01841 │
│ Gini@10                                                         0.95504 │
│ Recall@10                                                       0.02127 │
│ best_nDCG@10                                                    0.02255 │
│ checkpoint_path                                    ...3_15-33-36.829409 │
│ epoch                                                               141 │
│ loss                                                            0.02315 │
│ nDCG@10                                                         0.02255 │
│ ram_peak_mb                                                 10120.57812 │
│ step                                                              82644 │
│ vram_peak_mb                                                 2104.59277 │
╰─────────────────────────────────────────────────────────────────────────╯

Trial status: 1 TERMINATED
Current time: 2026-08-03 15:33:40. Total running time: 2hr 9min 48s
Logical resource usage: 0.05/12 CPUs, 0/2 GPUs (0.0/1.0 accelerator_type:G)
Current best trial: 91fef_00000 with nDCG@10=0.022549806162714958 and params={'embedding_size': 64, 'n_layers': 3, 'reg_weight': 0.0001, 'batch_size': 4096, 'epochs': 1000, 'learning_rate': 0.001}
╭─────────────────────────────────────────────────────────────────────────────────────────────────────────────────────────────────────────────────────────────────────────────────────────────────────────────────────────╮
│ Trial name                          status         embedding_size     n_layers     reg_weight     batch_size     epochs     learning_rate     iter     total time (s)     nDCG@10     Recall@10      EPC@10     Gini@10 │
├─────────────────────────────────────────────────────────────────────────────────────────────────────────────────────────────────────────────────────────────────────────────────────────────────────────────────────────┤
│ LightGCN_LyricalMacaqueOfEmphasis   TERMINATED                 64            3         0.0001           4096       1000             0.001      142            7774.31   0.0225498     0.0212697   0.0184073    0.955038 │
╰─────────────────────────────────────────────────────────────────────────────────────────────────────────────────────────────────────────────────────────────────────────────────────────────────────────────────────────╯

03-08-2026 15:33:40 - WarpRec - 📝 [37mBest params: {'embedding_size': 64, 'n_layers': 3, 'reg_weight': 0.0001, 'batch_size': 4096, 'epochs': 1000, 'learning_rate': 0.001} | Score (nDCG@10): 0.022552339360117912 | Iteration: 137[0m
03-08-2026 15:33:40 - WarpRec - ✅ [32mHPO for LightGCN ended successfully.[0m
03-08-2026 15:33:41 - WarpRec - 📝 [37mDelegating evaluation of LightGCN model to Ray cluster[0m
[36m(RayTrainWorker pid=4028311)[0m [rank0]:[W803 15:33:41.031222786 ProcessGroupNCCL.cpp:1476] Warning: WARNING: destroy_process_group() was not called before program exit, which can leak resources. For more info, please see https://pytorch.org/docs/stable/distributed.html#shutdown (function operator())
[36m(pid=4089755)[0m /opt/miniconda3/envs/warprec/lib/python3.12/site-packages/hyperopt/atpe.py:19: UserWarning: pkg_resources is deprecated as an API. See https://setuptools.pypa.io/en/latest/pkg_resources.html. The pkg_resources package is slated for removal as early as 2025-11-30. Refrain from using this package or pin to Setuptools<81.
[36m(pid=4089755)[0m   import pkg_resources
[36m(remote_evaluation_and_timing pid=4089755)[0m 03-08-2026 15:33:54 - WarpRec - 📝 [37mStarting evaluation process for model LightGCN.[0m
03-08-2026 15:34:05 - WarpRec - 📝 [37m----------------------------Test---------------------------[0m
03-08-2026 15:34:05 - WarpRec - 📝 [37m+----------+-----------+-----------+-----------+----------+[0m
03-08-2026 15:34:05 - WarpRec - 📝 [37m| Cutoff   |      nDCG |    Recall |       EPC |     Gini |[0m
03-08-2026 15:34:05 - WarpRec - 📝 [37m+==========+===========+===========+===========+==========+[0m
03-08-2026 15:34:05 - WarpRec - 📝 [37m| Top@10   | 0.0225523 | 0.0212629 | 0.0184186 | 0.956449 |[0m
03-08-2026 15:34:05 - WarpRec - 📝 [37m+----------+-----------+-----------+-----------+----------+[0m
03-08-2026 15:34:05 - WarpRec - 📝 [37mResults successfully written to experiment/lightgcn/amazon_book/amazon_book/evaluation/Overall_Results_03.08.2026_13-23-40.tsv[0m
03-08-2026 15:34:05 - WarpRec - 📝 [37mParameters successfully written to experiment/lightgcn/amazon_book/amazon_book/params/Overall_Params_03.08.2026_13-23-40.json[0m
03-08-2026 15:34:05 - WarpRec - ✅ [32mAll experiments concluded. WarpRec is shutting down.[0m
[36m(remote_evaluation_and_timing pid=4089755)[0m 03-08-2026 15:34:05 - WarpRec - ✅ [32mEvaluation completed for model LightGCN. Time: 00:00:11[0m
