nohup: ignoring input
/opt/miniconda3/envs/warprec/lib/python3.12/site-packages/hyperopt/atpe.py:19: UserWarning: pkg_resources is deprecated as an API. See https://setuptools.pypa.io/en/latest/pkg_resources.html. The pkg_resources package is slated for removal as early as 2025-11-30. Refrain from using this package or pin to Setuptools<81.
  import pkg_resources
30-07-2026 09:07:59 - WarpRec - 📝 [37mStarting experiment.[0m
30-07-2026 09:07:59 - WarpRec - 📝 [37mReading train configuration file in: config/lightgcntest.yml[0m
30-07-2026 09:07:59 - WarpRec - 📝 [37mReading process completed correctly.[0m
2026-07-30 09:07:59,417	WARNING services.py:397 -- Found multiple active Ray instances: {'herd-ray-head:6379', '10.74.0.72:6379'}. Connecting to latest cluster at 10.74.0.72:6379. You can override this by setting the `--address` flag or `RAY_ADDRESS` environment variable.
2026-07-30 09:07:59,417	INFO worker.py:1833 -- Connecting to existing Ray cluster at address: 10.74.0.72:6379...
2026-07-30 09:07:59,430	INFO worker.py:2013 -- Connected to Ray cluster.
/opt/miniconda3/envs/warprec/lib/python3.12/site-packages/ray/_private/worker.py:2052: FutureWarning: Tip: In future versions of Ray, Ray will no longer override accelerator visible devices env var if num_gpus=0 or num_gpus=None (default). To enable this behavior and turn off this error message, set RAY_ACCEL_ENV_VAR_OVERRIDE_ON_ZERO=0
  warnings.warn(
30-07-2026 09:07:59 - WarpRec - ✅ [32mConnected to existing Ray cluster.[0m
30-07-2026 09:07:59 - WarpRec - 📝 [37mSetting up experiment local folder.[0m
30-07-2026 09:07:59 - WarpRec - 📝 [37mExperiment folder created successfully.[0m
30-07-2026 09:07:59 - WarpRec - 📝 [37mDelegating data preparation to Ray cluster[0m
[36m(pid=784243)[0m /opt/miniconda3/envs/warprec/lib/python3.12/site-packages/hyperopt/atpe.py:19: UserWarning: pkg_resources is deprecated as an API. See https://setuptools.pypa.io/en/latest/pkg_resources.html. The pkg_resources package is slated for removal as early as 2025-11-30. Refrain from using this package or pin to Setuptools<81.
[36m(pid=784243)[0m   import pkg_resources
[36m(remote_data_preparation pid=784243)[0m 30-07-2026 09:08:10 - WarpRec - 📝 [37mApplying filters to the dataset. Initial dataset size: 2200761 rows.[0m
[36m(remote_data_preparation pid=784243)[0m 30-07-2026 09:08:10 - WarpRec - 📊 [36mAfter filter 1/1 (IterativeKCore): 755416 rows[0m
[36m(remote_data_preparation pid=784243)[0m 30-07-2026 09:08:10 - WarpRec - ✅ [32mFiltering process completed. Final dataset size after filtering: 755416. Total filtering time: 0.33 seconds.[0m
[36m(remote_data_preparation pid=784243)[0m 30-07-2026 09:08:10 - WarpRec - 📝 [37mStarting test splitting process with random_holdout splitting strategy.[0m
[36m(remote_data_preparation pid=784243)[0m 30-07-2026 09:08:10 - WarpRec - 📝 [37mTest splitting completed in : 0.05s[0m
[36m(remote_data_preparation pid=784243)[0m 30-07-2026 09:08:10 - WarpRec - ✅ [32mSplitting process over in 0.05s.[0m
[36m(remote_data_preparation pid=784243)[0m 30-07-2026 09:08:10 - WarpRec - 📝 [37mCreating main dataset[0m
[36m(remote_data_preparation pid=784243)[0m 30-07-2026 09:08:10 - WarpRec - 📝 [37m---------------------------------Train set----------------------------------[0m
[36m(remote_data_preparation pid=784243)[0m 30-07-2026 09:08:10 - WarpRec - 📊 [36mNumber of users: 36456      Number of items: 27943      Transactions: 679874[0m
[36m(remote_data_preparation pid=784243)[0m 30-07-2026 09:08:10 - WarpRec - 📝 [37m----------------------------------------------------------------------------[0m
[36m(remote_data_preparation pid=784243)[0m 30-07-2026 09:08:10 - WarpRec - 📝 [37m----------------------------------Test set---------------------------------[0m
[36m(remote_data_preparation pid=784243)[0m 30-07-2026 09:08:10 - WarpRec - 📊 [36mNumber of users: 31018      Number of items: 23409      Transactions: 75542[0m
[36m(remote_data_preparation pid=784243)[0m 30-07-2026 09:08:10 - WarpRec - 📝 [37m---------------------------------------------------------------------------[0m
[36m(remote_data_preparation pid=784243)[0m 30-07-2026 09:08:11 - WarpRec - 📝 [37mPreparing main dataset inner structures for evaluation.[0m
30-07-2026 09:08:11 - WarpRec - 📝 [37mTabular split data written to experiment/haltgrand/lastfm_emotion_gemini/lastfm_emotion_gemini/split[0m
30-07-2026 09:08:11 - WarpRec - ✅ [32mData preparation completed in 12.32 seconds.[0m
30-07-2026 09:08:11 - WarpRec - 📢 [33mValidation metric for this experiment has been set to: nDCG@10[0m
[36m(pid=784549)[0m /opt/miniconda3/envs/warprec/lib/python3.12/site-packages/hyperopt/atpe.py:19: UserWarning: pkg_resources is deprecated as an API. See https://setuptools.pypa.io/en/latest/pkg_resources.html. The pkg_resources package is slated for removal as early as 2025-11-30. Refrain from using this package or pin to Setuptools<81.
[36m(pid=784549)[0m   import pkg_resources
[36m(TrainController pid=784930)[0m /opt/miniconda3/envs/warprec/lib/python3.12/site-packages/hyperopt/atpe.py:19: UserWarning: pkg_resources is deprecated as an API. See https://setuptools.pypa.io/en/latest/pkg_resources.html. The pkg_resources package is slated for removal as early as 2025-11-30. Refrain from using this package or pin to Setuptools<81.
[36m(TrainController pid=784930)[0m   import pkg_resources
[36m(TrainController pid=784930)[0m Attempting to start training worker group of size 1 with the following resources: [{'CPU': 1.0, 'GPU': 1}] * 1
[36m(RayTrainWorker pid=785207)[0m /opt/miniconda3/envs/warprec/lib/python3.12/site-packages/hyperopt/atpe.py:19: UserWarning: pkg_resources is deprecated as an API. See https://setuptools.pypa.io/en/latest/pkg_resources.html. The pkg_resources package is slated for removal as early as 2025-11-30. Refrain from using this package or pin to Setuptools<81.
[36m(RayTrainWorker pid=785207)[0m   import pkg_resources
[36m(TrainController pid=784930)[0m Started training worker group of size 1: 
[36m(TrainController pid=784930)[0m - (ip=10.74.0.72, pid=785207) world_rank=0, local_rank=0, node_rank=0
[36m(RayTrainWorker pid=785207)[0m Setting up process group for: env:// [rank=0, world_size=1]
[36m(RayTrainWorker pid=785207)[0m [rank0]:[W730 09:09:01.763847869 ProcessGroupNCCL.cpp:4715] [PG ID 0 PG GUID 0 Rank 0]  using GPU 0 as device used by this process is currently unknown. This can potentially cause a hang if this rank to GPU mapping is incorrect. You can pecify device_id in init_process_group() to force use of a particular device.
[36m(RayTrainWorker pid=785207)[0m Checkpoint successfully created at: Checkpoint(filesystem=local, path=/home/vincenzo/warprec/experiment/haltgrand/lastfm_emotion_gemini/lastfm_emotion_gemini/ray_results/ray_train_trial_id=30675_00000/checkpoint_2026-07-30_09-09-02.158697)
[36m(RayTrainWorker pid=785207)[0m Reporting training result 1: TrainingReport(checkpoint=Checkpoint(filesystem=local, path=/home/vincenzo/warprec/experiment/haltgrand/lastfm_emotion_gemini/lastfm_emotion_gemini/ray_results/ray_train_trial_id=30675_00000/checkpoint_2026-07-30_09-09-02.158697), metrics={'nDCG@10': 0.015943948179483414, 'Recall@10': 0.02222464047372341, 'EPC@10': 0.007037970703095198, 'Gini@10': 0.9982019662857056, 'best_nDCG@10': 0.015943948179483414, 'loss': 0.641833484172821, 'ram_peak_mb': 4309.35546875, 'vram_peak_mb': 671.0546875, 'epoch': 0, 'step': 166}, validation_spec=None)
╭────────────────────────────────────────────────────────────────────────╮
│ Configuration for experiment     train_driver_fn_2026-07-30_09-08-11   │
├────────────────────────────────────────────────────────────────────────┤
│ Search algorithm                 BasicVariantGenerator                 │
│ Scheduler                        FIFOSchedulerWrapper                  │
│ Number of trials                 1                                     │
╰────────────────────────────────────────────────────────────────────────╯

View detailed results here: /home/vincenzo/warprec/experiment/haltgrand/lastfm_emotion_gemini/lastfm_emotion_gemini/ray_results/train_driver_fn_2026-07-30_09-08-11
To visualize your results with TensorBoard, run: `tensorboard --logdir /tmp/ray/session_2026-07-30_08-57-47_027174_771826/artifacts/2026-07-30_09-08-11/train_driver_fn_2026-07-30_09-08-11/driver_artifacts`

Trial status: 1 PENDING
Current time: 2026-07-30 09:08:11. Total running time: 0s
Logical resource usage: 0.05/12 CPUs, 0/2 GPUs (0.0/1.0 accelerator_type:G)
╭─────────────────────────────────────────────────────────────────────────────────────────────────────────────────────────────────╮
│ Trial name                  status       embedding_size     n_layers     reg_weight     batch_size     epochs     learning_rate │
├─────────────────────────────────────────────────────────────────────────────────────────────────────────────────────────────────┤
│ LightGCN_QuaintOchreGoose   PENDING                  64            3         0.0001           4096        300             0.001 │
╰─────────────────────────────────────────────────────────────────────────────────────────────────────────────────────────────────╯

Trial LightGCN_QuaintOchreGoose started with configuration:
╭───────────────────────────────────────────────────╮
│ Trial LightGCN_QuaintOchreGoose config            │
├───────────────────────────────────────────────────┤
│ batch_size                                   4096 │
│ embedding_size                                 64 │
│ epochs                                        300 │
│ learning_rate                               0.001 │
│ n_layers                                        3 │
│ reg_weight                                 0.0001 │
╰───────────────────────────────────────────────────╯

Trial status: 1 RUNNING
Current time: 2026-07-30 09:08:41. Total running time: 30s
Logical resource usage: 0.05/12 CPUs, 0/2 GPUs (0.0/1.0 accelerator_type:G)
╭─────────────────────────────────────────────────────────────────────────────────────────────────────────────────────────────────╮
│ Trial name                  status       embedding_size     n_layers     reg_weight     batch_size     epochs     learning_rate │
├─────────────────────────────────────────────────────────────────────────────────────────────────────────────────────────────────┤
│ LightGCN_QuaintOchreGoose   RUNNING                  64            3         0.0001           4096        300             0.001 │
╰─────────────────────────────────────────────────────────────────────────────────────────────────────────────────────────────────╯
Trial status: 1 RUNNING
Current time: 2026-07-30 09:09:11. Total running time: 1min 0s
Logical resource usage: 0.05/12 CPUs, 0/2 GPUs (0.0/1.0 accelerator_type:G)
Current best trial: 30675_00000 with nDCG@10=0.015943948179483414 and params={'embedding_size': 64, 'n_layers': 3, 'reg_weight': 0.0001, 'batch_size': 4096, 'epochs': 300, 'learning_rate': 0.001}
╭────────────────────────────────────────────────────────────────────────────────────────────────────────────────────────────────────────────────────────────────────────────────────────────────────────────────╮
│ Trial name                  status       embedding_size     n_layers     reg_weight     batch_size     epochs     learning_rate     iter     total time (s)     nDCG@10     Recall@10       EPC@10     Gini@10 │
├────────────────────────────────────────────────────────────────────────────────────────────────────────────────────────────────────────────────────────────────────────────────────────────────────────────────┤
│ LightGCN_QuaintOchreGoose   RUNNING                  64            3         0.0001           4096        300             0.001        1            39.5947   0.0159439     0.0222246   0.00703797    0.998202 │
╰────────────────────────────────────────────────────────────────────────────────────────────────────────────────────────────────────────────────────────────────────────────────────────────────────────────────╯[36m(RayTrainWorker pid=785207)[0m Checkpoint successfully created at: Checkpoint(filesystem=local, path=/home/vincenzo/warprec/experiment/haltgrand/lastfm_emotion_gemini/lastfm_emotion_gemini/ray_results/ray_train_trial_id=30675_00000/checkpoint_2026-07-30_09-09-13.161408)
[36m(RayTrainWorker pid=785207)[0m Reporting training result 2: TrainingReport(checkpoint=Checkpoint(filesystem=local, path=/home/vincenzo/warprec/experiment/haltgrand/lastfm_emotion_gemini/lastfm_emotion_gemini/ray_results/ray_train_trial_id=30675_00000/checkpoint_2026-07-30_09-09-13.161408), metrics={'nDCG@10': 0.017654716968536377, 'Recall@10': 0.025555742904543877, 'EPC@10': 0.007677590940147638, 'Gini@10': 0.997682511806488, 'best_nDCG@10': 0.017654716968536377, 'loss': 0.43056678771972656, 'ram_peak_mb': 4340.58203125, 'vram_peak_mb': 671.07275390625, 'epoch': 1, 'step': 332}, validation_spec=None)
[36m(RayTrainWorker pid=785207)[0m Checkpoint successfully created at: Checkpoint(filesystem=local, path=/home/vincenzo/warprec/experiment/haltgrand/lastfm_emotion_gemini/lastfm_emotion_gemini/ray_results/ray_train_trial_id=30675_00000/checkpoint_2026-07-30_09-09-24.331054)
[36m(RayTrainWorker pid=785207)[0m Reporting training result 3: TrainingReport(checkpoint=Checkpoint(filesystem=local, path=/home/vincenzo/warprec/experiment/haltgrand/lastfm_emotion_gemini/lastfm_emotion_gemini/ray_results/ray_train_trial_id=30675_00000/checkpoint_2026-07-30_09-09-24.331054), metrics={'nDCG@10': 0.019838975742459297, 'Recall@10': 0.028588982298970222, 'EPC@10': 0.008555037900805473, 'Gini@10': 0.9971506595611572, 'best_nDCG@10': 0.019838975742459297, 'loss': 0.3276216387748718, 'ram_peak_mb': 4343.2265625, 'vram_peak_mb': 671.07861328125, 'epoch': 2, 'step': 498}, validation_spec=None)
[36m(RayTrainWorker pid=785207)[0m Checkpoint successfully created at: Checkpoint(filesystem=local, path=/home/vincenzo/warprec/experiment/haltgrand/lastfm_emotion_gemini/lastfm_emotion_gemini/ray_results/ray_train_trial_id=30675_00000/checkpoint_2026-07-30_09-09-35.170763)
[36m(RayTrainWorker pid=785207)[0m Reporting training result 4: TrainingReport(checkpoint=Checkpoint(filesystem=local, path=/home/vincenzo/warprec/experiment/haltgrand/lastfm_emotion_gemini/lastfm_emotion_gemini/ray_results/ray_train_trial_id=30675_00000/checkpoint_2026-07-30_09-09-35.170763), metrics={'nDCG@10': 0.022053463384509087, 'Recall@10': 0.03212375566363335, 'EPC@10': 0.009447203017771244, 'Gini@10': 0.9966003894805908, 'best_nDCG@10': 0.022053463384509087, 'loss': 0.28033867478370667, 'ram_peak_mb': 4345.5078125, 'vram_peak_mb': 671.07861328125, 'epoch': 3, 'step': 664}, validation_spec=None)
[36m(RayTrainWorker pid=785207)[0m Checkpoint successfully created at: Checkpoint(filesystem=local, path=/home/vincenzo/warprec/experiment/haltgrand/lastfm_emotion_gemini/lastfm_emotion_gemini/ray_results/ray_train_trial_id=30675_00000/checkpoint_2026-07-30_09-09-46.230782)
[36m(RayTrainWorker pid=785207)[0m Reporting training result 5: TrainingReport(checkpoint=Checkpoint(filesystem=local, path=/home/vincenzo/warprec/experiment/haltgrand/lastfm_emotion_gemini/lastfm_emotion_gemini/ray_results/ray_train_trial_id=30675_00000/checkpoint_2026-07-30_09-09-46.230782), metrics={'nDCG@10': 0.024216366931796074, 'Recall@10': 0.0353354886174202, 'EPC@10': 0.010336082428693771, 'Gini@10': 0.9960343241691589, 'best_nDCG@10': 0.024216366931796074, 'loss': 0.25136566162109375, 'ram_peak_mb': 4347.08984375, 'vram_peak_mb': 671.07861328125, 'epoch': 4, 'step': 830}, validation_spec=None)
[36m(RayTrainWorker pid=785207)[0m Checkpoint successfully created at: Checkpoint(filesystem=local, path=/home/vincenzo/warprec/experiment/haltgrand/lastfm_emotion_gemini/lastfm_emotion_gemini/ray_results/ray_train_trial_id=30675_00000/checkpoint_2026-07-30_09-09-57.325900)
[36m(RayTrainWorker pid=785207)[0m Reporting training result 6: TrainingReport(checkpoint=Checkpoint(filesystem=local, path=/home/vincenzo/warprec/experiment/haltgrand/lastfm_emotion_gemini/lastfm_emotion_gemini/ray_results/ray_train_trial_id=30675_00000/checkpoint_2026-07-30_09-09-57.325900), metrics={'nDCG@10': 0.026197433471679688, 'Recall@10': 0.0380149744451046, 'EPC@10': 0.011152229271829128, 'Gini@10': 0.9954572319984436, 'best_nDCG@10': 0.026197433471679688, 'loss': 0.22900015115737915, 'ram_peak_mb': 4348.4375, 'vram_peak_mb': 671.07861328125, 'epoch': 5, 'step': 996}, validation_spec=None)
[36m(RayTrainWorker pid=785207)[0m Checkpoint successfully created at: Checkpoint(filesystem=local, path=/home/vincenzo/warprec/experiment/haltgrand/lastfm_emotion_gemini/lastfm_emotion_gemini/ray_results/ray_train_trial_id=30675_00000/checkpoint_2026-07-30_09-10-07.991076)
[36m(RayTrainWorker pid=785207)[0m Reporting training result 7: TrainingReport(checkpoint=Checkpoint(filesystem=local, path=/home/vincenzo/warprec/experiment/haltgrand/lastfm_emotion_gemini/lastfm_emotion_gemini/ray_results/ray_train_trial_id=30675_00000/checkpoint_2026-07-30_09-10-07.991076), metrics={'nDCG@10': 0.02802831493318081, 'Recall@10': 0.04053540527820587, 'EPC@10': 0.011940918862819672, 'Gini@10': 0.9949122071266174, 'best_nDCG@10': 0.02802831493318081, 'loss': 0.21138767898082733, 'ram_peak_mb': 4348.71875, 'vram_peak_mb': 671.07861328125, 'epoch': 6, 'step': 1162}, validation_spec=None)
[36m(RayTrainWorker pid=785207)[0m Checkpoint successfully created at: Checkpoint(filesystem=local, path=/home/vincenzo/warprec/experiment/haltgrand/lastfm_emotion_gemini/lastfm_emotion_gemini/ray_results/ray_train_trial_id=30675_00000/checkpoint_2026-07-30_09-10-19.256909)
[36m(RayTrainWorker pid=785207)[0m Reporting training result 8: TrainingReport(checkpoint=Checkpoint(filesystem=local, path=/home/vincenzo/warprec/experiment/haltgrand/lastfm_emotion_gemini/lastfm_emotion_gemini/ray_results/ray_train_trial_id=30675_00000/checkpoint_2026-07-30_09-10-19.256909), metrics={'nDCG@10': 0.02966384030878544, 'Recall@10': 0.04291551187634468, 'EPC@10': 0.012618307024240494, 'Gini@10': 0.9943922758102417, 'best_nDCG@10': 0.02966384030878544, 'loss': 0.19641578197479248, 'ram_peak_mb': 4350.4453125, 'vram_peak_mb': 671.07861328125, 'epoch': 7, 'step': 1328}, validation_spec=None)
[36m(RayTrainWorker pid=785207)[0m Checkpoint successfully created at: Checkpoint(filesystem=local, path=/home/vincenzo/warprec/experiment/haltgrand/lastfm_emotion_gemini/lastfm_emotion_gemini/ray_results/ray_train_trial_id=30675_00000/checkpoint_2026-07-30_09-10-30.046942)
[36m(RayTrainWorker pid=785207)[0m Reporting training result 9: TrainingReport(checkpoint=Checkpoint(filesystem=local, path=/home/vincenzo/warprec/experiment/haltgrand/lastfm_emotion_gemini/lastfm_emotion_gemini/ray_results/ray_train_trial_id=30675_00000/checkpoint_2026-07-30_09-10-30.046942), metrics={'nDCG@10': 0.031336843967437744, 'Recall@10': 0.045088108628988266, 'EPC@10': 0.013332570903003216, 'Gini@10': 0.9938533306121826, 'best_nDCG@10': 0.031336843967437744, 'loss': 0.18479163944721222, 'ram_peak_mb': 4351.78515625, 'vram_peak_mb': 671.07861328125, 'epoch': 8, 'step': 1494}, validation_spec=None)
[36m(RayTrainWorker pid=785207)[0m Checkpoint successfully created at: Checkpoint(filesystem=local, path=/home/vincenzo/warprec/experiment/haltgrand/lastfm_emotion_gemini/lastfm_emotion_gemini/ray_results/ray_train_trial_id=30675_00000/checkpoint_2026-07-30_09-10-40.602282)
[36m(RayTrainWorker pid=785207)[0m Reporting training result 10: TrainingReport(checkpoint=Checkpoint(filesystem=local, path=/home/vincenzo/warprec/experiment/haltgrand/lastfm_emotion_gemini/lastfm_emotion_gemini/ray_results/ray_train_trial_id=30675_00000/checkpoint_2026-07-30_09-10-40.602282), metrics={'nDCG@10': 0.03275223821401596, 'Recall@10': 0.046936359256505966, 'EPC@10': 0.0139415068551898, 'Gini@10': 0.9933249354362488, 'best_nDCG@10': 0.03275223821401596, 'loss': 0.17260108888149261, 'ram_peak_mb': 4353.01171875, 'vram_peak_mb': 671.07861328125, 'epoch': 9, 'step': 1660}, validation_spec=None)
[36m(RayTrainWorker pid=785207)[0m Checkpoint successfully created at: Checkpoint(filesystem=local, path=/home/vincenzo/warprec/experiment/haltgrand/lastfm_emotion_gemini/lastfm_emotion_gemini/ray_results/ray_train_trial_id=30675_00000/checkpoint_2026-07-30_09-10-51.307619)
[36m(RayTrainWorker pid=785207)[0m Reporting training result 11: TrainingReport(checkpoint=Checkpoint(filesystem=local, path=/home/vincenzo/warprec/experiment/haltgrand/lastfm_emotion_gemini/lastfm_emotion_gemini/ray_results/ray_train_trial_id=30675_00000/checkpoint_2026-07-30_09-10-51.307619), metrics={'nDCG@10': 0.034594226628541946, 'Recall@10': 0.04931306466460228, 'EPC@10': 0.014736310578882694, 'Gini@10': 0.9927764534950256, 'best_nDCG@10': 0.034594226628541946, 'loss': 0.16397938132286072, 'ram_peak_mb': 4354.26171875, 'vram_peak_mb': 671.07861328125, 'epoch': 10, 'step': 1826}, validation_spec=None)
[36m(RayTrainWorker pid=785207)[0m Checkpoint successfully created at: Checkpoint(filesystem=local, path=/home/vincenzo/warprec/experiment/haltgrand/lastfm_emotion_gemini/lastfm_emotion_gemini/ray_results/ray_train_trial_id=30675_00000/checkpoint_2026-07-30_09-11-02.992826)
[36m(RayTrainWorker pid=785207)[0m Reporting training result 12: TrainingReport(checkpoint=Checkpoint(filesystem=local, path=/home/vincenzo/warprec/experiment/haltgrand/lastfm_emotion_gemini/lastfm_emotion_gemini/ray_results/ray_train_trial_id=30675_00000/checkpoint_2026-07-30_09-11-02.992826), metrics={'nDCG@10': 0.03601815178990364, 'Recall@10': 0.05118514597415924, 'EPC@10': 0.015364275313913822, 'Gini@10': 0.9922671914100647, 'best_nDCG@10': 0.03601815178990364, 'loss': 0.1553962528705597, 'ram_peak_mb': 4355.41796875, 'vram_peak_mb': 671.07861328125, 'epoch': 11, 'step': 1992}, validation_spec=None)

Trial status: 1 RUNNING
Current time: 2026-07-30 09:09:41. Total running time: 1min 30s
Logical resource usage: 0.05/12 CPUs, 0/2 GPUs (0.0/1.0 accelerator_type:G)
Current best trial: 30675_00000 with nDCG@10=0.022053463384509087 and params={'embedding_size': 64, 'n_layers': 3, 'reg_weight': 0.0001, 'batch_size': 4096, 'epochs': 300, 'learning_rate': 0.001}
╭───────────────────────────────────────────────────────────────────────────────────────────────────────────────────────────────────────────────────────────────────────────────────────────────────────────────╮
│ Trial name                  status       embedding_size     n_layers     reg_weight     batch_size     epochs     learning_rate     iter     total time (s)     nDCG@10     Recall@10      EPC@10     Gini@10 │
├───────────────────────────────────────────────────────────────────────────────────────────────────────────────────────────────────────────────────────────────────────────────────────────────────────────────┤
│ LightGCN_QuaintOchreGoose   RUNNING                  64            3         0.0001           4096        300             0.001        4             72.009   0.0220535     0.0321238   0.0094472      0.9966 │
╰───────────────────────────────────────────────────────────────────────────────────────────────────────────────────────────────────────────────────────────────────────────────────────────────────────────────╯
Trial status: 1 RUNNING
Current time: 2026-07-30 09:10:11. Total running time: 2min 0s
Logical resource usage: 0.05/12 CPUs, 0/2 GPUs (0.0/1.0 accelerator_type:G)
Current best trial: 30675_00000 with nDCG@10=0.02802831493318081 and params={'embedding_size': 64, 'n_layers': 3, 'reg_weight': 0.0001, 'batch_size': 4096, 'epochs': 300, 'learning_rate': 0.001}
╭───────────────────────────────────────────────────────────────────────────────────────────────────────────────────────────────────────────────────────────────────────────────────────────────────────────────╮
│ Trial name                  status       embedding_size     n_layers     reg_weight     batch_size     epochs     learning_rate     iter     total time (s)     nDCG@10     Recall@10      EPC@10     Gini@10 │
├───────────────────────────────────────────────────────────────────────────────────────────────────────────────────────────────────────────────────────────────────────────────────────────────────────────────┤
│ LightGCN_QuaintOchreGoose   RUNNING                  64            3         0.0001           4096        300             0.001        7             106.09   0.0280283     0.0405354   0.0119409    0.994912 │
╰───────────────────────────────────────────────────────────────────────────────────────────────────────────────────────────────────────────────────────────────────────────────────────────────────────────────╯
Trial status: 1 RUNNING
Current time: 2026-07-30 09:10:41. Total running time: 2min 30s
Logical resource usage: 0.05/12 CPUs, 0/2 GPUs (0.0/1.0 accelerator_type:G)
Current best trial: 30675_00000 with nDCG@10=0.031336843967437744 and params={'embedding_size': 64, 'n_layers': 3, 'reg_weight': 0.0001, 'batch_size': 4096, 'epochs': 300, 'learning_rate': 0.001}
╭───────────────────────────────────────────────────────────────────────────────────────────────────────────────────────────────────────────────────────────────────────────────────────────────────────────────╮
│ Trial name                  status       embedding_size     n_layers     reg_weight     batch_size     epochs     learning_rate     iter     total time (s)     nDCG@10     Recall@10      EPC@10     Gini@10 │
├───────────────────────────────────────────────────────────────────────────────────────────────────────────────────────────────────────────────────────────────────────────────────────────────────────────────┤
│ LightGCN_QuaintOchreGoose   RUNNING                  64            3         0.0001           4096        300             0.001        9            126.248   0.0313368     0.0450881   0.0133326    0.993853 │
╰───────────────────────────────────────────────────────────────────────────────────────────────────────────────────────────────────────────────────────────────────────────────────────────────────────────────╯
Trial status: 1 RUNNING
Current time: 2026-07-30 09:11:12. Total running time: 3min 0s
Logical resource usage: 0.05/12 CPUs, 0/2 GPUs (0.0/1.0 accelerator_type:G)
Current best trial: 30675_00000 with nDCG@10=0.03601815178990364 and params={'embedding_size': 64, 'n_layers': 3, 'reg_weight': 0.0001, 'batch_size': 4096, 'epochs': 300, 'learning_rate': 0.001}[36m(RayTrainWorker pid=785207)[0m Checkpoint successfully created at: Checkpoint(filesystem=local, path=/home/vincenzo/warprec/experiment/haltgrand/lastfm_emotion_gemini/lastfm_emotion_gemini/ray_results/ray_train_trial_id=30675_00000/checkpoint_2026-07-30_09-11-13.778441)
[36m(RayTrainWorker pid=785207)[0m Reporting training result 13: TrainingReport(checkpoint=Checkpoint(filesystem=local, path=/home/vincenzo/warprec/experiment/haltgrand/lastfm_emotion_gemini/lastfm_emotion_gemini/ray_results/ray_train_trial_id=30675_00000/checkpoint_2026-07-30_09-11-13.778441), metrics={'nDCG@10': 0.037168871611356735, 'Recall@10': 0.052721019834280014, 'EPC@10': 0.015873601660132408, 'Gini@10': 0.9917678833007812, 'best_nDCG@10': 0.037168871611356735, 'loss': 0.14792072772979736, 'ram_peak_mb': 4356.609375, 'vram_peak_mb': 671.07861328125, 'epoch': 12, 'step': 2158}, validation_spec=None)
[36m(RayTrainWorker pid=785207)[0m Checkpoint successfully created at: Checkpoint(filesystem=local, path=/home/vincenzo/warprec/experiment/haltgrand/lastfm_emotion_gemini/lastfm_emotion_gemini/ray_results/ray_train_trial_id=30675_00000/checkpoint_2026-07-30_09-11-24.363697)
[36m(RayTrainWorker pid=785207)[0m Reporting training result 14: TrainingReport(checkpoint=Checkpoint(filesystem=local, path=/home/vincenzo/warprec/experiment/haltgrand/lastfm_emotion_gemini/lastfm_emotion_gemini/ray_results/ray_train_trial_id=30675_00000/checkpoint_2026-07-30_09-11-24.363697), metrics={'nDCG@10': 0.03863651305437088, 'Recall@10': 0.054815638810396194, 'EPC@10': 0.01648327149450779, 'Gini@10': 0.9911938309669495, 'best_nDCG@10': 0.03863651305437088, 'loss': 0.14175671339035034, 'ram_peak_mb': 4357.8046875, 'vram_peak_mb': 671.07861328125, 'epoch': 13, 'step': 2324}, validation_spec=None)
[36m(RayTrainWorker pid=785207)[0m Checkpoint successfully created at: Checkpoint(filesystem=local, path=/home/vincenzo/warprec/experiment/haltgrand/lastfm_emotion_gemini/lastfm_emotion_gemini/ray_results/ray_train_trial_id=30675_00000/checkpoint_2026-07-30_09-11-35.337932)
[36m(RayTrainWorker pid=785207)[0m Reporting training result 15: TrainingReport(checkpoint=Checkpoint(filesystem=local, path=/home/vincenzo/warprec/experiment/haltgrand/lastfm_emotion_gemini/lastfm_emotion_gemini/ray_results/ray_train_trial_id=30675_00000/checkpoint_2026-07-30_09-11-35.337932), metrics={'nDCG@10': 0.039964769035577774, 'Recall@10': 0.056772492825984955, 'EPC@10': 0.01703476905822754, 'Gini@10': 0.9906061291694641, 'best_nDCG@10': 0.039964769035577774, 'loss': 0.13519537448883057, 'ram_peak_mb': 4356.953125, 'vram_peak_mb': 671.07861328125, 'epoch': 14, 'step': 2490}, validation_spec=None)
[36m(RayTrainWorker pid=785207)[0m Checkpoint successfully created at: Checkpoint(filesystem=local, path=/home/vincenzo/warprec/experiment/haltgrand/lastfm_emotion_gemini/lastfm_emotion_gemini/ray_results/ray_train_trial_id=30675_00000/checkpoint_2026-07-30_09-11-46.596815)
[36m(RayTrainWorker pid=785207)[0m Reporting training result 16: TrainingReport(checkpoint=Checkpoint(filesystem=local, path=/home/vincenzo/warprec/experiment/haltgrand/lastfm_emotion_gemini/lastfm_emotion_gemini/ray_results/ray_train_trial_id=30675_00000/checkpoint_2026-07-30_09-11-46.596815), metrics={'nDCG@10': 0.04119308292865753, 'Recall@10': 0.058385368436574936, 'EPC@10': 0.01754959672689438, 'Gini@10': 0.9900493025779724, 'best_nDCG@10': 0.04119308292865753, 'loss': 0.12939460575580597, 'ram_peak_mb': 4357.0390625, 'vram_peak_mb': 671.07861328125, 'epoch': 15, 'step': 2656}, validation_spec=None)
[36m(RayTrainWorker pid=785207)[0m Checkpoint successfully created at: Checkpoint(filesystem=local, path=/home/vincenzo/warprec/experiment/haltgrand/lastfm_emotion_gemini/lastfm_emotion_gemini/ray_results/ray_train_trial_id=30675_00000/checkpoint_2026-07-30_09-11-57.820393)
[36m(RayTrainWorker pid=785207)[0m Reporting training result 17: TrainingReport(checkpoint=Checkpoint(filesystem=local, path=/home/vincenzo/warprec/experiment/haltgrand/lastfm_emotion_gemini/lastfm_emotion_gemini/ray_results/ray_train_trial_id=30675_00000/checkpoint_2026-07-30_09-11-57.820393), metrics={'nDCG@10': 0.042364269495010376, 'Recall@10': 0.06015904247760773, 'EPC@10': 0.018041549250483513, 'Gini@10': 0.9894284009933472, 'best_nDCG@10': 0.042364269495010376, 'loss': 0.12422076612710953, 'ram_peak_mb': 4357.15234375, 'vram_peak_mb': 671.07861328125, 'epoch': 16, 'step': 2822}, validation_spec=None)
[36m(RayTrainWorker pid=785207)[0m Checkpoint successfully created at: Checkpoint(filesystem=local, path=/home/vincenzo/warprec/experiment/haltgrand/lastfm_emotion_gemini/lastfm_emotion_gemini/ray_results/ray_train_trial_id=30675_00000/checkpoint_2026-07-30_09-12-09.060091)
[36m(RayTrainWorker pid=785207)[0m Reporting training result 18: TrainingReport(checkpoint=Checkpoint(filesystem=local, path=/home/vincenzo/warprec/experiment/haltgrand/lastfm_emotion_gemini/lastfm_emotion_gemini/ray_results/ray_train_trial_id=30675_00000/checkpoint_2026-07-30_09-12-09.060091), metrics={'nDCG@10': 0.04378482326865196, 'Recall@10': 0.06243140622973442, 'EPC@10': 0.018658757209777832, 'Gini@10': 0.9888370633125305, 'best_nDCG@10': 0.04378482326865196, 'loss': 0.1203431487083435, 'ram_peak_mb': 4357.2578125, 'vram_peak_mb': 671.07861328125, 'epoch': 17, 'step': 2988}, validation_spec=None)
[36m(RayTrainWorker pid=785207)[0m Checkpoint successfully created at: Checkpoint(filesystem=local, path=/home/vincenzo/warprec/experiment/haltgrand/lastfm_emotion_gemini/lastfm_emotion_gemini/ray_results/ray_train_trial_id=30675_00000/checkpoint_2026-07-30_09-12-19.961949)
[36m(RayTrainWorker pid=785207)[0m Reporting training result 19: TrainingReport(checkpoint=Checkpoint(filesystem=local, path=/home/vincenzo/warprec/experiment/haltgrand/lastfm_emotion_gemini/lastfm_emotion_gemini/ray_results/ray_train_trial_id=30675_00000/checkpoint_2026-07-30_09-12-19.961949), metrics={'nDCG@10': 0.04488158971071243, 'Recall@10': 0.0637388750910759, 'EPC@10': 0.01913638412952423, 'Gini@10': 0.9882194995880127, 'best_nDCG@10': 0.04488158971071243, 'loss': 0.11531125754117966, 'ram_peak_mb': 4357.29296875, 'vram_peak_mb': 671.07861328125, 'epoch': 18, 'step': 3154}, validation_spec=None)
[36m(RayTrainWorker pid=785207)[0m Checkpoint successfully created at: Checkpoint(filesystem=local, path=/home/vincenzo/warprec/experiment/haltgrand/lastfm_emotion_gemini/lastfm_emotion_gemini/ray_results/ray_train_trial_id=30675_00000/checkpoint_2026-07-30_09-12-31.375348)
[36m(RayTrainWorker pid=785207)[0m Reporting training result 20: TrainingReport(checkpoint=Checkpoint(filesystem=local, path=/home/vincenzo/warprec/experiment/haltgrand/lastfm_emotion_gemini/lastfm_emotion_gemini/ray_results/ray_train_trial_id=30675_00000/checkpoint_2026-07-30_09-12-31.375348), metrics={'nDCG@10': 0.04608603194355965, 'Recall@10': 0.06548241525888443, 'EPC@10': 0.01963675580918789, 'Gini@10': 0.9875848889350891, 'best_nDCG@10': 0.04608603194355965, 'loss': 0.11126658320426941, 'ram_peak_mb': 4357.3359375, 'vram_peak_mb': 671.07861328125, 'epoch': 19, 'step': 3320}, validation_spec=None)

╭───────────────────────────────────────────────────────────────────────────────────────────────────────────────────────────────────────────────────────────────────────────────────────────────────────────────╮
│ Trial name                  status       embedding_size     n_layers     reg_weight     batch_size     epochs     learning_rate     iter     total time (s)     nDCG@10     Recall@10      EPC@10     Gini@10 │
├───────────────────────────────────────────────────────────────────────────────────────────────────────────────────────────────────────────────────────────────────────────────────────────────────────────────┤
│ LightGCN_QuaintOchreGoose   RUNNING                  64            3         0.0001           4096        300             0.001       12            160.547   0.0360182     0.0511851   0.0153643    0.992267 │
╰───────────────────────────────────────────────────────────────────────────────────────────────────────────────────────────────────────────────────────────────────────────────────────────────────────────────╯
Trial status: 1 RUNNING
Current time: 2026-07-30 09:11:42. Total running time: 3min 30s
Logical resource usage: 0.05/12 CPUs, 0/2 GPUs (0.0/1.0 accelerator_type:G)
Current best trial: 30675_00000 with nDCG@10=0.039964769035577774 and params={'embedding_size': 64, 'n_layers': 3, 'reg_weight': 0.0001, 'batch_size': 4096, 'epochs': 300, 'learning_rate': 0.001}
╭───────────────────────────────────────────────────────────────────────────────────────────────────────────────────────────────────────────────────────────────────────────────────────────────────────────────╮
│ Trial name                  status       embedding_size     n_layers     reg_weight     batch_size     epochs     learning_rate     iter     total time (s)     nDCG@10     Recall@10      EPC@10     Gini@10 │
├───────────────────────────────────────────────────────────────────────────────────────────────────────────────────────────────────────────────────────────────────────────────────────────────────────────────┤
│ LightGCN_QuaintOchreGoose   RUNNING                  64            3         0.0001           4096        300             0.001       15            192.827   0.0399648     0.0567725   0.0170348    0.990606 │
╰───────────────────────────────────────────────────────────────────────────────────────────────────────────────────────────────────────────────────────────────────────────────────────────────────────────────╯
Trial status: 1 RUNNING
Current time: 2026-07-30 09:12:12. Total running time: 4min 0s
Logical resource usage: 0.05/12 CPUs, 0/2 GPUs (0.0/1.0 accelerator_type:G)
Current best trial: 30675_00000 with nDCG@10=0.04378482326865196 and params={'embedding_size': 64, 'n_layers': 3, 'reg_weight': 0.0001, 'batch_size': 4096, 'epochs': 300, 'learning_rate': 0.001}
╭───────────────────────────────────────────────────────────────────────────────────────────────────────────────────────────────────────────────────────────────────────────────────────────────────────────────╮
│ Trial name                  status       embedding_size     n_layers     reg_weight     batch_size     epochs     learning_rate     iter     total time (s)     nDCG@10     Recall@10      EPC@10     Gini@10 │
├───────────────────────────────────────────────────────────────────────────────────────────────────────────────────────────────────────────────────────────────────────────────────────────────────────────────┤
│ LightGCN_QuaintOchreGoose   RUNNING                  64            3         0.0001           4096        300             0.001       18            227.144   0.0437848     0.0624314   0.0186588    0.988837 │
╰───────────────────────────────────────────────────────────────────────────────────────────────────────────────────────────────────────────────────────────────────────────────────────────────────────────────╯
Trial status: 1 RUNNING
Current time: 2026-07-30 09:12:42. Total running time: 4min 30s
Logical resource usage: 0.05/12 CPUs, 0/2 GPUs (0.0/1.0 accelerator_type:G)
Current best trial: 30675_00000 with nDCG@10=0.04608603194355965 and params={'embedding_size': 64, 'n_layers': 3, 'reg_weight': 0.0001, 'batch_size': 4096, 'epochs': 300, 'learning_rate': 0.001}
╭───────────────────────────────────────────────────────────────────────────────────────────────────────────────────────────────────────────────────────────────────────────────────────────────────────────────╮
│ Trial name                  status       embedding_size     n_layers     reg_weight     batch_size     epochs     learning_rate     iter     total time (s)     nDCG@10     Recall@10      EPC@10     Gini@10 │
├───────────────────────────────────────────────────────────────────────────────────────────────────────────────────────────────────────────────────────────────────────────────────────────────────────────────┤
│ LightGCN_QuaintOchreGoose   RUNNING                  64            3         0.0001           4096        300             0.001       20            249.351    0.046086     0.0654824   0.0196368    0.987585 │
╰───────────────────────────────────────────────────────────────────────────────────────────────────────────────────────────────────────────────────────────────────────────────────────────────────────────────╯[36m(RayTrainWorker pid=785207)[0m Checkpoint successfully created at: Checkpoint(filesystem=local, path=/home/vincenzo/warprec/experiment/haltgrand/lastfm_emotion_gemini/lastfm_emotion_gemini/ray_results/ray_train_trial_id=30675_00000/checkpoint_2026-07-30_09-12-42.507745)
[36m(RayTrainWorker pid=785207)[0m Reporting training result 21: TrainingReport(checkpoint=Checkpoint(filesystem=local, path=/home/vincenzo/warprec/experiment/haltgrand/lastfm_emotion_gemini/lastfm_emotion_gemini/ray_results/ray_train_trial_id=30675_00000/checkpoint_2026-07-30_09-12-42.507745), metrics={'nDCG@10': 0.04707905277609825, 'Recall@10': 0.0669669583439827, 'EPC@10': 0.020063428208231926, 'Gini@10': 0.9869781732559204, 'best_nDCG@10': 0.04707905277609825, 'loss': 0.10759343206882477, 'ram_peak_mb': 4357.45703125, 'vram_peak_mb': 671.07861328125, 'epoch': 20, 'step': 3486}, validation_spec=None)
[36m(RayTrainWorker pid=785207)[0m Checkpoint successfully created at: Checkpoint(filesystem=local, path=/home/vincenzo/warprec/experiment/haltgrand/lastfm_emotion_gemini/lastfm_emotion_gemini/ray_results/ray_train_trial_id=30675_00000/checkpoint_2026-07-30_09-12-53.329613)
[36m(RayTrainWorker pid=785207)[0m Reporting training result 22: TrainingReport(checkpoint=Checkpoint(filesystem=local, path=/home/vincenzo/warprec/experiment/haltgrand/lastfm_emotion_gemini/lastfm_emotion_gemini/ray_results/ray_train_trial_id=30675_00000/checkpoint_2026-07-30_09-12-53.329613), metrics={'nDCG@10': 0.04807080700993538, 'Recall@10': 0.06822989881038666, 'EPC@10': 0.02045086771249771, 'Gini@10': 0.9863581657409668, 'best_nDCG@10': 0.04807080700993538, 'loss': 0.10392487794160843, 'ram_peak_mb': 4357.52734375, 'vram_peak_mb': 671.07861328125, 'epoch': 21, 'step': 3652}, validation_spec=None)
[36m(RayTrainWorker pid=785207)[0m Checkpoint successfully created at: Checkpoint(filesystem=local, path=/home/vincenzo/warprec/experiment/haltgrand/lastfm_emotion_gemini/lastfm_emotion_gemini/ray_results/ray_train_trial_id=30675_00000/checkpoint_2026-07-30_09-13-03.962404)
[36m(RayTrainWorker pid=785207)[0m Reporting training result 23: TrainingReport(checkpoint=Checkpoint(filesystem=local, path=/home/vincenzo/warprec/experiment/haltgrand/lastfm_emotion_gemini/lastfm_emotion_gemini/ray_results/ray_train_trial_id=30675_00000/checkpoint_2026-07-30_09-13-03.962404), metrics={'nDCG@10': 0.04935191199183464, 'Recall@10': 0.06995473802089691, 'EPC@10': 0.020987726747989655, 'Gini@10': 0.9856736063957214, 'best_nDCG@10': 0.04935191199183464, 'loss': 0.10038603842258453, 'ram_peak_mb': 4357.6015625, 'vram_peak_mb': 671.07861328125, 'epoch': 22, 'step': 3818}, validation_spec=None)
[36m(RayTrainWorker pid=785207)[0m Checkpoint successfully created at: Checkpoint(filesystem=local, path=/home/vincenzo/warprec/experiment/haltgrand/lastfm_emotion_gemini/lastfm_emotion_gemini/ray_results/ray_train_trial_id=30675_00000/checkpoint_2026-07-30_09-13-15.956572)
[36m(RayTrainWorker pid=785207)[0m Reporting training result 24: TrainingReport(checkpoint=Checkpoint(filesystem=local, path=/home/vincenzo/warprec/experiment/haltgrand/lastfm_emotion_gemini/lastfm_emotion_gemini/ray_results/ray_train_trial_id=30675_00000/checkpoint_2026-07-30_09-13-15.956572), metrics={'nDCG@10': 0.05033250153064728, 'Recall@10': 0.07127969712018967, 'EPC@10': 0.02140520140528679, 'Gini@10': 0.9850419163703918, 'best_nDCG@10': 0.05033250153064728, 'loss': 0.09753391891717911, 'ram_peak_mb': 4357.6953125, 'vram_peak_mb': 671.07861328125, 'epoch': 23, 'step': 3984}, validation_spec=None)
[36m(RayTrainWorker pid=785207)[0m Checkpoint successfully created at: Checkpoint(filesystem=local, path=/home/vincenzo/warprec/experiment/haltgrand/lastfm_emotion_gemini/lastfm_emotion_gemini/ray_results/ray_train_trial_id=30675_00000/checkpoint_2026-07-30_09-13-26.650648)
[36m(RayTrainWorker pid=785207)[0m Reporting training result 25: TrainingReport(checkpoint=Checkpoint(filesystem=local, path=/home/vincenzo/warprec/experiment/haltgrand/lastfm_emotion_gemini/lastfm_emotion_gemini/ray_results/ray_train_trial_id=30675_00000/checkpoint_2026-07-30_09-13-26.650648), metrics={'nDCG@10': 0.05131256952881813, 'Recall@10': 0.07255784422159195, 'EPC@10': 0.02184397168457508, 'Gini@10': 0.9844018220901489, 'best_nDCG@10': 0.05131256952881813, 'loss': 0.09399721026420593, 'ram_peak_mb': 4357.7578125, 'vram_peak_mb': 671.07861328125, 'epoch': 24, 'step': 4150}, validation_spec=None)
[36m(RayTrainWorker pid=785207)[0m Checkpoint successfully created at: Checkpoint(filesystem=local, path=/home/vincenzo/warprec/experiment/haltgrand/lastfm_emotion_gemini/lastfm_emotion_gemini/ray_results/ray_train_trial_id=30675_00000/checkpoint_2026-07-30_09-13-37.146960)
[36m(RayTrainWorker pid=785207)[0m Reporting training result 26: TrainingReport(checkpoint=Checkpoint(filesystem=local, path=/home/vincenzo/warprec/experiment/haltgrand/lastfm_emotion_gemini/lastfm_emotion_gemini/ray_results/ray_train_trial_id=30675_00000/checkpoint_2026-07-30_09-13-37.146960), metrics={'nDCG@10': 0.05238063260912895, 'Recall@10': 0.07416212558746338, 'EPC@10': 0.022297147661447525, 'Gini@10': 0.9837815761566162, 'best_nDCG@10': 0.05238063260912895, 'loss': 0.0915718525648117, 'ram_peak_mb': 4357.81640625, 'vram_peak_mb': 671.07861328125, 'epoch': 25, 'step': 4316}, validation_spec=None)
[36m(RayTrainWorker pid=785207)[0m Checkpoint successfully created at: Checkpoint(filesystem=local, path=/home/vincenzo/warprec/experiment/haltgrand/lastfm_emotion_gemini/lastfm_emotion_gemini/ray_results/ray_train_trial_id=30675_00000/checkpoint_2026-07-30_09-13-48.117889)
[36m(RayTrainWorker pid=785207)[0m Reporting training result 27: TrainingReport(checkpoint=Checkpoint(filesystem=local, path=/home/vincenzo/warprec/experiment/haltgrand/lastfm_emotion_gemini/lastfm_emotion_gemini/ray_results/ray_train_trial_id=30675_00000/checkpoint_2026-07-30_09-13-48.117889), metrics={'nDCG@10': 0.05332736298441887, 'Recall@10': 0.0757262259721756, 'EPC@10': 0.022685576230287552, 'Gini@10': 0.9831207394599915, 'best_nDCG@10': 0.05332736298441887, 'loss': 0.08866381645202637, 'ram_peak_mb': 4357.91796875, 'vram_peak_mb': 671.07861328125, 'epoch': 26, 'step': 4482}, validation_spec=None)
[36m(RayTrainWorker pid=785207)[0m Checkpoint successfully created at: Checkpoint(filesystem=local, path=/home/vincenzo/warprec/experiment/haltgrand/lastfm_emotion_gemini/lastfm_emotion_gemini/ray_results/ray_train_trial_id=30675_00000/checkpoint_2026-07-30_09-13-59.609302)
[36m(RayTrainWorker pid=785207)[0m Reporting training result 28: TrainingReport(checkpoint=Checkpoint(filesystem=local, path=/home/vincenzo/warprec/experiment/haltgrand/lastfm_emotion_gemini/lastfm_emotion_gemini/ray_results/ray_train_trial_id=30675_00000/checkpoint_2026-07-30_09-13-59.609302), metrics={'nDCG@10': 0.05432020127773285, 'Recall@10': 0.0770801305770874, 'EPC@10': 0.02311290241777897, 'Gini@10': 0.9823665618896484, 'best_nDCG@10': 0.05432020127773285, 'loss': 0.08647121489048004, 'ram_peak_mb': 4358.95703125, 'vram_peak_mb': 671.07861328125, 'epoch': 27, 'step': 4648}, validation_spec=None)
[36m(RayTrainWorker pid=785207)[0m Checkpoint successfully created at: Checkpoint(filesystem=local, path=/home/vincenzo/warprec/experiment/haltgrand/lastfm_emotion_gemini/lastfm_emotion_gemini/ray_results/ray_train_trial_id=30675_00000/checkpoint_2026-07-30_09-14-10.191725)
[36m(RayTrainWorker pid=785207)[0m Reporting training result 29: TrainingReport(checkpoint=Checkpoint(filesystem=local, path=/home/vincenzo/warprec/experiment/haltgrand/lastfm_emotion_gemini/lastfm_emotion_gemini/ray_results/ray_train_trial_id=30675_00000/checkpoint_2026-07-30_09-14-10.191725), metrics={'nDCG@10': 0.055339306592941284, 'Recall@10': 0.07867559790611267, 'EPC@10': 0.023503635078668594, 'Gini@10': 0.9815859198570251, 'best_nDCG@10': 0.055339306592941284, 'loss': 0.08384944498538971, 'ram_peak_mb': 4360.01171875, 'vram_peak_mb': 671.07861328125, 'epoch': 28, 'step': 4814}, validation_spec=None)
[36m(RayTrainWorker pid=785207)[0m Checkpoint successfully created at: Checkpoint(filesystem=local, path=/home/vincenzo/warprec/experiment/haltgrand/lastfm_emotion_gemini/lastfm_emotion_gemini/ray_results/ray_train_trial_id=30675_00000/checkpoint_2026-07-30_09-14-21.298677)
[36m(RayTrainWorker pid=785207)[0m Reporting training result 30: TrainingReport(checkpoint=Checkpoint(filesystem=local, path=/home/vincenzo/warprec/experiment/haltgrand/lastfm_emotion_gemini/lastfm_emotion_gemini/ray_results/ray_train_trial_id=30675_00000/checkpoint_2026-07-30_09-14-21.298677), metrics={'nDCG@10': 0.05638592317700386, 'Recall@10': 0.08052533119916916, 'EPC@10': 0.023959146812558174, 'Gini@10': 0.9807935357093811, 'best_nDCG@10': 0.05638592317700386, 'loss': 0.08131033927202225, 'ram_peak_mb': 4359.02734375, 'vram_peak_mb': 671.07861328125, 'epoch': 29, 'step': 4980}, validation_spec=None)
[36m(RayTrainWorker pid=785207)[0m Checkpoint successfully created at: Checkpoint(filesystem=local, path=/home/vincenzo/warprec/experiment/haltgrand/lastfm_emotion_gemini/lastfm_emotion_gemini/ray_results/ray_train_trial_id=30675_00000/checkpoint_2026-07-30_09-14-32.025490)
[36m(RayTrainWorker pid=785207)[0m Reporting training result 31: TrainingReport(checkpoint=Checkpoint(filesystem=local, path=/home/vincenzo/warprec/experiment/haltgrand/lastfm_emotion_gemini/lastfm_emotion_gemini/ray_results/ray_train_trial_id=30675_00000/checkpoint_2026-07-30_09-14-32.025490), metrics={'nDCG@10': 0.05732229724526405, 'Recall@10': 0.08192605525255203, 'EPC@10': 0.024354254826903343, 'Gini@10': 0.9800776839256287, 'best_nDCG@10': 0.05732229724526405, 'loss': 0.07909910380840302, 'ram_peak_mb': 4359.07421875, 'vram_peak_mb': 671.07861328125, 'epoch': 30, 'step': 5146}, validation_spec=None)

Trial status: 1 RUNNING
Current time: 2026-07-30 09:13:12. Total running time: 5min 0s
Logical resource usage: 0.05/12 CPUs, 0/2 GPUs (0.0/1.0 accelerator_type:G)
Current best trial: 30675_00000 with nDCG@10=0.04935191199183464 and params={'embedding_size': 64, 'n_layers': 3, 'reg_weight': 0.0001, 'batch_size': 4096, 'epochs': 300, 'learning_rate': 0.001}
╭───────────────────────────────────────────────────────────────────────────────────────────────────────────────────────────────────────────────────────────────────────────────────────────────────────────────╮
│ Trial name                  status       embedding_size     n_layers     reg_weight     batch_size     epochs     learning_rate     iter     total time (s)     nDCG@10     Recall@10      EPC@10     Gini@10 │
├───────────────────────────────────────────────────────────────────────────────────────────────────────────────────────────────────────────────────────────────────────────────────────────────────────────────┤
│ LightGCN_QuaintOchreGoose   RUNNING                  64            3         0.0001           4096        300             0.001       23            281.624   0.0493519     0.0699547   0.0209877    0.985674 │
╰───────────────────────────────────────────────────────────────────────────────────────────────────────────────────────────────────────────────────────────────────────────────────────────────────────────────╯
Trial status: 1 RUNNING
Current time: 2026-07-30 09:13:42. Total running time: 5min 30s
Logical resource usage: 0.05/12 CPUs, 0/2 GPUs (0.0/1.0 accelerator_type:G)
Current best trial: 30675_00000 with nDCG@10=0.05238063260912895 and params={'embedding_size': 64, 'n_layers': 3, 'reg_weight': 0.0001, 'batch_size': 4096, 'epochs': 300, 'learning_rate': 0.001}
╭───────────────────────────────────────────────────────────────────────────────────────────────────────────────────────────────────────────────────────────────────────────────────────────────────────────────╮
│ Trial name                  status       embedding_size     n_layers     reg_weight     batch_size     epochs     learning_rate     iter     total time (s)     nDCG@10     Recall@10      EPC@10     Gini@10 │
├───────────────────────────────────────────────────────────────────────────────────────────────────────────────────────────────────────────────────────────────────────────────────────────────────────────────┤
│ LightGCN_QuaintOchreGoose   RUNNING                  64            3         0.0001           4096        300             0.001       26            313.873   0.0523806     0.0741621   0.0222971    0.983782 │
╰───────────────────────────────────────────────────────────────────────────────────────────────────────────────────────────────────────────────────────────────────────────────────────────────────────────────╯
Trial status: 1 RUNNING
Current time: 2026-07-30 09:14:12. Total running time: 6min 0s
Logical resource usage: 0.05/12 CPUs, 0/2 GPUs (0.0/1.0 accelerator_type:G)
Current best trial: 30675_00000 with nDCG@10=0.055339306592941284 and params={'embedding_size': 64, 'n_layers': 3, 'reg_weight': 0.0001, 'batch_size': 4096, 'epochs': 300, 'learning_rate': 0.001}
╭───────────────────────────────────────────────────────────────────────────────────────────────────────────────────────────────────────────────────────────────────────────────────────────────────────────────╮
│ Trial name                  status       embedding_size     n_layers     reg_weight     batch_size     epochs     learning_rate     iter     total time (s)     nDCG@10     Recall@10      EPC@10     Gini@10 │
├───────────────────────────────────────────────────────────────────────────────────────────────────────────────────────────────────────────────────────────────────────────────────────────────────────────────┤
│ LightGCN_QuaintOchreGoose   RUNNING                  64            3         0.0001           4096        300             0.001       29             348.26   0.0553393     0.0786756   0.0235036    0.981586 │
╰───────────────────────────────────────────────────────────────────────────────────────────────────────────────────────────────────────────────────────────────────────────────────────────────────────────────╯
Trial status: 1 RUNNING
Current time: 2026-07-30 09:14:42. Total running time: 6min 30s
Logical resource usage: 0.05/12 CPUs, 0/2 GPUs (0.0/1.0 accelerator_type:G)
Current best trial: 30675_00000 with nDCG@10=0.05732229724526405 and params={'embedding_size': 64, 'n_layers': 3, 'reg_weight': 0.0001, 'batch_size': 4096, 'epochs': 300, 'learning_rate': 0.001}[36m(RayTrainWorker pid=785207)[0m Checkpoint successfully created at: Checkpoint(filesystem=local, path=/home/vincenzo/warprec/experiment/haltgrand/lastfm_emotion_gemini/lastfm_emotion_gemini/ray_results/ray_train_trial_id=30675_00000/checkpoint_2026-07-30_09-14-44.475500)
[36m(RayTrainWorker pid=785207)[0m Reporting training result 32: TrainingReport(checkpoint=Checkpoint(filesystem=local, path=/home/vincenzo/warprec/experiment/haltgrand/lastfm_emotion_gemini/lastfm_emotion_gemini/ray_results/ray_train_trial_id=30675_00000/checkpoint_2026-07-30_09-14-44.475500), metrics={'nDCG@10': 0.05816333740949631, 'Recall@10': 0.08316899091005325, 'EPC@10': 0.024716846644878387, 'Gini@10': 0.9793711304664612, 'best_nDCG@10': 0.05816333740949631, 'loss': 0.07674550265073776, 'ram_peak_mb': 5128.25, 'vram_peak_mb': 671.07861328125, 'epoch': 31, 'step': 5312}, validation_spec=None)
[36m(RayTrainWorker pid=785207)[0m Checkpoint successfully created at: Checkpoint(filesystem=local, path=/home/vincenzo/warprec/experiment/haltgrand/lastfm_emotion_gemini/lastfm_emotion_gemini/ray_results/ray_train_trial_id=30675_00000/checkpoint_2026-07-30_09-14-55.521423)
[36m(RayTrainWorker pid=785207)[0m Reporting training result 33: TrainingReport(checkpoint=Checkpoint(filesystem=local, path=/home/vincenzo/warprec/experiment/haltgrand/lastfm_emotion_gemini/lastfm_emotion_gemini/ray_results/ray_train_trial_id=30675_00000/checkpoint_2026-07-30_09-14-55.521423), metrics={'nDCG@10': 0.05903974920511246, 'Recall@10': 0.08427254855632782, 'EPC@10': 0.02506866119801998, 'Gini@10': 0.9786891937255859, 'best_nDCG@10': 0.05903974920511246, 'loss': 0.07518623024225235, 'ram_peak_mb': 5127.36328125, 'vram_peak_mb': 671.07861328125, 'epoch': 32, 'step': 5478}, validation_spec=None)
[36m(RayTrainWorker pid=785207)[0m Checkpoint successfully created at: Checkpoint(filesystem=local, path=/home/vincenzo/warprec/experiment/haltgrand/lastfm_emotion_gemini/lastfm_emotion_gemini/ray_results/ray_train_trial_id=30675_00000/checkpoint_2026-07-30_09-15-06.202670)
[36m(RayTrainWorker pid=785207)[0m Reporting training result 34: TrainingReport(checkpoint=Checkpoint(filesystem=local, path=/home/vincenzo/warprec/experiment/haltgrand/lastfm_emotion_gemini/lastfm_emotion_gemini/ray_results/ray_train_trial_id=30675_00000/checkpoint_2026-07-30_09-15-06.202670), metrics={'nDCG@10': 0.05988876149058342, 'Recall@10': 0.08529908955097198, 'EPC@10': 0.025452420115470886, 'Gini@10': 0.9779374003410339, 'best_nDCG@10': 0.05988876149058342, 'loss': 0.07324337959289551, 'ram_peak_mb': 5128.42578125, 'vram_peak_mb': 671.07861328125, 'epoch': 33, 'step': 5644}, validation_spec=None)
[36m(RayTrainWorker pid=785207)[0m Checkpoint successfully created at: Checkpoint(filesystem=local, path=/home/vincenzo/warprec/experiment/haltgrand/lastfm_emotion_gemini/lastfm_emotion_gemini/ray_results/ray_train_trial_id=30675_00000/checkpoint_2026-07-30_09-15-17.451824)
[36m(RayTrainWorker pid=785207)[0m Reporting training result 35: TrainingReport(checkpoint=Checkpoint(filesystem=local, path=/home/vincenzo/warprec/experiment/haltgrand/lastfm_emotion_gemini/lastfm_emotion_gemini/ray_results/ray_train_trial_id=30675_00000/checkpoint_2026-07-30_09-15-17.451824), metrics={'nDCG@10': 0.060924332588911057, 'Recall@10': 0.08693749457597733, 'EPC@10': 0.02588336542248726, 'Gini@10': 0.9771718978881836, 'best_nDCG@10': 0.060924332588911057, 'loss': 0.07121625542640686, 'ram_peak_mb': 5145.23828125, 'vram_peak_mb': 671.07861328125, 'epoch': 34, 'step': 5810}, validation_spec=None)
[36m(RayTrainWorker pid=785207)[0m Checkpoint successfully created at: Checkpoint(filesystem=local, path=/home/vincenzo/warprec/experiment/haltgrand/lastfm_emotion_gemini/lastfm_emotion_gemini/ray_results/ray_train_trial_id=30675_00000/checkpoint_2026-07-30_09-15-28.730644)
[36m(RayTrainWorker pid=785207)[0m Reporting training result 36: TrainingReport(checkpoint=Checkpoint(filesystem=local, path=/home/vincenzo/warprec/experiment/haltgrand/lastfm_emotion_gemini/lastfm_emotion_gemini/ray_results/ray_train_trial_id=30675_00000/checkpoint_2026-07-30_09-15-28.730644), metrics={'nDCG@10': 0.06213783472776413, 'Recall@10': 0.0885646790266037, 'EPC@10': 0.026349734514951706, 'Gini@10': 0.9763616323471069, 'best_nDCG@10': 0.06213783472776413, 'loss': 0.0694933831691742, 'ram_peak_mb': 5145.3359375, 'vram_peak_mb': 671.07861328125, 'epoch': 35, 'step': 5976}, validation_spec=None)
[36m(RayTrainWorker pid=785207)[0m Checkpoint successfully created at: Checkpoint(filesystem=local, path=/home/vincenzo/warprec/experiment/haltgrand/lastfm_emotion_gemini/lastfm_emotion_gemini/ray_results/ray_train_trial_id=30675_00000/checkpoint_2026-07-30_09-15-39.215273)
[36m(RayTrainWorker pid=785207)[0m Reporting training result 37: TrainingReport(checkpoint=Checkpoint(filesystem=local, path=/home/vincenzo/warprec/experiment/haltgrand/lastfm_emotion_gemini/lastfm_emotion_gemini/ray_results/ray_train_trial_id=30675_00000/checkpoint_2026-07-30_09-15-39.215273), metrics={'nDCG@10': 0.06303021311759949, 'Recall@10': 0.09012363106012344, 'EPC@10': 0.02671448513865471, 'Gini@10': 0.9755910634994507, 'best_nDCG@10': 0.06303021311759949, 'loss': 0.06804218888282776, 'ram_peak_mb': 5145.35546875, 'vram_peak_mb': 671.07861328125, 'epoch': 36, 'step': 6142}, validation_spec=None)
[36m(RayTrainWorker pid=785207)[0m Checkpoint successfully created at: Checkpoint(filesystem=local, path=/home/vincenzo/warprec/experiment/haltgrand/lastfm_emotion_gemini/lastfm_emotion_gemini/ray_results/ray_train_trial_id=30675_00000/checkpoint_2026-07-30_09-15-50.277015)
[36m(RayTrainWorker pid=785207)[0m Reporting training result 38: TrainingReport(checkpoint=Checkpoint(filesystem=local, path=/home/vincenzo/warprec/experiment/haltgrand/lastfm_emotion_gemini/lastfm_emotion_gemini/ray_results/ray_train_trial_id=30675_00000/checkpoint_2026-07-30_09-15-50.277015), metrics={'nDCG@10': 0.0638260617852211, 'Recall@10': 0.09111027419567108, 'EPC@10': 0.027064725756645203, 'Gini@10': 0.9748021960258484, 'best_nDCG@10': 0.0638260617852211, 'loss': 0.06644018739461899, 'ram_peak_mb': 5145.37109375, 'vram_peak_mb': 671.07861328125, 'epoch': 37, 'step': 6308}, validation_spec=None)
[36m(RayTrainWorker pid=785207)[0m Checkpoint successfully created at: Checkpoint(filesystem=local, path=/home/vincenzo/warprec/experiment/haltgrand/lastfm_emotion_gemini/lastfm_emotion_gemini/ray_results/ray_train_trial_id=30675_00000/checkpoint_2026-07-30_09-16-01.524755)
[36m(RayTrainWorker pid=785207)[0m Reporting training result 39: TrainingReport(checkpoint=Checkpoint(filesystem=local, path=/home/vincenzo/warprec/experiment/haltgrand/lastfm_emotion_gemini/lastfm_emotion_gemini/ray_results/ray_train_trial_id=30675_00000/checkpoint_2026-07-30_09-16-01.524755), metrics={'nDCG@10': 0.06475500762462616, 'Recall@10': 0.09211703389883041, 'EPC@10': 0.02744530886411667, 'Gini@10': 0.9740586280822754, 'best_nDCG@10': 0.06475500762462616, 'loss': 0.06501460075378418, 'ram_peak_mb': 5145.37109375, 'vram_peak_mb': 671.07861328125, 'epoch': 38, 'step': 6474}, validation_spec=None)

╭───────────────────────────────────────────────────────────────────────────────────────────────────────────────────────────────────────────────────────────────────────────────────────────────────────────────╮
│ Trial name                  status       embedding_size     n_layers     reg_weight     batch_size     epochs     learning_rate     iter     total time (s)     nDCG@10     Recall@10      EPC@10     Gini@10 │
├───────────────────────────────────────────────────────────────────────────────────────────────────────────────────────────────────────────────────────────────────────────────────────────────────────────────┤
│ LightGCN_QuaintOchreGoose   RUNNING                  64            3         0.0001           4096        300             0.001       31            368.582   0.0573223     0.0819261   0.0243543    0.980078 │
╰───────────────────────────────────────────────────────────────────────────────────────────────────────────────────────────────────────────────────────────────────────────────────────────────────────────────╯
Trial status: 1 RUNNING
Current time: 2026-07-30 09:15:12. Total running time: 7min 0s
Logical resource usage: 0.05/12 CPUs, 0/2 GPUs (0.0/1.0 accelerator_type:G)
Current best trial: 30675_00000 with nDCG@10=0.05988876149058342 and params={'embedding_size': 64, 'n_layers': 3, 'reg_weight': 0.0001, 'batch_size': 4096, 'epochs': 300, 'learning_rate': 0.001}
╭───────────────────────────────────────────────────────────────────────────────────────────────────────────────────────────────────────────────────────────────────────────────────────────────────────────────╮
│ Trial name                  status       embedding_size     n_layers     reg_weight     batch_size     epochs     learning_rate     iter     total time (s)     nDCG@10     Recall@10      EPC@10     Gini@10 │
├───────────────────────────────────────────────────────────────────────────────────────────────────────────────────────────────────────────────────────────────────────────────────────────────────────────────┤
│ LightGCN_QuaintOchreGoose   RUNNING                  64            3         0.0001           4096        300             0.001       34            402.889   0.0598888     0.0852991   0.0254524    0.977937 │
╰───────────────────────────────────────────────────────────────────────────────────────────────────────────────────────────────────────────────────────────────────────────────────────────────────────────────╯
Trial status: 1 RUNNING
Current time: 2026-07-30 09:15:42. Total running time: 7min 30s
Logical resource usage: 0.05/12 CPUs, 0/2 GPUs (0.0/1.0 accelerator_type:G)
Current best trial: 30675_00000 with nDCG@10=0.06303021311759949 and params={'embedding_size': 64, 'n_layers': 3, 'reg_weight': 0.0001, 'batch_size': 4096, 'epochs': 300, 'learning_rate': 0.001}
╭───────────────────────────────────────────────────────────────────────────────────────────────────────────────────────────────────────────────────────────────────────────────────────────────────────────────╮
│ Trial name                  status       embedding_size     n_layers     reg_weight     batch_size     epochs     learning_rate     iter     total time (s)     nDCG@10     Recall@10      EPC@10     Gini@10 │
├───────────────────────────────────────────────────────────────────────────────────────────────────────────────────────────────────────────────────────────────────────────────────────────────────────────────┤
│ LightGCN_QuaintOchreGoose   RUNNING                  64            3         0.0001           4096        300             0.001       37            436.986   0.0630302     0.0901236   0.0267145    0.975591 │
╰───────────────────────────────────────────────────────────────────────────────────────────────────────────────────────────────────────────────────────────────────────────────────────────────────────────────╯
Trial status: 1 RUNNING
Current time: 2026-07-30 09:16:12. Total running time: 8min 0s
Logical resource usage: 0.05/12 CPUs, 0/2 GPUs (0.0/1.0 accelerator_type:G)
Current best trial: 30675_00000 with nDCG@10=0.06475500762462616 and params={'embedding_size': 64, 'n_layers': 3, 'reg_weight': 0.0001, 'batch_size': 4096, 'epochs': 300, 'learning_rate': 0.001}
╭───────────────────────────────────────────────────────────────────────────────────────────────────────────────────────────────────────────────────────────────────────────────────────────────────────────────╮
│ Trial name                  status       embedding_size     n_layers     reg_weight     batch_size     epochs     learning_rate     iter     total time (s)     nDCG@10     Recall@10      EPC@10     Gini@10 │
├───────────────────────────────────────────────────────────────────────────────────────────────────────────────────────────────────────────────────────────────────────────────────────────────────────────────┤
│ LightGCN_QuaintOchreGoose   RUNNING                  64            3         0.0001           4096        300             0.001       39            459.184    0.064755      0.092117   0.0274453    0.974059 │
╰───────────────────────────────────────────────────────────────────────────────────────────────────────────────────────────────────────────────────────────────────────────────────────────────────────────────╯[36m(RayTrainWorker pid=785207)[0m Checkpoint successfully created at: Checkpoint(filesystem=local, path=/home/vincenzo/warprec/experiment/haltgrand/lastfm_emotion_gemini/lastfm_emotion_gemini/ray_results/ray_train_trial_id=30675_00000/checkpoint_2026-07-30_09-16-12.901200)
[36m(RayTrainWorker pid=785207)[0m Reporting training result 40: TrainingReport(checkpoint=Checkpoint(filesystem=local, path=/home/vincenzo/warprec/experiment/haltgrand/lastfm_emotion_gemini/lastfm_emotion_gemini/ray_results/ray_train_trial_id=30675_00000/checkpoint_2026-07-30_09-16-12.901200), metrics={'nDCG@10': 0.06567825376987457, 'Recall@10': 0.09353980422019958, 'EPC@10': 0.027822863310575485, 'Gini@10': 0.9732909798622131, 'best_nDCG@10': 0.06567825376987457, 'loss': 0.06347239762544632, 'ram_peak_mb': 5145.40625, 'vram_peak_mb': 671.07861328125, 'epoch': 39, 'step': 6640}, validation_spec=None)
[36m(RayTrainWorker pid=785207)[0m Checkpoint successfully created at: Checkpoint(filesystem=local, path=/home/vincenzo/warprec/experiment/haltgrand/lastfm_emotion_gemini/lastfm_emotion_gemini/ray_results/ray_train_trial_id=30675_00000/checkpoint_2026-07-30_09-16-23.608845)
[36m(RayTrainWorker pid=785207)[0m Reporting training result 41: TrainingReport(checkpoint=Checkpoint(filesystem=local, path=/home/vincenzo/warprec/experiment/haltgrand/lastfm_emotion_gemini/lastfm_emotion_gemini/ray_results/ray_train_trial_id=30675_00000/checkpoint_2026-07-30_09-16-23.608845), metrics={'nDCG@10': 0.06664563715457916, 'Recall@10': 0.09504199028015137, 'EPC@10': 0.02821490541100502, 'Gini@10': 0.9724450707435608, 'best_nDCG@10': 0.06664563715457916, 'loss': 0.06160395219922066, 'ram_peak_mb': 5145.47265625, 'vram_peak_mb': 671.07861328125, 'epoch': 40, 'step': 6806}, validation_spec=None)
[36m(RayTrainWorker pid=785207)[0m Checkpoint successfully created at: Checkpoint(filesystem=local, path=/home/vincenzo/warprec/experiment/haltgrand/lastfm_emotion_gemini/lastfm_emotion_gemini/ray_results/ray_train_trial_id=30675_00000/checkpoint_2026-07-30_09-16-34.741065)
[36m(RayTrainWorker pid=785207)[0m Reporting training result 42: TrainingReport(checkpoint=Checkpoint(filesystem=local, path=/home/vincenzo/warprec/experiment/haltgrand/lastfm_emotion_gemini/lastfm_emotion_gemini/ray_results/ray_train_trial_id=30675_00000/checkpoint_2026-07-30_09-16-34.741065), metrics={'nDCG@10': 0.0674908459186554, 'Recall@10': 0.09610401093959808, 'EPC@10': 0.028560573235154152, 'Gini@10': 0.9715277552604675, 'best_nDCG@10': 0.0674908459186554, 'loss': 0.06066212058067322, 'ram_peak_mb': 5145.48046875, 'vram_peak_mb': 671.07861328125, 'epoch': 41, 'step': 6972}, validation_spec=None)
[36m(RayTrainWorker pid=785207)[0m Checkpoint successfully created at: Checkpoint(filesystem=local, path=/home/vincenzo/warprec/experiment/haltgrand/lastfm_emotion_gemini/lastfm_emotion_gemini/ray_results/ray_train_trial_id=30675_00000/checkpoint_2026-07-30_09-16-45.730857)
[36m(RayTrainWorker pid=785207)[0m Reporting training result 43: TrainingReport(checkpoint=Checkpoint(filesystem=local, path=/home/vincenzo/warprec/experiment/haltgrand/lastfm_emotion_gemini/lastfm_emotion_gemini/ray_results/ray_train_trial_id=30675_00000/checkpoint_2026-07-30_09-16-45.730857), metrics={'nDCG@10': 0.06837790459394455, 'Recall@10': 0.09732178598642349, 'EPC@10': 0.02893112413585186, 'Gini@10': 0.9706768989562988, 'best_nDCG@10': 0.06837790459394455, 'loss': 0.05957844480872154, 'ram_peak_mb': 5145.5078125, 'vram_peak_mb': 671.07861328125, 'epoch': 42, 'step': 7138}, validation_spec=None)
[36m(RayTrainWorker pid=785207)[0m Checkpoint successfully created at: Checkpoint(filesystem=local, path=/home/vincenzo/warprec/experiment/haltgrand/lastfm_emotion_gemini/lastfm_emotion_gemini/ray_results/ray_train_trial_id=30675_00000/checkpoint_2026-07-30_09-16-56.940471)
[36m(RayTrainWorker pid=785207)[0m Reporting training result 44: TrainingReport(checkpoint=Checkpoint(filesystem=local, path=/home/vincenzo/warprec/experiment/haltgrand/lastfm_emotion_gemini/lastfm_emotion_gemini/ray_results/ray_train_trial_id=30675_00000/checkpoint_2026-07-30_09-16-56.940471), metrics={'nDCG@10': 0.06895212084054947, 'Recall@10': 0.09797298163175583, 'EPC@10': 0.029183967038989067, 'Gini@10': 0.969879686832428, 'best_nDCG@10': 0.06895212084054947, 'loss': 0.05792206525802612, 'ram_peak_mb': 5145.5078125, 'vram_peak_mb': 671.07861328125, 'epoch': 43, 'step': 7304}, validation_spec=None)
[36m(RayTrainWorker pid=785207)[0m Checkpoint successfully created at: Checkpoint(filesystem=local, path=/home/vincenzo/warprec/experiment/haltgrand/lastfm_emotion_gemini/lastfm_emotion_gemini/ray_results/ray_train_trial_id=30675_00000/checkpoint_2026-07-30_09-17-08.147475)
[36m(RayTrainWorker pid=785207)[0m Reporting training result 45: TrainingReport(checkpoint=Checkpoint(filesystem=local, path=/home/vincenzo/warprec/experiment/haltgrand/lastfm_emotion_gemini/lastfm_emotion_gemini/ray_results/ray_train_trial_id=30675_00000/checkpoint_2026-07-30_09-17-08.147475), metrics={'nDCG@10': 0.06980017572641373, 'Recall@10': 0.09936399757862091, 'EPC@10': 0.02952238731086254, 'Gini@10': 0.9690684080123901, 'best_nDCG@10': 0.06980017572641373, 'loss': 0.05715539678931236, 'ram_peak_mb': 5146.53515625, 'vram_peak_mb': 671.07861328125, 'epoch': 44, 'step': 7470}, validation_spec=None)
[36m(RayTrainWorker pid=785207)[0m Checkpoint successfully created at: Checkpoint(filesystem=local, path=/home/vincenzo/warprec/experiment/haltgrand/lastfm_emotion_gemini/lastfm_emotion_gemini/ray_results/ray_train_trial_id=30675_00000/checkpoint_2026-07-30_09-17-18.819111)
[36m(RayTrainWorker pid=785207)[0m Reporting training result 46: TrainingReport(checkpoint=Checkpoint(filesystem=local, path=/home/vincenzo/warprec/experiment/haltgrand/lastfm_emotion_gemini/lastfm_emotion_gemini/ray_results/ray_train_trial_id=30675_00000/checkpoint_2026-07-30_09-17-18.819111), metrics={'nDCG@10': 0.07051117718219757, 'Recall@10': 0.10030486434698105, 'EPC@10': 0.029820039868354797, 'Gini@10': 0.9682759642601013, 'best_nDCG@10': 0.07051117718219757, 'loss': 0.05574314296245575, 'ram_peak_mb': 5146.5546875, 'vram_peak_mb': 671.07861328125, 'epoch': 45, 'step': 7636}, validation_spec=None)
[36m(RayTrainWorker pid=785207)[0m Checkpoint successfully created at: Checkpoint(filesystem=local, path=/home/vincenzo/warprec/experiment/haltgrand/lastfm_emotion_gemini/lastfm_emotion_gemini/ray_results/ray_train_trial_id=30675_00000/checkpoint_2026-07-30_09-17-30.178072)
[36m(RayTrainWorker pid=785207)[0m Reporting training result 47: TrainingReport(checkpoint=Checkpoint(filesystem=local, path=/home/vincenzo/warprec/experiment/haltgrand/lastfm_emotion_gemini/lastfm_emotion_gemini/ray_results/ray_train_trial_id=30675_00000/checkpoint_2026-07-30_09-17-30.178072), metrics={'nDCG@10': 0.07134424895048141, 'Recall@10': 0.10118266195058823, 'EPC@10': 0.03015954978764057, 'Gini@10': 0.9674839973449707, 'best_nDCG@10': 0.07134424895048141, 'loss': 0.054268937557935715, 'ram_peak_mb': 5145.63671875, 'vram_peak_mb': 671.07861328125, 'epoch': 46, 'step': 7802}, validation_spec=None)
[36m(RayTrainWorker pid=785207)[0m Checkpoint successfully created at: Checkpoint(filesystem=local, path=/home/vincenzo/warprec/experiment/haltgrand/lastfm_emotion_gemini/lastfm_emotion_gemini/ray_results/ray_train_trial_id=30675_00000/checkpoint_2026-07-30_09-17-41.320103)
[36m(RayTrainWorker pid=785207)[0m Reporting training result 48: TrainingReport(checkpoint=Checkpoint(filesystem=local, path=/home/vincenzo/warprec/experiment/haltgrand/lastfm_emotion_gemini/lastfm_emotion_gemini/ray_results/ray_train_trial_id=30675_00000/checkpoint_2026-07-30_09-17-41.320103), metrics={'nDCG@10': 0.07216087728738785, 'Recall@10': 0.10235049575567245, 'EPC@10': 0.030503110960125923, 'Gini@10': 0.9666773676872253, 'best_nDCG@10': 0.07216087728738785, 'loss': 0.05338559299707413, 'ram_peak_mb': 5146.66796875, 'vram_peak_mb': 671.07861328125, 'epoch': 47, 'step': 7968}, validation_spec=None)
[36m(RayTrainWorker pid=785207)[0m Checkpoint successfully created at: Checkpoint(filesystem=local, path=/home/vincenzo/warprec/experiment/haltgrand/lastfm_emotion_gemini/lastfm_emotion_gemini/ray_results/ray_train_trial_id=30675_00000/checkpoint_2026-07-30_09-17-51.856065)
[36m(RayTrainWorker pid=785207)[0m Reporting training result 49: TrainingReport(checkpoint=Checkpoint(filesystem=local, path=/home/vincenzo/warprec/experiment/haltgrand/lastfm_emotion_gemini/lastfm_emotion_gemini/ray_results/ray_train_trial_id=30675_00000/checkpoint_2026-07-30_09-17-51.856065), metrics={'nDCG@10': 0.07317397743463516, 'Recall@10': 0.10399913787841797, 'EPC@10': 0.030895905569195747, 'Gini@10': 0.9657566547393799, 'best_nDCG@10': 0.07317397743463516, 'loss': 0.05264927074313164, 'ram_peak_mb': 5145.6953125, 'vram_peak_mb': 671.07861328125, 'epoch': 48, 'step': 8134}, validation_spec=None)
[36m(RayTrainWorker pid=785207)[0m Checkpoint successfully created at: Checkpoint(filesystem=local, path=/home/vincenzo/warprec/experiment/haltgrand/lastfm_emotion_gemini/lastfm_emotion_gemini/ray_results/ray_train_trial_id=30675_00000/checkpoint_2026-07-30_09-18-03.235581)
[36m(RayTrainWorker pid=785207)[0m Reporting training result 50: TrainingReport(checkpoint=Checkpoint(filesystem=local, path=/home/vincenzo/warprec/experiment/haltgrand/lastfm_emotion_gemini/lastfm_emotion_gemini/ray_results/ray_train_trial_id=30675_00000/checkpoint_2026-07-30_09-18-03.235581), metrics={'nDCG@10': 0.07389750331640244, 'Recall@10': 0.10484848916530609, 'EPC@10': 0.031200557947158813, 'Gini@10': 0.9649971127510071, 'best_nDCG@10': 0.07389750331640244, 'loss': 0.05138959363102913, 'ram_peak_mb': 5145.71875, 'vram_peak_mb': 671.07861328125, 'epoch': 49, 'step': 8300}, validation_spec=None)

Trial status: 1 RUNNING
Current time: 2026-07-30 09:16:42. Total running time: 8min 31s
Logical resource usage: 0.05/12 CPUs, 0/2 GPUs (0.0/1.0 accelerator_type:G)
Current best trial: 30675_00000 with nDCG@10=0.0674908459186554 and params={'embedding_size': 64, 'n_layers': 3, 'reg_weight': 0.0001, 'batch_size': 4096, 'epochs': 300, 'learning_rate': 0.001}
╭───────────────────────────────────────────────────────────────────────────────────────────────────────────────────────────────────────────────────────────────────────────────────────────────────────────────╮
│ Trial name                  status       embedding_size     n_layers     reg_weight     batch_size     epochs     learning_rate     iter     total time (s)     nDCG@10     Recall@10      EPC@10     Gini@10 │
├───────────────────────────────────────────────────────────────────────────────────────────────────────────────────────────────────────────────────────────────────────────────────────────────────────────────┤
│ LightGCN_QuaintOchreGoose   RUNNING                  64            3         0.0001           4096        300             0.001       42            491.649   0.0674908      0.096104   0.0285606    0.971528 │
╰───────────────────────────────────────────────────────────────────────────────────────────────────────────────────────────────────────────────────────────────────────────────────────────────────────────────╯
Trial status: 1 RUNNING
Current time: 2026-07-30 09:17:12. Total running time: 9min 1s
Logical resource usage: 0.05/12 CPUs, 0/2 GPUs (0.0/1.0 accelerator_type:G)
Current best trial: 30675_00000 with nDCG@10=0.06980017572641373 and params={'embedding_size': 64, 'n_layers': 3, 'reg_weight': 0.0001, 'batch_size': 4096, 'epochs': 300, 'learning_rate': 0.001}
╭───────────────────────────────────────────────────────────────────────────────────────────────────────────────────────────────────────────────────────────────────────────────────────────────────────────────╮
│ Trial name                  status       embedding_size     n_layers     reg_weight     batch_size     epochs     learning_rate     iter     total time (s)     nDCG@10     Recall@10      EPC@10     Gini@10 │
├───────────────────────────────────────────────────────────────────────────────────────────────────────────────────────────────────────────────────────────────────────────────────────────────────────────────┤
│ LightGCN_QuaintOchreGoose   RUNNING                  64            3         0.0001           4096        300             0.001       45            525.726   0.0698002      0.099364   0.0295224    0.969068 │
╰───────────────────────────────────────────────────────────────────────────────────────────────────────────────────────────────────────────────────────────────────────────────────────────────────────────────╯
Trial status: 1 RUNNING
Current time: 2026-07-30 09:17:42. Total running time: 9min 31s
Logical resource usage: 0.05/12 CPUs, 0/2 GPUs (0.0/1.0 accelerator_type:G)
Current best trial: 30675_00000 with nDCG@10=0.07216087728738785 and params={'embedding_size': 64, 'n_layers': 3, 'reg_weight': 0.0001, 'batch_size': 4096, 'epochs': 300, 'learning_rate': 0.001}
╭───────────────────────────────────────────────────────────────────────────────────────────────────────────────────────────────────────────────────────────────────────────────────────────────────────────────╮
│ Trial name                  status       embedding_size     n_layers     reg_weight     batch_size     epochs     learning_rate     iter     total time (s)     nDCG@10     Recall@10      EPC@10     Gini@10 │
├───────────────────────────────────────────────────────────────────────────────────────────────────────────────────────────────────────────────────────────────────────────────────────────────────────────────┤
│ LightGCN_QuaintOchreGoose   RUNNING                  64            3         0.0001           4096        300             0.001       48            558.179   0.0721609       0.10235   0.0305031    0.966677 │
╰───────────────────────────────────────────────────────────────────────────────────────────────────────────────────────────────────────────────────────────────────────────────────────────────────────────────╯
Trial status: 1 RUNNING
Current time: 2026-07-30 09:18:12. Total running time: 10min 1s
Logical resource usage: 0.05/12 CPUs, 0/2 GPUs (0.0/1.0 accelerator_type:G)
Current best trial: 30675_00000 with nDCG@10=0.07389750331640244 and params={'embedding_size': 64, 'n_layers': 3, 'reg_weight': 0.0001, 'batch_size': 4096, 'epochs': 300, 'learning_rate': 0.001}[36m(RayTrainWorker pid=785207)[0m Checkpoint successfully created at: Checkpoint(filesystem=local, path=/home/vincenzo/warprec/experiment/haltgrand/lastfm_emotion_gemini/lastfm_emotion_gemini/ray_results/ray_train_trial_id=30675_00000/checkpoint_2026-07-30_09-18-14.793405)
[36m(RayTrainWorker pid=785207)[0m Reporting training result 51: TrainingReport(checkpoint=Checkpoint(filesystem=local, path=/home/vincenzo/warprec/experiment/haltgrand/lastfm_emotion_gemini/lastfm_emotion_gemini/ray_results/ray_train_trial_id=30675_00000/checkpoint_2026-07-30_09-18-14.793405), metrics={'nDCG@10': 0.07473000138998032, 'Recall@10': 0.10594818741083145, 'EPC@10': 0.03153828904032707, 'Gini@10': 0.9640703201293945, 'best_nDCG@10': 0.07473000138998032, 'loss': 0.0504891462624073, 'ram_peak_mb': 5145.7109375, 'vram_peak_mb': 671.07861328125, 'epoch': 50, 'step': 8466}, validation_spec=None)
[36m(RayTrainWorker pid=785207)[0m Checkpoint successfully created at: Checkpoint(filesystem=local, path=/home/vincenzo/warprec/experiment/haltgrand/lastfm_emotion_gemini/lastfm_emotion_gemini/ray_results/ray_train_trial_id=30675_00000/checkpoint_2026-07-30_09-18-25.927141)
[36m(RayTrainWorker pid=785207)[0m Reporting training result 52: TrainingReport(checkpoint=Checkpoint(filesystem=local, path=/home/vincenzo/warprec/experiment/haltgrand/lastfm_emotion_gemini/lastfm_emotion_gemini/ray_results/ray_train_trial_id=30675_00000/checkpoint_2026-07-30_09-18-25.927141), metrics={'nDCG@10': 0.0754518061876297, 'Recall@10': 0.10687476396560669, 'EPC@10': 0.03184403106570244, 'Gini@10': 0.9633101224899292, 'best_nDCG@10': 0.0754518061876297, 'loss': 0.049029599875211716, 'ram_peak_mb': 5146.703125, 'vram_peak_mb': 671.07861328125, 'epoch': 51, 'step': 8632}, validation_spec=None)
[36m(RayTrainWorker pid=785207)[0m Checkpoint successfully created at: Checkpoint(filesystem=local, path=/home/vincenzo/warprec/experiment/haltgrand/lastfm_emotion_gemini/lastfm_emotion_gemini/ray_results/ray_train_trial_id=30675_00000/checkpoint_2026-07-30_09-18-36.753603)
[36m(RayTrainWorker pid=785207)[0m Reporting training result 53: TrainingReport(checkpoint=Checkpoint(filesystem=local, path=/home/vincenzo/warprec/experiment/haltgrand/lastfm_emotion_gemini/lastfm_emotion_gemini/ray_results/ray_train_trial_id=30675_00000/checkpoint_2026-07-30_09-18-36.753603), metrics={'nDCG@10': 0.07623913884162903, 'Recall@10': 0.10779297351837158, 'EPC@10': 0.03214472532272339, 'Gini@10': 0.9624441862106323, 'best_nDCG@10': 0.07623913884162903, 'loss': 0.048125896602869034, 'ram_peak_mb': 5146.7421875, 'vram_peak_mb': 671.07861328125, 'epoch': 52, 'step': 8798}, validation_spec=None)
[36m(RayTrainWorker pid=785207)[0m Checkpoint successfully created at: Checkpoint(filesystem=local, path=/home/vincenzo/warprec/experiment/haltgrand/lastfm_emotion_gemini/lastfm_emotion_gemini/ray_results/ray_train_trial_id=30675_00000/checkpoint_2026-07-30_09-18-47.874569)
[36m(RayTrainWorker pid=785207)[0m Reporting training result 54: TrainingReport(checkpoint=Checkpoint(filesystem=local, path=/home/vincenzo/warprec/experiment/haltgrand/lastfm_emotion_gemini/lastfm_emotion_gemini/ray_results/ray_train_trial_id=30675_00000/checkpoint_2026-07-30_09-18-47.874569), metrics={'nDCG@10': 0.07705674320459366, 'Recall@10': 0.10901027917861938, 'EPC@10': 0.03245104104280472, 'Gini@10': 0.9614036083221436, 'best_nDCG@10': 0.07705674320459366, 'loss': 0.047784801572561264, 'ram_peak_mb': 5147.81640625, 'vram_peak_mb': 671.07861328125, 'epoch': 53, 'step': 8964}, validation_spec=None)
[36m(RayTrainWorker pid=785207)[0m Checkpoint successfully created at: Checkpoint(filesystem=local, path=/home/vincenzo/warprec/experiment/haltgrand/lastfm_emotion_gemini/lastfm_emotion_gemini/ray_results/ray_train_trial_id=30675_00000/checkpoint_2026-07-30_09-18-59.206541)
[36m(RayTrainWorker pid=785207)[0m Reporting training result 55: TrainingReport(checkpoint=Checkpoint(filesystem=local, path=/home/vincenzo/warprec/experiment/haltgrand/lastfm_emotion_gemini/lastfm_emotion_gemini/ray_results/ray_train_trial_id=30675_00000/checkpoint_2026-07-30_09-18-59.206541), metrics={'nDCG@10': 0.07790861278772354, 'Recall@10': 0.11016520857810974, 'EPC@10': 0.032797910273075104, 'Gini@10': 0.9604402780532837, 'best_nDCG@10': 0.07790861278772354, 'loss': 0.04669532552361488, 'ram_peak_mb': 5146.85546875, 'vram_peak_mb': 671.07861328125, 'epoch': 54, 'step': 9130}, validation_spec=None)
[36m(RayTrainWorker pid=785207)[0m Checkpoint successfully created at: Checkpoint(filesystem=local, path=/home/vincenzo/warprec/experiment/haltgrand/lastfm_emotion_gemini/lastfm_emotion_gemini/ray_results/ray_train_trial_id=30675_00000/checkpoint_2026-07-30_09-19-09.821329)
[36m(RayTrainWorker pid=785207)[0m Reporting training result 56: TrainingReport(checkpoint=Checkpoint(filesystem=local, path=/home/vincenzo/warprec/experiment/haltgrand/lastfm_emotion_gemini/lastfm_emotion_gemini/ray_results/ray_train_trial_id=30675_00000/checkpoint_2026-07-30_09-19-09.821329), metrics={'nDCG@10': 0.0787336602807045, 'Recall@10': 0.11132574826478958, 'EPC@10': 0.03314082697033882, 'Gini@10': 0.9594010710716248, 'best_nDCG@10': 0.0787336602807045, 'loss': 0.04626905918121338, 'ram_peak_mb': 5145.8828125, 'vram_peak_mb': 671.07861328125, 'epoch': 55, 'step': 9296}, validation_spec=None)
[36m(RayTrainWorker pid=785207)[0m Checkpoint successfully created at: Checkpoint(filesystem=local, path=/home/vincenzo/warprec/experiment/haltgrand/lastfm_emotion_gemini/lastfm_emotion_gemini/ray_results/ray_train_trial_id=30675_00000/checkpoint_2026-07-30_09-19-20.835570)
[36m(RayTrainWorker pid=785207)[0m Reporting training result 57: TrainingReport(checkpoint=Checkpoint(filesystem=local, path=/home/vincenzo/warprec/experiment/haltgrand/lastfm_emotion_gemini/lastfm_emotion_gemini/ray_results/ray_train_trial_id=30675_00000/checkpoint_2026-07-30_09-19-20.835570), metrics={'nDCG@10': 0.07922177761793137, 'Recall@10': 0.11204104125499725, 'EPC@10': 0.03334144875407219, 'Gini@10': 0.9586765170097351, 'best_nDCG@10': 0.07922177761793137, 'loss': 0.044774141162633896, 'ram_peak_mb': 5145.921875, 'vram_peak_mb': 671.07861328125, 'epoch': 56, 'step': 9462}, validation_spec=None)
[36m(RayTrainWorker pid=785207)[0m Checkpoint successfully created at: Checkpoint(filesystem=local, path=/home/vincenzo/warprec/experiment/haltgrand/lastfm_emotion_gemini/lastfm_emotion_gemini/ray_results/ray_train_trial_id=30675_00000/checkpoint_2026-07-30_09-19-31.608084)
[36m(RayTrainWorker pid=785207)[0m Reporting training result 58: TrainingReport(checkpoint=Checkpoint(filesystem=local, path=/home/vincenzo/warprec/experiment/haltgrand/lastfm_emotion_gemini/lastfm_emotion_gemini/ray_results/ray_train_trial_id=30675_00000/checkpoint_2026-07-30_09-19-31.608084), metrics={'nDCG@10': 0.07981764525175095, 'Recall@10': 0.11293333768844604, 'EPC@10': 0.03356287628412247, 'Gini@10': 0.9577866196632385, 'best_nDCG@10': 0.07981764525175095, 'loss': 0.044322799891233444, 'ram_peak_mb': 5145.9375, 'vram_peak_mb': 671.07861328125, 'epoch': 57, 'step': 9628}, validation_spec=None)

╭───────────────────────────────────────────────────────────────────────────────────────────────────────────────────────────────────────────────────────────────────────────────────────────────────────────────╮
│ Trial name                  status       embedding_size     n_layers     reg_weight     batch_size     epochs     learning_rate     iter     total time (s)     nDCG@10     Recall@10      EPC@10     Gini@10 │
├───────────────────────────────────────────────────────────────────────────────────────────────────────────────────────────────────────────────────────────────────────────────────────────────────────────────┤
│ LightGCN_QuaintOchreGoose   RUNNING                  64            3         0.0001           4096        300             0.001       50            580.161   0.0738975      0.104848   0.0312006    0.964997 │
╰───────────────────────────────────────────────────────────────────────────────────────────────────────────────────────────────────────────────────────────────────────────────────────────────────────────────╯
Trial status: 1 RUNNING
Current time: 2026-07-30 09:18:42. Total running time: 10min 31s
Logical resource usage: 0.05/12 CPUs, 0/2 GPUs (0.0/1.0 accelerator_type:G)
Current best trial: 30675_00000 with nDCG@10=0.07623913884162903 and params={'embedding_size': 64, 'n_layers': 3, 'reg_weight': 0.0001, 'batch_size': 4096, 'epochs': 300, 'learning_rate': 0.001}
╭───────────────────────────────────────────────────────────────────────────────────────────────────────────────────────────────────────────────────────────────────────────────────────────────────────────────╮
│ Trial name                  status       embedding_size     n_layers     reg_weight     batch_size     epochs     learning_rate     iter     total time (s)     nDCG@10     Recall@10      EPC@10     Gini@10 │
├───────────────────────────────────────────────────────────────────────────────────────────────────────────────────────────────────────────────────────────────────────────────────────────────────────────────┤
│ LightGCN_QuaintOchreGoose   RUNNING                  64            3         0.0001           4096        300             0.001       53            614.453   0.0762391      0.107793   0.0321447    0.962444 │
╰───────────────────────────────────────────────────────────────────────────────────────────────────────────────────────────────────────────────────────────────────────────────────────────────────────────────╯
Trial status: 1 RUNNING
Current time: 2026-07-30 09:19:12. Total running time: 11min 1s
Logical resource usage: 0.05/12 CPUs, 0/2 GPUs (0.0/1.0 accelerator_type:G)
Current best trial: 30675_00000 with nDCG@10=0.0787336602807045 and params={'embedding_size': 64, 'n_layers': 3, 'reg_weight': 0.0001, 'batch_size': 4096, 'epochs': 300, 'learning_rate': 0.001}
╭───────────────────────────────────────────────────────────────────────────────────────────────────────────────────────────────────────────────────────────────────────────────────────────────────────────────╮
│ Trial name                  status       embedding_size     n_layers     reg_weight     batch_size     epochs     learning_rate     iter     total time (s)     nDCG@10     Recall@10      EPC@10     Gini@10 │
├───────────────────────────────────────────────────────────────────────────────────────────────────────────────────────────────────────────────────────────────────────────────────────────────────────────────┤
│ LightGCN_QuaintOchreGoose   RUNNING                  64            3         0.0001           4096        300             0.001       56            646.957   0.0787337      0.111326   0.0331408    0.959401 │
╰───────────────────────────────────────────────────────────────────────────────────────────────────────────────────────────────────────────────────────────────────────────────────────────────────────────────╯
Trial status: 1 RUNNING
Current time: 2026-07-30 09:19:42. Total running time: 11min 31s
Logical resource usage: 0.05/12 CPUs, 0/2 GPUs (0.0/1.0 accelerator_type:G)
Current best trial: 30675_00000 with nDCG@10=0.07981764525175095 and params={'embedding_size': 64, 'n_layers': 3, 'reg_weight': 0.0001, 'batch_size': 4096, 'epochs': 300, 'learning_rate': 0.001}
╭───────────────────────────────────────────────────────────────────────────────────────────────────────────────────────────────────────────────────────────────────────────────────────────────────────────────╮
│ Trial name                  status       embedding_size     n_layers     reg_weight     batch_size     epochs     learning_rate     iter     total time (s)     nDCG@10     Recall@10      EPC@10     Gini@10 │
├───────────────────────────────────────────────────────────────────────────────────────────────────────────────────────────────────────────────────────────────────────────────────────────────────────────────┤
│ LightGCN_QuaintOchreGoose   RUNNING                  64            3         0.0001           4096        300             0.001       58            668.936   0.0798176      0.112933   0.0335629    0.957787 │
╰───────────────────────────────────────────────────────────────────────────────────────────────────────────────────────────────────────────────────────────────────────────────────────────────────────────────╯[36m(RayTrainWorker pid=785207)[0m Checkpoint successfully created at: Checkpoint(filesystem=local, path=/home/vincenzo/warprec/experiment/haltgrand/lastfm_emotion_gemini/lastfm_emotion_gemini/ray_results/ray_train_trial_id=30675_00000/checkpoint_2026-07-30_09-19-43.072157)
[36m(RayTrainWorker pid=785207)[0m Reporting training result 59: TrainingReport(checkpoint=Checkpoint(filesystem=local, path=/home/vincenzo/warprec/experiment/haltgrand/lastfm_emotion_gemini/lastfm_emotion_gemini/ray_results/ray_train_trial_id=30675_00000/checkpoint_2026-07-30_09-19-43.072157), metrics={'nDCG@10': 0.0803576409816742, 'Recall@10': 0.11380641162395477, 'EPC@10': 0.033794526010751724, 'Gini@10': 0.9568343162536621, 'best_nDCG@10': 0.0803576409816742, 'loss': 0.04372645169496536, 'ram_peak_mb': 5145.96484375, 'vram_peak_mb': 671.07861328125, 'epoch': 58, 'step': 9794}, validation_spec=None)
[36m(RayTrainWorker pid=785207)[0m Checkpoint successfully created at: Checkpoint(filesystem=local, path=/home/vincenzo/warprec/experiment/haltgrand/lastfm_emotion_gemini/lastfm_emotion_gemini/ray_results/ray_train_trial_id=30675_00000/checkpoint_2026-07-30_09-19-54.777256)
[36m(RayTrainWorker pid=785207)[0m Reporting training result 60: TrainingReport(checkpoint=Checkpoint(filesystem=local, path=/home/vincenzo/warprec/experiment/haltgrand/lastfm_emotion_gemini/lastfm_emotion_gemini/ray_results/ray_train_trial_id=30675_00000/checkpoint_2026-07-30_09-19-54.777256), metrics={'nDCG@10': 0.08108319342136383, 'Recall@10': 0.11469007283449173, 'EPC@10': 0.03410530835390091, 'Gini@10': 0.9558406472206116, 'best_nDCG@10': 0.08108319342136383, 'loss': 0.043082669377326965, 'ram_peak_mb': 5147.01171875, 'vram_peak_mb': 671.07861328125, 'epoch': 59, 'step': 9960}, validation_spec=None)
[36m(RayTrainWorker pid=785207)[0m Checkpoint successfully created at: Checkpoint(filesystem=local, path=/home/vincenzo/warprec/experiment/haltgrand/lastfm_emotion_gemini/lastfm_emotion_gemini/ray_results/ray_train_trial_id=30675_00000/checkpoint_2026-07-30_09-20-05.610031)
[36m(RayTrainWorker pid=785207)[0m Reporting training result 61: TrainingReport(checkpoint=Checkpoint(filesystem=local, path=/home/vincenzo/warprec/experiment/haltgrand/lastfm_emotion_gemini/lastfm_emotion_gemini/ray_results/ray_train_trial_id=30675_00000/checkpoint_2026-07-30_09-20-05.610031), metrics={'nDCG@10': 0.08176737278699875, 'Recall@10': 0.11550898104906082, 'EPC@10': 0.03440142422914505, 'Gini@10': 0.9549541473388672, 'best_nDCG@10': 0.08176737278699875, 'loss': 0.042264506220817566, 'ram_peak_mb': 5147.015625, 'vram_peak_mb': 671.07861328125, 'epoch': 60, 'step': 10126}, validation_spec=None)
[36m(RayTrainWorker pid=785207)[0m Checkpoint successfully created at: Checkpoint(filesystem=local, path=/home/vincenzo/warprec/experiment/haltgrand/lastfm_emotion_gemini/lastfm_emotion_gemini/ray_results/ray_train_trial_id=30675_00000/checkpoint_2026-07-30_09-20-16.378212)
[36m(RayTrainWorker pid=785207)[0m Reporting training result 62: TrainingReport(checkpoint=Checkpoint(filesystem=local, path=/home/vincenzo/warprec/experiment/haltgrand/lastfm_emotion_gemini/lastfm_emotion_gemini/ray_results/ray_train_trial_id=30675_00000/checkpoint_2026-07-30_09-20-16.378212), metrics={'nDCG@10': 0.0824533998966217, 'Recall@10': 0.11644639819860458, 'EPC@10': 0.03466300666332245, 'Gini@10': 0.9540044069290161, 'best_nDCG@10': 0.0824533998966217, 'loss': 0.04168115556240082, 'ram_peak_mb': 5147.0390625, 'vram_peak_mb': 671.07861328125, 'epoch': 61, 'step': 10292}, validation_spec=None)
[36m(RayTrainWorker pid=785207)[0m Checkpoint successfully created at: Checkpoint(filesystem=local, path=/home/vincenzo/warprec/experiment/haltgrand/lastfm_emotion_gemini/lastfm_emotion_gemini/ray_results/ray_train_trial_id=30675_00000/checkpoint_2026-07-30_09-20-28.400044)
[36m(RayTrainWorker pid=785207)[0m Reporting training result 63: TrainingReport(checkpoint=Checkpoint(filesystem=local, path=/home/vincenzo/warprec/experiment/haltgrand/lastfm_emotion_gemini/lastfm_emotion_gemini/ray_results/ray_train_trial_id=30675_00000/checkpoint_2026-07-30_09-20-28.400044), metrics={'nDCG@10': 0.08306565880775452, 'Recall@10': 0.11724060028791428, 'EPC@10': 0.03492545709013939, 'Gini@10': 0.953106701374054, 'best_nDCG@10': 0.08306565880775452, 'loss': 0.040555454790592194, 'ram_peak_mb': 5147.0625, 'vram_peak_mb': 671.07861328125, 'epoch': 62, 'step': 10458}, validation_spec=None)
[36m(RayTrainWorker pid=785207)[0m Checkpoint successfully created at: Checkpoint(filesystem=local, path=/home/vincenzo/warprec/experiment/haltgrand/lastfm_emotion_gemini/lastfm_emotion_gemini/ray_results/ray_train_trial_id=30675_00000/checkpoint_2026-07-30_09-20-39.071965)
[36m(RayTrainWorker pid=785207)[0m Reporting training result 64: TrainingReport(checkpoint=Checkpoint(filesystem=local, path=/home/vincenzo/warprec/experiment/haltgrand/lastfm_emotion_gemini/lastfm_emotion_gemini/ray_results/ray_train_trial_id=30675_00000/checkpoint_2026-07-30_09-20-39.071965), metrics={'nDCG@10': 0.08377128839492798, 'Recall@10': 0.11841138452291489, 'EPC@10': 0.03520261123776436, 'Gini@10': 0.952011227607727, 'best_nDCG@10': 0.08377128839492798, 'loss': 0.04044080898165703, 'ram_peak_mb': 5147.12109375, 'vram_peak_mb': 671.07861328125, 'epoch': 63, 'step': 10624}, validation_spec=None)
[36m(RayTrainWorker pid=785207)[0m Checkpoint successfully created at: Checkpoint(filesystem=local, path=/home/vincenzo/warprec/experiment/haltgrand/lastfm_emotion_gemini/lastfm_emotion_gemini/ray_results/ray_train_trial_id=30675_00000/checkpoint_2026-07-30_09-20-49.776563)
[36m(RayTrainWorker pid=785207)[0m Reporting training result 65: TrainingReport(checkpoint=Checkpoint(filesystem=local, path=/home/vincenzo/warprec/experiment/haltgrand/lastfm_emotion_gemini/lastfm_emotion_gemini/ray_results/ray_train_trial_id=30675_00000/checkpoint_2026-07-30_09-20-49.776563), metrics={'nDCG@10': 0.08453620970249176, 'Recall@10': 0.11890095472335815, 'EPC@10': 0.0355190709233284, 'Gini@10': 0.9508780241012573, 'best_nDCG@10': 0.08453620970249176, 'loss': 0.03987446427345276, 'ram_peak_mb': 5147.140625, 'vram_peak_mb': 671.07861328125, 'epoch': 64, 'step': 10790}, validation_spec=None)
[36m(RayTrainWorker pid=785207)[0m Checkpoint successfully created at: Checkpoint(filesystem=local, path=/home/vincenzo/warprec/experiment/haltgrand/lastfm_emotion_gemini/lastfm_emotion_gemini/ray_results/ray_train_trial_id=30675_00000/checkpoint_2026-07-30_09-21-01.263858)
[36m(RayTrainWorker pid=785207)[0m Reporting training result 66: TrainingReport(checkpoint=Checkpoint(filesystem=local, path=/home/vincenzo/warprec/experiment/haltgrand/lastfm_emotion_gemini/lastfm_emotion_gemini/ray_results/ray_train_trial_id=30675_00000/checkpoint_2026-07-30_09-21-01.263858), metrics={'nDCG@10': 0.085385262966156, 'Recall@10': 0.12023424357175827, 'EPC@10': 0.035866476595401764, 'Gini@10': 0.9499617218971252, 'best_nDCG@10': 0.085385262966156, 'loss': 0.03911251947283745, 'ram_peak_mb': 5147.15625, 'vram_peak_mb': 671.07861328125, 'epoch': 65, 'step': 10956}, validation_spec=None)
[36m(RayTrainWorker pid=785207)[0m Checkpoint successfully created at: Checkpoint(filesystem=local, path=/home/vincenzo/warprec/experiment/haltgrand/lastfm_emotion_gemini/lastfm_emotion_gemini/ray_results/ray_train_trial_id=30675_00000/checkpoint_2026-07-30_09-21-12.799267)
[36m(RayTrainWorker pid=785207)[0m Reporting training result 67: TrainingReport(checkpoint=Checkpoint(filesystem=local, path=/home/vincenzo/warprec/experiment/haltgrand/lastfm_emotion_gemini/lastfm_emotion_gemini/ray_results/ray_train_trial_id=30675_00000/checkpoint_2026-07-30_09-21-12.799267), metrics={'nDCG@10': 0.08592147380113602, 'Recall@10': 0.12083663046360016, 'EPC@10': 0.03608753904700279, 'Gini@10': 0.9488989114761353, 'best_nDCG@10': 0.08592147380113602, 'loss': 0.038714490830898285, 'ram_peak_mb': 5147.1796875, 'vram_peak_mb': 671.07861328125, 'epoch': 66, 'step': 11122}, validation_spec=None)
[36m(RayTrainWorker pid=785207)[0m Checkpoint successfully created at: Checkpoint(filesystem=local, path=/home/vincenzo/warprec/experiment/haltgrand/lastfm_emotion_gemini/lastfm_emotion_gemini/ray_results/ray_train_trial_id=30675_00000/checkpoint_2026-07-30_09-21-23.668204)
[36m(RayTrainWorker pid=785207)[0m Reporting training result 68: TrainingReport(checkpoint=Checkpoint(filesystem=local, path=/home/vincenzo/warprec/experiment/haltgrand/lastfm_emotion_gemini/lastfm_emotion_gemini/ray_results/ray_train_trial_id=30675_00000/checkpoint_2026-07-30_09-21-23.668204), metrics={'nDCG@10': 0.0865999311208725, 'Recall@10': 0.12175221741199493, 'EPC@10': 0.03637316823005676, 'Gini@10': 0.9479086399078369, 'best_nDCG@10': 0.0865999311208725, 'loss': 0.037572767585515976, 'ram_peak_mb': 5147.18359375, 'vram_peak_mb': 671.07861328125, 'epoch': 67, 'step': 11288}, validation_spec=None)
[36m(RayTrainWorker pid=785207)[0m Checkpoint successfully created at: Checkpoint(filesystem=local, path=/home/vincenzo/warprec/experiment/haltgrand/lastfm_emotion_gemini/lastfm_emotion_gemini/ray_results/ray_train_trial_id=30675_00000/checkpoint_2026-07-30_09-21-34.086120)
[36m(RayTrainWorker pid=785207)[0m Reporting training result 69: TrainingReport(checkpoint=Checkpoint(filesystem=local, path=/home/vincenzo/warprec/experiment/haltgrand/lastfm_emotion_gemini/lastfm_emotion_gemini/ray_results/ray_train_trial_id=30675_00000/checkpoint_2026-07-30_09-21-34.086120), metrics={'nDCG@10': 0.08733513951301575, 'Recall@10': 0.12270218878984451, 'EPC@10': 0.03667284548282623, 'Gini@10': 0.9469246864318848, 'best_nDCG@10': 0.08733513951301575, 'loss': 0.03716140240430832, 'ram_peak_mb': 5147.22265625, 'vram_peak_mb': 671.07861328125, 'epoch': 68, 'step': 11454}, validation_spec=None)

Trial status: 1 RUNNING
Current time: 2026-07-30 09:20:13. Total running time: 12min 1s
Logical resource usage: 0.05/12 CPUs, 0/2 GPUs (0.0/1.0 accelerator_type:G)
Current best trial: 30675_00000 with nDCG@10=0.08176737278699875 and params={'embedding_size': 64, 'n_layers': 3, 'reg_weight': 0.0001, 'batch_size': 4096, 'epochs': 300, 'learning_rate': 0.001}
╭───────────────────────────────────────────────────────────────────────────────────────────────────────────────────────────────────────────────────────────────────────────────────────────────────────────────╮
│ Trial name                  status       embedding_size     n_layers     reg_weight     batch_size     epochs     learning_rate     iter     total time (s)     nDCG@10     Recall@10      EPC@10     Gini@10 │
├───────────────────────────────────────────────────────────────────────────────────────────────────────────────────────────────────────────────────────────────────────────────────────────────────────────────┤
│ LightGCN_QuaintOchreGoose   RUNNING                  64            3         0.0001           4096        300             0.001       61            703.246   0.0817674      0.115509   0.0344014    0.954954 │
╰───────────────────────────────────────────────────────────────────────────────────────────────────────────────────────────────────────────────────────────────────────────────────────────────────────────────╯
Trial status: 1 RUNNING
Current time: 2026-07-30 09:20:43. Total running time: 12min 31s
Logical resource usage: 0.05/12 CPUs, 0/2 GPUs (0.0/1.0 accelerator_type:G)
Current best trial: 30675_00000 with nDCG@10=0.08377128839492798 and params={'embedding_size': 64, 'n_layers': 3, 'reg_weight': 0.0001, 'batch_size': 4096, 'epochs': 300, 'learning_rate': 0.001}
╭───────────────────────────────────────────────────────────────────────────────────────────────────────────────────────────────────────────────────────────────────────────────────────────────────────────────╮
│ Trial name                  status       embedding_size     n_layers     reg_weight     batch_size     epochs     learning_rate     iter     total time (s)     nDCG@10     Recall@10      EPC@10     Gini@10 │
├───────────────────────────────────────────────────────────────────────────────────────────────────────────────────────────────────────────────────────────────────────────────────────────────────────────────┤
│ LightGCN_QuaintOchreGoose   RUNNING                  64            3         0.0001           4096        300             0.001       64            735.719   0.0837713      0.118411   0.0352026    0.952011 │
╰───────────────────────────────────────────────────────────────────────────────────────────────────────────────────────────────────────────────────────────────────────────────────────────────────────────────╯
Trial status: 1 RUNNING
Current time: 2026-07-30 09:21:13. Total running time: 13min 1s
Logical resource usage: 0.05/12 CPUs, 0/2 GPUs (0.0/1.0 accelerator_type:G)
Current best trial: 30675_00000 with nDCG@10=0.085385262966156 and params={'embedding_size': 64, 'n_layers': 3, 'reg_weight': 0.0001, 'batch_size': 4096, 'epochs': 300, 'learning_rate': 0.001}
╭───────────────────────────────────────────────────────────────────────────────────────────────────────────────────────────────────────────────────────────────────────────────────────────────────────────────╮
│ Trial name                  status       embedding_size     n_layers     reg_weight     batch_size     epochs     learning_rate     iter     total time (s)     nDCG@10     Recall@10      EPC@10     Gini@10 │
├───────────────────────────────────────────────────────────────────────────────────────────────────────────────────────────────────────────────────────────────────────────────────────────────────────────────┤
│ LightGCN_QuaintOchreGoose   RUNNING                  64            3         0.0001           4096        300             0.001       66            757.921   0.0853853      0.120234   0.0358665    0.949962 │
╰───────────────────────────────────────────────────────────────────────────────────────────────────────────────────────────────────────────────────────────────────────────────────────────────────────────────╯
Trial status: 1 RUNNING
Current time: 2026-07-30 09:21:43. Total running time: 13min 31s
Logical resource usage: 0.05/12 CPUs, 0/2 GPUs (0.0/1.0 accelerator_type:G)
Current best trial: 30675_00000 with nDCG@10=0.08733513951301575 and params={'embedding_size': 64, 'n_layers': 3, 'reg_weight': 0.0001, 'batch_size': 4096, 'epochs': 300, 'learning_rate': 0.001}[36m(RayTrainWorker pid=785207)[0m Checkpoint successfully created at: Checkpoint(filesystem=local, path=/home/vincenzo/warprec/experiment/haltgrand/lastfm_emotion_gemini/lastfm_emotion_gemini/ray_results/ray_train_trial_id=30675_00000/checkpoint_2026-07-30_09-21-44.668050)
[36m(RayTrainWorker pid=785207)[0m Reporting training result 70: TrainingReport(checkpoint=Checkpoint(filesystem=local, path=/home/vincenzo/warprec/experiment/haltgrand/lastfm_emotion_gemini/lastfm_emotion_gemini/ray_results/ray_train_trial_id=30675_00000/checkpoint_2026-07-30_09-21-44.668050), metrics={'nDCG@10': 0.0880383774638176, 'Recall@10': 0.12344062328338623, 'EPC@10': 0.03697079047560692, 'Gini@10': 0.9460006356239319, 'best_nDCG@10': 0.0880383774638176, 'loss': 0.03681902959942818, 'ram_peak_mb': 5147.25, 'vram_peak_mb': 671.07861328125, 'epoch': 69, 'step': 11620}, validation_spec=None)
[36m(RayTrainWorker pid=785207)[0m Checkpoint successfully created at: Checkpoint(filesystem=local, path=/home/vincenzo/warprec/experiment/haltgrand/lastfm_emotion_gemini/lastfm_emotion_gemini/ray_results/ray_train_trial_id=30675_00000/checkpoint_2026-07-30_09-21-55.847482)
[36m(RayTrainWorker pid=785207)[0m Reporting training result 71: TrainingReport(checkpoint=Checkpoint(filesystem=local, path=/home/vincenzo/warprec/experiment/haltgrand/lastfm_emotion_gemini/lastfm_emotion_gemini/ray_results/ray_train_trial_id=30675_00000/checkpoint_2026-07-30_09-21-55.847482), metrics={'nDCG@10': 0.08868810534477234, 'Recall@10': 0.12429282069206238, 'EPC@10': 0.037225279957056046, 'Gini@10': 0.9448619484901428, 'best_nDCG@10': 0.08868810534477234, 'loss': 0.0364699549973011, 'ram_peak_mb': 5147.24609375, 'vram_peak_mb': 671.07861328125, 'epoch': 70, 'step': 11786}, validation_spec=None)
[36m(RayTrainWorker pid=785207)[0m Checkpoint successfully created at: Checkpoint(filesystem=local, path=/home/vincenzo/warprec/experiment/haltgrand/lastfm_emotion_gemini/lastfm_emotion_gemini/ray_results/ray_train_trial_id=30675_00000/checkpoint_2026-07-30_09-22-06.780864)
[36m(RayTrainWorker pid=785207)[0m Reporting training result 72: TrainingReport(checkpoint=Checkpoint(filesystem=local, path=/home/vincenzo/warprec/experiment/haltgrand/lastfm_emotion_gemini/lastfm_emotion_gemini/ray_results/ray_train_trial_id=30675_00000/checkpoint_2026-07-30_09-22-06.780864), metrics={'nDCG@10': 0.08937512338161469, 'Recall@10': 0.12535899877548218, 'EPC@10': 0.03750322386622429, 'Gini@10': 0.9439083933830261, 'best_nDCG@10': 0.08937512338161469, 'loss': 0.035764552652835846, 'ram_peak_mb': 5147.2578125, 'vram_peak_mb': 671.07861328125, 'epoch': 71, 'step': 11952}, validation_spec=None)
[36m(RayTrainWorker pid=785207)[0m Checkpoint successfully created at: Checkpoint(filesystem=local, path=/home/vincenzo/warprec/experiment/haltgrand/lastfm_emotion_gemini/lastfm_emotion_gemini/ray_results/ray_train_trial_id=30675_00000/checkpoint_2026-07-30_09-22-17.371468)
[36m(RayTrainWorker pid=785207)[0m Reporting training result 73: TrainingReport(checkpoint=Checkpoint(filesystem=local, path=/home/vincenzo/warprec/experiment/haltgrand/lastfm_emotion_gemini/lastfm_emotion_gemini/ray_results/ray_train_trial_id=30675_00000/checkpoint_2026-07-30_09-22-17.371468), metrics={'nDCG@10': 0.08983027189970016, 'Recall@10': 0.12624317407608032, 'EPC@10': 0.03770313039422035, 'Gini@10': 0.9429851770401001, 'best_nDCG@10': 0.08983027189970016, 'loss': 0.03511163964867592, 'ram_peak_mb': 5147.29296875, 'vram_peak_mb': 671.07861328125, 'epoch': 72, 'step': 12118}, validation_spec=None)
[36m(RayTrainWorker pid=785207)[0m Checkpoint successfully created at: Checkpoint(filesystem=local, path=/home/vincenzo/warprec/experiment/haltgrand/lastfm_emotion_gemini/lastfm_emotion_gemini/ray_results/ray_train_trial_id=30675_00000/checkpoint_2026-07-30_09-22-28.364717)
[36m(RayTrainWorker pid=785207)[0m Reporting training result 74: TrainingReport(checkpoint=Checkpoint(filesystem=local, path=/home/vincenzo/warprec/experiment/haltgrand/lastfm_emotion_gemini/lastfm_emotion_gemini/ray_results/ray_train_trial_id=30675_00000/checkpoint_2026-07-30_09-22-28.364717), metrics={'nDCG@10': 0.09061417728662491, 'Recall@10': 0.12726949155330658, 'EPC@10': 0.03801299259066582, 'Gini@10': 0.9420212507247925, 'best_nDCG@10': 0.09061417728662491, 'loss': 0.03470106050372124, 'ram_peak_mb': 5147.328125, 'vram_peak_mb': 671.07861328125, 'epoch': 73, 'step': 12284}, validation_spec=None)
[36m(RayTrainWorker pid=785207)[0m Checkpoint successfully created at: Checkpoint(filesystem=local, path=/home/vincenzo/warprec/experiment/haltgrand/lastfm_emotion_gemini/lastfm_emotion_gemini/ray_results/ray_train_trial_id=30675_00000/checkpoint_2026-07-30_09-22-39.780048)
[36m(RayTrainWorker pid=785207)[0m Reporting training result 75: TrainingReport(checkpoint=Checkpoint(filesystem=local, path=/home/vincenzo/warprec/experiment/haltgrand/lastfm_emotion_gemini/lastfm_emotion_gemini/ray_results/ray_train_trial_id=30675_00000/checkpoint_2026-07-30_09-22-39.780048), metrics={'nDCG@10': 0.09127849340438843, 'Recall@10': 0.1280972808599472, 'EPC@10': 0.03830253705382347, 'Gini@10': 0.9410437941551208, 'best_nDCG@10': 0.09127849340438843, 'loss': 0.034230295568704605, 'ram_peak_mb': 5148.3046875, 'vram_peak_mb': 671.07861328125, 'epoch': 74, 'step': 12450}, validation_spec=None)
[36m(RayTrainWorker pid=785207)[0m Checkpoint successfully created at: Checkpoint(filesystem=local, path=/home/vincenzo/warprec/experiment/haltgrand/lastfm_emotion_gemini/lastfm_emotion_gemini/ray_results/ray_train_trial_id=30675_00000/checkpoint_2026-07-30_09-22-50.532498)
[36m(RayTrainWorker pid=785207)[0m Reporting training result 76: TrainingReport(checkpoint=Checkpoint(filesystem=local, path=/home/vincenzo/warprec/experiment/haltgrand/lastfm_emotion_gemini/lastfm_emotion_gemini/ray_results/ray_train_trial_id=30675_00000/checkpoint_2026-07-30_09-22-50.532498), metrics={'nDCG@10': 0.0918022096157074, 'Recall@10': 0.12876556813716888, 'EPC@10': 0.03851810842752457, 'Gini@10': 0.9402264356613159, 'best_nDCG@10': 0.0918022096157074, 'loss': 0.03355364874005318, 'ram_peak_mb': 5147.3125, 'vram_peak_mb': 671.07861328125, 'epoch': 75, 'step': 12616}, validation_spec=None)
[36m(RayTrainWorker pid=785207)[0m Checkpoint successfully created at: Checkpoint(filesystem=local, path=/home/vincenzo/warprec/experiment/haltgrand/lastfm_emotion_gemini/lastfm_emotion_gemini/ray_results/ray_train_trial_id=30675_00000/checkpoint_2026-07-30_09-23-01.173723)
[36m(RayTrainWorker pid=785207)[0m Reporting training result 77: TrainingReport(checkpoint=Checkpoint(filesystem=local, path=/home/vincenzo/warprec/experiment/haltgrand/lastfm_emotion_gemini/lastfm_emotion_gemini/ray_results/ray_train_trial_id=30675_00000/checkpoint_2026-07-30_09-23-01.173723), metrics={'nDCG@10': 0.09230004996061325, 'Recall@10': 0.12968312203884125, 'EPC@10': 0.0386958010494709, 'Gini@10': 0.9392557740211487, 'best_nDCG@10': 0.09230004996061325, 'loss': 0.033241111785173416, 'ram_peak_mb': 5147.328125, 'vram_peak_mb': 671.07861328125, 'epoch': 76, 'step': 12782}, validation_spec=None)
[36m(RayTrainWorker pid=785207)[0m Checkpoint successfully created at: Checkpoint(filesystem=local, path=/home/vincenzo/warprec/experiment/haltgrand/lastfm_emotion_gemini/lastfm_emotion_gemini/ray_results/ray_train_trial_id=30675_00000/checkpoint_2026-07-30_09-23-12.282603)
[36m(RayTrainWorker pid=785207)[0m Reporting training result 78: TrainingReport(checkpoint=Checkpoint(filesystem=local, path=/home/vincenzo/warprec/experiment/haltgrand/lastfm_emotion_gemini/lastfm_emotion_gemini/ray_results/ray_train_trial_id=30675_00000/checkpoint_2026-07-30_09-23-12.282603), metrics={'nDCG@10': 0.09293102473020554, 'Recall@10': 0.13024507462978363, 'EPC@10': 0.0389738567173481, 'Gini@10': 0.9382739663124084, 'best_nDCG@10': 0.09293102473020554, 'loss': 0.03330327942967415, 'ram_peak_mb': 5147.328125, 'vram_peak_mb': 671.07861328125, 'epoch': 77, 'step': 12948}, validation_spec=None)

╭───────────────────────────────────────────────────────────────────────────────────────────────────────────────────────────────────────────────────────────────────────────────────────────────────────────────╮
│ Trial name                  status       embedding_size     n_layers     reg_weight     batch_size     epochs     learning_rate     iter     total time (s)     nDCG@10     Recall@10      EPC@10     Gini@10 │
├───────────────────────────────────────────────────────────────────────────────────────────────────────────────────────────────────────────────────────────────────────────────────────────────────────────────┤
│ LightGCN_QuaintOchreGoose   RUNNING                  64            3         0.0001           4096        300             0.001       69            790.036   0.0873351      0.122702   0.0366728    0.946925 │
╰───────────────────────────────────────────────────────────────────────────────────────────────────────────────────────────────────────────────────────────────────────────────────────────────────────────────╯
Trial status: 1 RUNNING
Current time: 2026-07-30 09:22:13. Total running time: 14min 1s
Logical resource usage: 0.05/12 CPUs, 0/2 GPUs (0.0/1.0 accelerator_type:G)
Current best trial: 30675_00000 with nDCG@10=0.08937512338161469 and params={'embedding_size': 64, 'n_layers': 3, 'reg_weight': 0.0001, 'batch_size': 4096, 'epochs': 300, 'learning_rate': 0.001}
╭───────────────────────────────────────────────────────────────────────────────────────────────────────────────────────────────────────────────────────────────────────────────────────────────────────────────╮
│ Trial name                  status       embedding_size     n_layers     reg_weight     batch_size     epochs     learning_rate     iter     total time (s)     nDCG@10     Recall@10      EPC@10     Gini@10 │
├───────────────────────────────────────────────────────────────────────────────────────────────────────────────────────────────────────────────────────────────────────────────────────────────────────────────┤
│ LightGCN_QuaintOchreGoose   RUNNING                  64            3         0.0001           4096        300             0.001       72            824.317   0.0893751      0.125359   0.0375032    0.943908 │
╰───────────────────────────────────────────────────────────────────────────────────────────────────────────────────────────────────────────────────────────────────────────────────────────────────────────────╯
Trial status: 1 RUNNING
Current time: 2026-07-30 09:22:43. Total running time: 14min 31s
Logical resource usage: 0.05/12 CPUs, 0/2 GPUs (0.0/1.0 accelerator_type:G)
Current best trial: 30675_00000 with nDCG@10=0.09127849340438843 and params={'embedding_size': 64, 'n_layers': 3, 'reg_weight': 0.0001, 'batch_size': 4096, 'epochs': 300, 'learning_rate': 0.001}
╭───────────────────────────────────────────────────────────────────────────────────────────────────────────────────────────────────────────────────────────────────────────────────────────────────────────────╮
│ Trial name                  status       embedding_size     n_layers     reg_weight     batch_size     epochs     learning_rate     iter     total time (s)     nDCG@10     Recall@10      EPC@10     Gini@10 │
├───────────────────────────────────────────────────────────────────────────────────────────────────────────────────────────────────────────────────────────────────────────────────────────────────────────────┤
│ LightGCN_QuaintOchreGoose   RUNNING                  64            3         0.0001           4096        300             0.001       75            856.607   0.0912785      0.128097   0.0383025    0.941044 │
╰───────────────────────────────────────────────────────────────────────────────────────────────────────────────────────────────────────────────────────────────────────────────────────────────────────────────╯
Trial status: 1 RUNNING
Current time: 2026-07-30 09:23:13. Total running time: 15min 1s
Logical resource usage: 0.05/12 CPUs, 0/2 GPUs (0.0/1.0 accelerator_type:G)
Current best trial: 30675_00000 with nDCG@10=0.09293102473020554 and params={'embedding_size': 64, 'n_layers': 3, 'reg_weight': 0.0001, 'batch_size': 4096, 'epochs': 300, 'learning_rate': 0.001}
╭───────────────────────────────────────────────────────────────────────────────────────────────────────────────────────────────────────────────────────────────────────────────────────────────────────────────╮
│ Trial name                  status       embedding_size     n_layers     reg_weight     batch_size     epochs     learning_rate     iter     total time (s)     nDCG@10     Recall@10      EPC@10     Gini@10 │
├───────────────────────────────────────────────────────────────────────────────────────────────────────────────────────────────────────────────────────────────────────────────────────────────────────────────┤
│ LightGCN_QuaintOchreGoose   RUNNING                  64            3         0.0001           4096        300             0.001       78            889.063    0.092931      0.130245   0.0389739    0.938274 │
╰───────────────────────────────────────────────────────────────────────────────────────────────────────────────────────────────────────────────────────────────────────────────────────────────────────────────╯[36m(RayTrainWorker pid=785207)[0m Checkpoint successfully created at: Checkpoint(filesystem=local, path=/home/vincenzo/warprec/experiment/haltgrand/lastfm_emotion_gemini/lastfm_emotion_gemini/ray_results/ray_train_trial_id=30675_00000/checkpoint_2026-07-30_09-23-23.008822)
[36m(RayTrainWorker pid=785207)[0m Reporting training result 79: TrainingReport(checkpoint=Checkpoint(filesystem=local, path=/home/vincenzo/warprec/experiment/haltgrand/lastfm_emotion_gemini/lastfm_emotion_gemini/ray_results/ray_train_trial_id=30675_00000/checkpoint_2026-07-30_09-23-23.008822), metrics={'nDCG@10': 0.09351301938295364, 'Recall@10': 0.13120973110198975, 'EPC@10': 0.03920717537403107, 'Gini@10': 0.9371789693832397, 'best_nDCG@10': 0.09351301938295364, 'loss': 0.03254379332065582, 'ram_peak_mb': 5148.3359375, 'vram_peak_mb': 671.07861328125, 'epoch': 78, 'step': 13114}, validation_spec=None)
[36m(RayTrainWorker pid=785207)[0m Checkpoint successfully created at: Checkpoint(filesystem=local, path=/home/vincenzo/warprec/experiment/haltgrand/lastfm_emotion_gemini/lastfm_emotion_gemini/ray_results/ray_train_trial_id=30675_00000/checkpoint_2026-07-30_09-23-33.930785)
[36m(RayTrainWorker pid=785207)[0m Reporting training result 80: TrainingReport(checkpoint=Checkpoint(filesystem=local, path=/home/vincenzo/warprec/experiment/haltgrand/lastfm_emotion_gemini/lastfm_emotion_gemini/ray_results/ray_train_trial_id=30675_00000/checkpoint_2026-07-30_09-23-33.930785), metrics={'nDCG@10': 0.09392151981592178, 'Recall@10': 0.13163185119628906, 'EPC@10': 0.039364226162433624, 'Gini@10': 0.936187744140625, 'best_nDCG@10': 0.09392151981592178, 'loss': 0.03219679370522499, 'ram_peak_mb': 5147.34375, 'vram_peak_mb': 671.07861328125, 'epoch': 79, 'step': 13280}, validation_spec=None)
[36m(RayTrainWorker pid=785207)[0m Checkpoint successfully created at: Checkpoint(filesystem=local, path=/home/vincenzo/warprec/experiment/haltgrand/lastfm_emotion_gemini/lastfm_emotion_gemini/ray_results/ray_train_trial_id=30675_00000/checkpoint_2026-07-30_09-23-45.022072)
[36m(RayTrainWorker pid=785207)[0m Reporting training result 81: TrainingReport(checkpoint=Checkpoint(filesystem=local, path=/home/vincenzo/warprec/experiment/haltgrand/lastfm_emotion_gemini/lastfm_emotion_gemini/ray_results/ray_train_trial_id=30675_00000/checkpoint_2026-07-30_09-23-45.022072), metrics={'nDCG@10': 0.0945618525147438, 'Recall@10': 0.13240946829319, 'EPC@10': 0.039621032774448395, 'Gini@10': 0.9352325201034546, 'best_nDCG@10': 0.0945618525147438, 'loss': 0.03137924149632454, 'ram_peak_mb': 5147.3671875, 'vram_peak_mb': 671.07861328125, 'epoch': 80, 'step': 13446}, validation_spec=None)
[36m(RayTrainWorker pid=785207)[0m Checkpoint successfully created at: Checkpoint(filesystem=local, path=/home/vincenzo/warprec/experiment/haltgrand/lastfm_emotion_gemini/lastfm_emotion_gemini/ray_results/ray_train_trial_id=30675_00000/checkpoint_2026-07-30_09-23-57.062032)
[36m(RayTrainWorker pid=785207)[0m Reporting training result 82: TrainingReport(checkpoint=Checkpoint(filesystem=local, path=/home/vincenzo/warprec/experiment/haltgrand/lastfm_emotion_gemini/lastfm_emotion_gemini/ray_results/ray_train_trial_id=30675_00000/checkpoint_2026-07-30_09-23-57.062032), metrics={'nDCG@10': 0.09507495909929276, 'Recall@10': 0.13314540684223175, 'EPC@10': 0.03983181342482567, 'Gini@10': 0.9341831803321838, 'best_nDCG@10': 0.09507495909929276, 'loss': 0.03149225935339928, 'ram_peak_mb': 5147.375, 'vram_peak_mb': 671.07861328125, 'epoch': 81, 'step': 13612}, validation_spec=None)
[36m(RayTrainWorker pid=785207)[0m Checkpoint successfully created at: Checkpoint(filesystem=local, path=/home/vincenzo/warprec/experiment/haltgrand/lastfm_emotion_gemini/lastfm_emotion_gemini/ray_results/ray_train_trial_id=30675_00000/checkpoint_2026-07-30_09-24-08.645394)
[36m(RayTrainWorker pid=785207)[0m Reporting training result 83: TrainingReport(checkpoint=Checkpoint(filesystem=local, path=/home/vincenzo/warprec/experiment/haltgrand/lastfm_emotion_gemini/lastfm_emotion_gemini/ray_results/ray_train_trial_id=30675_00000/checkpoint_2026-07-30_09-24-08.645394), metrics={'nDCG@10': 0.0955481007695198, 'Recall@10': 0.13395731151103973, 'EPC@10': 0.04001590609550476, 'Gini@10': 0.933196485042572, 'best_nDCG@10': 0.0955481007695198, 'loss': 0.030833696946501732, 'ram_peak_mb': 5147.3984375, 'vram_peak_mb': 671.07861328125, 'epoch': 82, 'step': 13778}, validation_spec=None)
[36m(RayTrainWorker pid=785207)[0m Checkpoint successfully created at: Checkpoint(filesystem=local, path=/home/vincenzo/warprec/experiment/haltgrand/lastfm_emotion_gemini/lastfm_emotion_gemini/ray_results/ray_train_trial_id=30675_00000/checkpoint_2026-07-30_09-24-19.431128)
[36m(RayTrainWorker pid=785207)[0m Reporting training result 84: TrainingReport(checkpoint=Checkpoint(filesystem=local, path=/home/vincenzo/warprec/experiment/haltgrand/lastfm_emotion_gemini/lastfm_emotion_gemini/ray_results/ray_train_trial_id=30675_00000/checkpoint_2026-07-30_09-24-19.431128), metrics={'nDCG@10': 0.09589052945375443, 'Recall@10': 0.1344282627105713, 'EPC@10': 0.040139541029930115, 'Gini@10': 0.9321147203445435, 'best_nDCG@10': 0.09589052945375443, 'loss': 0.03063623234629631, 'ram_peak_mb': 5147.3984375, 'vram_peak_mb': 671.07861328125, 'epoch': 83, 'step': 13944}, validation_spec=None)
[36m(RayTrainWorker pid=785207)[0m Checkpoint successfully created at: Checkpoint(filesystem=local, path=/home/vincenzo/warprec/experiment/haltgrand/lastfm_emotion_gemini/lastfm_emotion_gemini/ray_results/ray_train_trial_id=30675_00000/checkpoint_2026-07-30_09-24-29.966788)
[36m(RayTrainWorker pid=785207)[0m Reporting training result 85: TrainingReport(checkpoint=Checkpoint(filesystem=local, path=/home/vincenzo/warprec/experiment/haltgrand/lastfm_emotion_gemini/lastfm_emotion_gemini/ray_results/ray_train_trial_id=30675_00000/checkpoint_2026-07-30_09-24-29.966788), metrics={'nDCG@10': 0.09643420577049255, 'Recall@10': 0.13510651886463165, 'EPC@10': 0.04036343842744827, 'Gini@10': 0.9310892224311829, 'best_nDCG@10': 0.09643420577049255, 'loss': 0.030046936124563217, 'ram_peak_mb': 5147.44140625, 'vram_peak_mb': 671.07861328125, 'epoch': 84, 'step': 14110}, validation_spec=None)
[36m(RayTrainWorker pid=785207)[0m Checkpoint successfully created at: Checkpoint(filesystem=local, path=/home/vincenzo/warprec/experiment/haltgrand/lastfm_emotion_gemini/lastfm_emotion_gemini/ray_results/ray_train_trial_id=30675_00000/checkpoint_2026-07-30_09-24-41.921594)
[36m(RayTrainWorker pid=785207)[0m Reporting training result 86: TrainingReport(checkpoint=Checkpoint(filesystem=local, path=/home/vincenzo/warprec/experiment/haltgrand/lastfm_emotion_gemini/lastfm_emotion_gemini/ray_results/ray_train_trial_id=30675_00000/checkpoint_2026-07-30_09-24-41.921594), metrics={'nDCG@10': 0.09703383594751358, 'Recall@10': 0.13589222729206085, 'EPC@10': 0.04060964286327362, 'Gini@10': 0.9301259517669678, 'best_nDCG@10': 0.09703383594751358, 'loss': 0.02966291829943657, 'ram_peak_mb': 5147.44921875, 'vram_peak_mb': 671.07861328125, 'epoch': 85, 'step': 14276}, validation_spec=None)
[36m(RayTrainWorker pid=785207)[0m Checkpoint successfully created at: Checkpoint(filesystem=local, path=/home/vincenzo/warprec/experiment/haltgrand/lastfm_emotion_gemini/lastfm_emotion_gemini/ray_results/ray_train_trial_id=30675_00000/checkpoint_2026-07-30_09-24-53.010374)
[36m(RayTrainWorker pid=785207)[0m Reporting training result 87: TrainingReport(checkpoint=Checkpoint(filesystem=local, path=/home/vincenzo/warprec/experiment/haltgrand/lastfm_emotion_gemini/lastfm_emotion_gemini/ray_results/ray_train_trial_id=30675_00000/checkpoint_2026-07-30_09-24-53.010374), metrics={'nDCG@10': 0.0975269228219986, 'Recall@10': 0.1366754025220871, 'EPC@10': 0.040798619389534, 'Gini@10': 0.9291400909423828, 'best_nDCG@10': 0.0975269228219986, 'loss': 0.02940407581627369, 'ram_peak_mb': 5148.46484375, 'vram_peak_mb': 671.07861328125, 'epoch': 86, 'step': 14442}, validation_spec=None)
[36m(RayTrainWorker pid=785207)[0m Checkpoint successfully created at: Checkpoint(filesystem=local, path=/home/vincenzo/warprec/experiment/haltgrand/lastfm_emotion_gemini/lastfm_emotion_gemini/ray_results/ray_train_trial_id=30675_00000/checkpoint_2026-07-30_09-25-03.959678)
[36m(RayTrainWorker pid=785207)[0m Reporting training result 88: TrainingReport(checkpoint=Checkpoint(filesystem=local, path=/home/vincenzo/warprec/experiment/haltgrand/lastfm_emotion_gemini/lastfm_emotion_gemini/ray_results/ray_train_trial_id=30675_00000/checkpoint_2026-07-30_09-25-03.959678), metrics={'nDCG@10': 0.09809885174036026, 'Recall@10': 0.1374988555908203, 'EPC@10': 0.04100468382239342, 'Gini@10': 0.9282179474830627, 'best_nDCG@10': 0.09809885174036026, 'loss': 0.029099708423018456, 'ram_peak_mb': 5147.49609375, 'vram_peak_mb': 671.07861328125, 'epoch': 87, 'step': 14608}, validation_spec=None)

Trial status: 1 RUNNING
Current time: 2026-07-30 09:23:43. Total running time: 15min 31s
Logical resource usage: 0.05/12 CPUs, 0/2 GPUs (0.0/1.0 accelerator_type:G)
Current best trial: 30675_00000 with nDCG@10=0.09392151981592178 and params={'embedding_size': 64, 'n_layers': 3, 'reg_weight': 0.0001, 'batch_size': 4096, 'epochs': 300, 'learning_rate': 0.001}
╭───────────────────────────────────────────────────────────────────────────────────────────────────────────────────────────────────────────────────────────────────────────────────────────────────────────────╮
│ Trial name                  status       embedding_size     n_layers     reg_weight     batch_size     epochs     learning_rate     iter     total time (s)     nDCG@10     Recall@10      EPC@10     Gini@10 │
├───────────────────────────────────────────────────────────────────────────────────────────────────────────────────────────────────────────────────────────────────────────────────────────────────────────────┤
│ LightGCN_QuaintOchreGoose   RUNNING                  64            3         0.0001           4096        300             0.001       80            911.077   0.0939215      0.131632   0.0393642    0.936188 │
╰───────────────────────────────────────────────────────────────────────────────────────────────────────────────────────────────────────────────────────────────────────────────────────────────────────────────╯
Trial status: 1 RUNNING
Current time: 2026-07-30 09:24:13. Total running time: 16min 2s
Logical resource usage: 0.05/12 CPUs, 0/2 GPUs (0.0/1.0 accelerator_type:G)
Current best trial: 30675_00000 with nDCG@10=0.0955481007695198 and params={'embedding_size': 64, 'n_layers': 3, 'reg_weight': 0.0001, 'batch_size': 4096, 'epochs': 300, 'learning_rate': 0.001}
╭───────────────────────────────────────────────────────────────────────────────────────────────────────────────────────────────────────────────────────────────────────────────────────────────────────────────╮
│ Trial name                  status       embedding_size     n_layers     reg_weight     batch_size     epochs     learning_rate     iter     total time (s)     nDCG@10     Recall@10      EPC@10     Gini@10 │
├───────────────────────────────────────────────────────────────────────────────────────────────────────────────────────────────────────────────────────────────────────────────────────────────────────────────┤
│ LightGCN_QuaintOchreGoose   RUNNING                  64            3         0.0001           4096        300             0.001       83            945.364   0.0955481      0.133957   0.0400159    0.933196 │
╰───────────────────────────────────────────────────────────────────────────────────────────────────────────────────────────────────────────────────────────────────────────────────────────────────────────────╯
Trial status: 1 RUNNING
Current time: 2026-07-30 09:24:43. Total running time: 16min 32s
Logical resource usage: 0.05/12 CPUs, 0/2 GPUs (0.0/1.0 accelerator_type:G)
Current best trial: 30675_00000 with nDCG@10=0.09703383594751358 and params={'embedding_size': 64, 'n_layers': 3, 'reg_weight': 0.0001, 'batch_size': 4096, 'epochs': 300, 'learning_rate': 0.001}
╭───────────────────────────────────────────────────────────────────────────────────────────────────────────────────────────────────────────────────────────────────────────────────────────────────────────────╮
│ Trial name                  status       embedding_size     n_layers     reg_weight     batch_size     epochs     learning_rate     iter     total time (s)     nDCG@10     Recall@10      EPC@10     Gini@10 │
├───────────────────────────────────────────────────────────────────────────────────────────────────────────────────────────────────────────────────────────────────────────────────────────────────────────────┤
│ LightGCN_QuaintOchreGoose   RUNNING                  64            3         0.0001           4096        300             0.001       86             977.85   0.0970338      0.135892   0.0406096    0.930126 │
╰───────────────────────────────────────────────────────────────────────────────────────────────────────────────────────────────────────────────────────────────────────────────────────────────────────────────╯
Trial status: 1 RUNNING
Current time: 2026-07-30 09:25:13. Total running time: 17min 2s
Logical resource usage: 0.05/12 CPUs, 0/2 GPUs (0.0/1.0 accelerator_type:G)
Current best trial: 30675_00000 with nDCG@10=0.09809885174036026 and params={'embedding_size': 64, 'n_layers': 3, 'reg_weight': 0.0001, 'batch_size': 4096, 'epochs': 300, 'learning_rate': 0.001}[36m(RayTrainWorker pid=785207)[0m Checkpoint successfully created at: Checkpoint(filesystem=local, path=/home/vincenzo/warprec/experiment/haltgrand/lastfm_emotion_gemini/lastfm_emotion_gemini/ray_results/ray_train_trial_id=30675_00000/checkpoint_2026-07-30_09-25-15.412700)
[36m(RayTrainWorker pid=785207)[0m Reporting training result 89: TrainingReport(checkpoint=Checkpoint(filesystem=local, path=/home/vincenzo/warprec/experiment/haltgrand/lastfm_emotion_gemini/lastfm_emotion_gemini/ray_results/ray_train_trial_id=30675_00000/checkpoint_2026-07-30_09-25-15.412700), metrics={'nDCG@10': 0.09883272647857666, 'Recall@10': 0.13867199420928955, 'EPC@10': 0.04131468012928963, 'Gini@10': 0.9272779822349548, 'best_nDCG@10': 0.09883272647857666, 'loss': 0.028607802465558052, 'ram_peak_mb': 5147.53515625, 'vram_peak_mb': 671.07861328125, 'epoch': 88, 'step': 14774}, validation_spec=None)
[36m(RayTrainWorker pid=785207)[0m Checkpoint successfully created at: Checkpoint(filesystem=local, path=/home/vincenzo/warprec/experiment/haltgrand/lastfm_emotion_gemini/lastfm_emotion_gemini/ray_results/ray_train_trial_id=30675_00000/checkpoint_2026-07-30_09-25-27.033146)
[36m(RayTrainWorker pid=785207)[0m Reporting training result 90: TrainingReport(checkpoint=Checkpoint(filesystem=local, path=/home/vincenzo/warprec/experiment/haltgrand/lastfm_emotion_gemini/lastfm_emotion_gemini/ray_results/ray_train_trial_id=30675_00000/checkpoint_2026-07-30_09-25-27.033146), metrics={'nDCG@10': 0.0991603434085846, 'Recall@10': 0.1390666961669922, 'EPC@10': 0.041440803557634354, 'Gini@10': 0.9263178110122681, 'best_nDCG@10': 0.0991603434085846, 'loss': 0.02852969989180565, 'ram_peak_mb': 5147.5390625, 'vram_peak_mb': 671.07861328125, 'epoch': 89, 'step': 14940}, validation_spec=None)
[36m(RayTrainWorker pid=785207)[0m Checkpoint successfully created at: Checkpoint(filesystem=local, path=/home/vincenzo/warprec/experiment/haltgrand/lastfm_emotion_gemini/lastfm_emotion_gemini/ray_results/ray_train_trial_id=30675_00000/checkpoint_2026-07-30_09-25-37.865274)
[36m(RayTrainWorker pid=785207)[0m Reporting training result 91: TrainingReport(checkpoint=Checkpoint(filesystem=local, path=/home/vincenzo/warprec/experiment/haltgrand/lastfm_emotion_gemini/lastfm_emotion_gemini/ray_results/ray_train_trial_id=30675_00000/checkpoint_2026-07-30_09-25-37.865274), metrics={'nDCG@10': 0.09999319165945053, 'Recall@10': 0.14028015732765198, 'EPC@10': 0.04181608930230141, 'Gini@10': 0.9252843856811523, 'best_nDCG@10': 0.09999319165945053, 'loss': 0.028177788481116295, 'ram_peak_mb': 5147.5625, 'vram_peak_mb': 671.07861328125, 'epoch': 90, 'step': 15106}, validation_spec=None)
[36m(RayTrainWorker pid=785207)[0m Checkpoint successfully created at: Checkpoint(filesystem=local, path=/home/vincenzo/warprec/experiment/haltgrand/lastfm_emotion_gemini/lastfm_emotion_gemini/ray_results/ray_train_trial_id=30675_00000/checkpoint_2026-07-30_09-25-49.147469)
[36m(RayTrainWorker pid=785207)[0m Reporting training result 92: TrainingReport(checkpoint=Checkpoint(filesystem=local, path=/home/vincenzo/warprec/experiment/haltgrand/lastfm_emotion_gemini/lastfm_emotion_gemini/ray_results/ray_train_trial_id=30675_00000/checkpoint_2026-07-30_09-25-49.147469), metrics={'nDCG@10': 0.10039708018302917, 'Recall@10': 0.14061877131462097, 'EPC@10': 0.04198698326945305, 'Gini@10': 0.9241546392440796, 'best_nDCG@10': 0.10039708018302917, 'loss': 0.02786736749112606, 'ram_peak_mb': 5147.6171875, 'vram_peak_mb': 671.07861328125, 'epoch': 91, 'step': 15272}, validation_spec=None)
[36m(RayTrainWorker pid=785207)[0m Checkpoint successfully created at: Checkpoint(filesystem=local, path=/home/vincenzo/warprec/experiment/haltgrand/lastfm_emotion_gemini/lastfm_emotion_gemini/ray_results/ray_train_trial_id=30675_00000/checkpoint_2026-07-30_09-26-00.045303)
[36m(RayTrainWorker pid=785207)[0m Reporting training result 93: TrainingReport(checkpoint=Checkpoint(filesystem=local, path=/home/vincenzo/warprec/experiment/haltgrand/lastfm_emotion_gemini/lastfm_emotion_gemini/ray_results/ray_train_trial_id=30675_00000/checkpoint_2026-07-30_09-26-00.045303), metrics={'nDCG@10': 0.10072389990091324, 'Recall@10': 0.14104606211185455, 'EPC@10': 0.04211847484111786, 'Gini@10': 0.9233551025390625, 'best_nDCG@10': 0.10072389990091324, 'loss': 0.027447370812296867, 'ram_peak_mb': 5148.640625, 'vram_peak_mb': 671.07861328125, 'epoch': 92, 'step': 15438}, validation_spec=None)
[36m(RayTrainWorker pid=785207)[0m Checkpoint successfully created at: Checkpoint(filesystem=local, path=/home/vincenzo/warprec/experiment/haltgrand/lastfm_emotion_gemini/lastfm_emotion_gemini/ray_results/ray_train_trial_id=30675_00000/checkpoint_2026-07-30_09-26-11.643247)
[36m(RayTrainWorker pid=785207)[0m Reporting training result 94: TrainingReport(checkpoint=Checkpoint(filesystem=local, path=/home/vincenzo/warprec/experiment/haltgrand/lastfm_emotion_gemini/lastfm_emotion_gemini/ray_results/ray_train_trial_id=30675_00000/checkpoint_2026-07-30_09-26-11.643247), metrics={'nDCG@10': 0.10117921233177185, 'Recall@10': 0.14172382652759552, 'EPC@10': 0.042310528457164764, 'Gini@10': 0.922419011592865, 'best_nDCG@10': 0.10117921233177185, 'loss': 0.027357883751392365, 'ram_peak_mb': 5147.66015625, 'vram_peak_mb': 671.07861328125, 'epoch': 93, 'step': 15604}, validation_spec=None)
[36m(RayTrainWorker pid=785207)[0m Checkpoint successfully created at: Checkpoint(filesystem=local, path=/home/vincenzo/warprec/experiment/haltgrand/lastfm_emotion_gemini/lastfm_emotion_gemini/ray_results/ray_train_trial_id=30675_00000/checkpoint_2026-07-30_09-26-22.874430)
[36m(RayTrainWorker pid=785207)[0m Reporting training result 95: TrainingReport(checkpoint=Checkpoint(filesystem=local, path=/home/vincenzo/warprec/experiment/haltgrand/lastfm_emotion_gemini/lastfm_emotion_gemini/ray_results/ray_train_trial_id=30675_00000/checkpoint_2026-07-30_09-26-22.874430), metrics={'nDCG@10': 0.10179895907640457, 'Recall@10': 0.14267493784427643, 'EPC@10': 0.04253123700618744, 'Gini@10': 0.9213727116584778, 'best_nDCG@10': 0.10179895907640457, 'loss': 0.02702644281089306, 'ram_peak_mb': 5148.6484375, 'vram_peak_mb': 671.07861328125, 'epoch': 94, 'step': 15770}, validation_spec=None)
[36m(RayTrainWorker pid=785207)[0m Checkpoint successfully created at: Checkpoint(filesystem=local, path=/home/vincenzo/warprec/experiment/haltgrand/lastfm_emotion_gemini/lastfm_emotion_gemini/ray_results/ray_train_trial_id=30675_00000/checkpoint_2026-07-30_09-26-33.824520)
[36m(RayTrainWorker pid=785207)[0m Reporting training result 96: TrainingReport(checkpoint=Checkpoint(filesystem=local, path=/home/vincenzo/warprec/experiment/haltgrand/lastfm_emotion_gemini/lastfm_emotion_gemini/ray_results/ray_train_trial_id=30675_00000/checkpoint_2026-07-30_09-26-33.824520), metrics={'nDCG@10': 0.10218123346567154, 'Recall@10': 0.14319968223571777, 'EPC@10': 0.04268347844481468, 'Gini@10': 0.9205433130264282, 'best_nDCG@10': 0.10218123346567154, 'loss': 0.026871316134929657, 'ram_peak_mb': 5147.7109375, 'vram_peak_mb': 671.07861328125, 'epoch': 95, 'step': 15936}, validation_spec=None)

╭───────────────────────────────────────────────────────────────────────────────────────────────────────────────────────────────────────────────────────────────────────────────────────────────────────────────╮
│ Trial name                  status       embedding_size     n_layers     reg_weight     batch_size     epochs     learning_rate     iter     total time (s)     nDCG@10     Recall@10      EPC@10     Gini@10 │
├───────────────────────────────────────────────────────────────────────────────────────────────────────────────────────────────────────────────────────────────────────────────────────────────────────────────┤
│ LightGCN_QuaintOchreGoose   RUNNING                  64            3         0.0001           4096        300             0.001       88            1000.04   0.0980989      0.137499   0.0410047    0.928218 │
╰───────────────────────────────────────────────────────────────────────────────────────────────────────────────────────────────────────────────────────────────────────────────────────────────────────────────╯
Trial status: 1 RUNNING
Current time: 2026-07-30 09:25:43. Total running time: 17min 32s
Logical resource usage: 0.05/12 CPUs, 0/2 GPUs (0.0/1.0 accelerator_type:G)
Current best trial: 30675_00000 with nDCG@10=0.09999319165945053 and params={'embedding_size': 64, 'n_layers': 3, 'reg_weight': 0.0001, 'batch_size': 4096, 'epochs': 300, 'learning_rate': 0.001}
╭───────────────────────────────────────────────────────────────────────────────────────────────────────────────────────────────────────────────────────────────────────────────────────────────────────────────╮
│ Trial name                  status       embedding_size     n_layers     reg_weight     batch_size     epochs     learning_rate     iter     total time (s)     nDCG@10     Recall@10      EPC@10     Gini@10 │
├───────────────────────────────────────────────────────────────────────────────────────────────────────────────────────────────────────────────────────────────────────────────────────────────────────────────┤
│ LightGCN_QuaintOchreGoose   RUNNING                  64            3         0.0001           4096        300             0.001       91            1034.33   0.0999932       0.14028   0.0418161    0.925284 │
╰───────────────────────────────────────────────────────────────────────────────────────────────────────────────────────────────────────────────────────────────────────────────────────────────────────────────╯
Trial status: 1 RUNNING
Current time: 2026-07-30 09:26:13. Total running time: 18min 2s
Logical resource usage: 0.05/12 CPUs, 0/2 GPUs (0.0/1.0 accelerator_type:G)
Current best trial: 30675_00000 with nDCG@10=0.10117921233177185 and params={'embedding_size': 64, 'n_layers': 3, 'reg_weight': 0.0001, 'batch_size': 4096, 'epochs': 300, 'learning_rate': 0.001}
╭───────────────────────────────────────────────────────────────────────────────────────────────────────────────────────────────────────────────────────────────────────────────────────────────────────────────╮
│ Trial name                  status       embedding_size     n_layers     reg_weight     batch_size     epochs     learning_rate     iter     total time (s)     nDCG@10     Recall@10      EPC@10     Gini@10 │
├───────────────────────────────────────────────────────────────────────────────────────────────────────────────────────────────────────────────────────────────────────────────────────────────────────────────┤
│ LightGCN_QuaintOchreGoose   RUNNING                  64            3         0.0001           4096        300             0.001       94            1068.47    0.101179      0.141724   0.0423105    0.922419 │
╰───────────────────────────────────────────────────────────────────────────────────────────────────────────────────────────────────────────────────────────────────────────────────────────────────────────────╯
Trial status: 1 RUNNING
Current time: 2026-07-30 09:26:43. Total running time: 18min 32s
Logical resource usage: 0.05/12 CPUs, 0/2 GPUs (0.0/1.0 accelerator_type:G)
Current best trial: 30675_00000 with nDCG@10=0.10218123346567154 and params={'embedding_size': 64, 'n_layers': 3, 'reg_weight': 0.0001, 'batch_size': 4096, 'epochs': 300, 'learning_rate': 0.001}
╭───────────────────────────────────────────────────────────────────────────────────────────────────────────────────────────────────────────────────────────────────────────────────────────────────────────────╮
│ Trial name                  status       embedding_size     n_layers     reg_weight     batch_size     epochs     learning_rate     iter     total time (s)     nDCG@10     Recall@10      EPC@10     Gini@10 │
├───────────────────────────────────────────────────────────────────────────────────────────────────────────────────────────────────────────────────────────────────────────────────────────────────────────────┤
│ LightGCN_QuaintOchreGoose   RUNNING                  64            3         0.0001           4096        300             0.001       96             1090.7    0.102181        0.1432   0.0426835    0.920543 │
╰───────────────────────────────────────────────────────────────────────────────────────────────────────────────────────────────────────────────────────────────────────────────────────────────────────────────╯[36m(RayTrainWorker pid=785207)[0m Checkpoint successfully created at: Checkpoint(filesystem=local, path=/home/vincenzo/warprec/experiment/haltgrand/lastfm_emotion_gemini/lastfm_emotion_gemini/ray_results/ray_train_trial_id=30675_00000/checkpoint_2026-07-30_09-26-44.303074)
[36m(RayTrainWorker pid=785207)[0m Reporting training result 97: TrainingReport(checkpoint=Checkpoint(filesystem=local, path=/home/vincenzo/warprec/experiment/haltgrand/lastfm_emotion_gemini/lastfm_emotion_gemini/ray_results/ray_train_trial_id=30675_00000/checkpoint_2026-07-30_09-26-44.303074), metrics={'nDCG@10': 0.10251782089471817, 'Recall@10': 0.14373987913131714, 'EPC@10': 0.04282134026288986, 'Gini@10': 0.9195830225944519, 'best_nDCG@10': 0.10251782089471817, 'loss': 0.026252511888742447, 'ram_peak_mb': 5147.734375, 'vram_peak_mb': 671.07861328125, 'epoch': 96, 'step': 16102}, validation_spec=None)
[36m(RayTrainWorker pid=785207)[0m Checkpoint successfully created at: Checkpoint(filesystem=local, path=/home/vincenzo/warprec/experiment/haltgrand/lastfm_emotion_gemini/lastfm_emotion_gemini/ray_results/ray_train_trial_id=30675_00000/checkpoint_2026-07-30_09-26-56.003819)
[36m(RayTrainWorker pid=785207)[0m Reporting training result 98: TrainingReport(checkpoint=Checkpoint(filesystem=local, path=/home/vincenzo/warprec/experiment/haltgrand/lastfm_emotion_gemini/lastfm_emotion_gemini/ray_results/ray_train_trial_id=30675_00000/checkpoint_2026-07-30_09-26-56.003819), metrics={'nDCG@10': 0.1029050275683403, 'Recall@10': 0.14433051645755768, 'EPC@10': 0.042996905744075775, 'Gini@10': 0.9186916947364807, 'best_nDCG@10': 0.1029050275683403, 'loss': 0.026120688766241074, 'ram_peak_mb': 5147.73046875, 'vram_peak_mb': 671.07861328125, 'epoch': 97, 'step': 16268}, validation_spec=None)
[36m(RayTrainWorker pid=785207)[0m Checkpoint successfully created at: Checkpoint(filesystem=local, path=/home/vincenzo/warprec/experiment/haltgrand/lastfm_emotion_gemini/lastfm_emotion_gemini/ray_results/ray_train_trial_id=30675_00000/checkpoint_2026-07-30_09-27-07.248178)
[36m(RayTrainWorker pid=785207)[0m Reporting training result 99: TrainingReport(checkpoint=Checkpoint(filesystem=local, path=/home/vincenzo/warprec/experiment/haltgrand/lastfm_emotion_gemini/lastfm_emotion_gemini/ray_results/ray_train_trial_id=30675_00000/checkpoint_2026-07-30_09-27-07.248178), metrics={'nDCG@10': 0.10330630838871002, 'Recall@10': 0.1447829306125641, 'EPC@10': 0.04316222667694092, 'Gini@10': 0.917694628238678, 'best_nDCG@10': 0.10330630838871002, 'loss': 0.02604849264025688, 'ram_peak_mb': 5147.76953125, 'vram_peak_mb': 671.07861328125, 'epoch': 98, 'step': 16434}, validation_spec=None)
[36m(RayTrainWorker pid=785207)[0m Checkpoint successfully created at: Checkpoint(filesystem=local, path=/home/vincenzo/warprec/experiment/haltgrand/lastfm_emotion_gemini/lastfm_emotion_gemini/ray_results/ray_train_trial_id=30675_00000/checkpoint_2026-07-30_09-27-17.720620)
[36m(RayTrainWorker pid=785207)[0m Reporting training result 100: TrainingReport(checkpoint=Checkpoint(filesystem=local, path=/home/vincenzo/warprec/experiment/haltgrand/lastfm_emotion_gemini/lastfm_emotion_gemini/ray_results/ray_train_trial_id=30675_00000/checkpoint_2026-07-30_09-27-17.720620), metrics={'nDCG@10': 0.1036367416381836, 'Recall@10': 0.14493140578269958, 'EPC@10': 0.04327479004859924, 'Gini@10': 0.9167948365211487, 'best_nDCG@10': 0.1036367416381836, 'loss': 0.0253459382802248, 'ram_peak_mb': 5148.76953125, 'vram_peak_mb': 671.07861328125, 'epoch': 99, 'step': 16600}, validation_spec=None)
[36m(RayTrainWorker pid=785207)[0m Checkpoint successfully created at: Checkpoint(filesystem=local, path=/home/vincenzo/warprec/experiment/haltgrand/lastfm_emotion_gemini/lastfm_emotion_gemini/ray_results/ray_train_trial_id=30675_00000/checkpoint_2026-07-30_09-27-29.529727)
[36m(RayTrainWorker pid=785207)[0m Reporting training result 101: TrainingReport(checkpoint=Checkpoint(filesystem=local, path=/home/vincenzo/warprec/experiment/haltgrand/lastfm_emotion_gemini/lastfm_emotion_gemini/ray_results/ray_train_trial_id=30675_00000/checkpoint_2026-07-30_09-27-29.529727), metrics={'nDCG@10': 0.10420992225408554, 'Recall@10': 0.14590011537075043, 'EPC@10': 0.043495725840330124, 'Gini@10': 0.9158486723899841, 'best_nDCG@10': 0.10420992225408554, 'loss': 0.025665825232863426, 'ram_peak_mb': 5147.81640625, 'vram_peak_mb': 671.07861328125, 'epoch': 100, 'step': 16766}, validation_spec=None)
[36m(RayTrainWorker pid=785207)[0m Checkpoint successfully created at: Checkpoint(filesystem=local, path=/home/vincenzo/warprec/experiment/haltgrand/lastfm_emotion_gemini/lastfm_emotion_gemini/ray_results/ray_train_trial_id=30675_00000/checkpoint_2026-07-30_09-27-40.812454)
[36m(RayTrainWorker pid=785207)[0m Reporting training result 102: TrainingReport(checkpoint=Checkpoint(filesystem=local, path=/home/vincenzo/warprec/experiment/haltgrand/lastfm_emotion_gemini/lastfm_emotion_gemini/ray_results/ray_train_trial_id=30675_00000/checkpoint_2026-07-30_09-27-40.812454), metrics={'nDCG@10': 0.10458382219076157, 'Recall@10': 0.14658226072788239, 'EPC@10': 0.043630924075841904, 'Gini@10': 0.9150562286376953, 'best_nDCG@10': 0.10458382219076157, 'loss': 0.02545349858701229, 'ram_peak_mb': 5148.81640625, 'vram_peak_mb': 671.07861328125, 'epoch': 101, 'step': 16932}, validation_spec=None)
[36m(RayTrainWorker pid=785207)[0m Checkpoint successfully created at: Checkpoint(filesystem=local, path=/home/vincenzo/warprec/experiment/haltgrand/lastfm_emotion_gemini/lastfm_emotion_gemini/ray_results/ray_train_trial_id=30675_00000/checkpoint_2026-07-30_09-27-51.677562)
[36m(RayTrainWorker pid=785207)[0m Reporting training result 103: TrainingReport(checkpoint=Checkpoint(filesystem=local, path=/home/vincenzo/warprec/experiment/haltgrand/lastfm_emotion_gemini/lastfm_emotion_gemini/ray_results/ray_train_trial_id=30675_00000/checkpoint_2026-07-30_09-27-51.677562), metrics={'nDCG@10': 0.10482548177242279, 'Recall@10': 0.1466766893863678, 'EPC@10': 0.043737705796957016, 'Gini@10': 0.9140233993530273, 'best_nDCG@10': 0.10482548177242279, 'loss': 0.025061005726456642, 'ram_peak_mb': 5147.83203125, 'vram_peak_mb': 671.07861328125, 'epoch': 102, 'step': 17098}, validation_spec=None)
[36m(RayTrainWorker pid=785207)[0m Checkpoint successfully created at: Checkpoint(filesystem=local, path=/home/vincenzo/warprec/experiment/haltgrand/lastfm_emotion_gemini/lastfm_emotion_gemini/ray_results/ray_train_trial_id=30675_00000/checkpoint_2026-07-30_09-28-02.831688)
[36m(RayTrainWorker pid=785207)[0m Reporting training result 104: TrainingReport(checkpoint=Checkpoint(filesystem=local, path=/home/vincenzo/warprec/experiment/haltgrand/lastfm_emotion_gemini/lastfm_emotion_gemini/ray_results/ray_train_trial_id=30675_00000/checkpoint_2026-07-30_09-28-02.831688), metrics={'nDCG@10': 0.10545840859413147, 'Recall@10': 0.14752896130084991, 'EPC@10': 0.04398305341601372, 'Gini@10': 0.9131558537483215, 'best_nDCG@10': 0.10545840859413147, 'loss': 0.024789780378341675, 'ram_peak_mb': 5147.83984375, 'vram_peak_mb': 671.07861328125, 'epoch': 103, 'step': 17264}, validation_spec=None)
[36m(RayTrainWorker pid=785207)[0m Checkpoint successfully created at: Checkpoint(filesystem=local, path=/home/vincenzo/warprec/experiment/haltgrand/lastfm_emotion_gemini/lastfm_emotion_gemini/ray_results/ray_train_trial_id=30675_00000/checkpoint_2026-07-30_09-28-15.390180)
[36m(RayTrainWorker pid=785207)[0m Reporting training result 105: TrainingReport(checkpoint=Checkpoint(filesystem=local, path=/home/vincenzo/warprec/experiment/haltgrand/lastfm_emotion_gemini/lastfm_emotion_gemini/ray_results/ray_train_trial_id=30675_00000/checkpoint_2026-07-30_09-28-15.390180), metrics={'nDCG@10': 0.10578317940235138, 'Recall@10': 0.14811915159225464, 'EPC@10': 0.04411344975233078, 'Gini@10': 0.9121782779693604, 'best_nDCG@10': 0.10578317940235138, 'loss': 0.024649610742926598, 'ram_peak_mb': 5147.8671875, 'vram_peak_mb': 671.07861328125, 'epoch': 104, 'step': 17430}, validation_spec=None)
[36m(RayTrainWorker pid=785207)[0m Checkpoint successfully created at: Checkpoint(filesystem=local, path=/home/vincenzo/warprec/experiment/haltgrand/lastfm_emotion_gemini/lastfm_emotion_gemini/ray_results/ray_train_trial_id=30675_00000/checkpoint_2026-07-30_09-28-26.313397)
[36m(RayTrainWorker pid=785207)[0m Reporting training result 106: TrainingReport(checkpoint=Checkpoint(filesystem=local, path=/home/vincenzo/warprec/experiment/haltgrand/lastfm_emotion_gemini/lastfm_emotion_gemini/ray_results/ray_train_trial_id=30675_00000/checkpoint_2026-07-30_09-28-26.313397), metrics={'nDCG@10': 0.10633387416601181, 'Recall@10': 0.14882314205169678, 'EPC@10': 0.04434024542570114, 'Gini@10': 0.9112873673439026, 'best_nDCG@10': 0.10633387416601181, 'loss': 0.02426275424659252, 'ram_peak_mb': 5147.89453125, 'vram_peak_mb': 671.07861328125, 'epoch': 105, 'step': 17596}, validation_spec=None)
[36m(RayTrainWorker pid=785207)[0m Checkpoint successfully created at: Checkpoint(filesystem=local, path=/home/vincenzo/warprec/experiment/haltgrand/lastfm_emotion_gemini/lastfm_emotion_gemini/ray_results/ray_train_trial_id=30675_00000/checkpoint_2026-07-30_09-28-37.499165)
[36m(RayTrainWorker pid=785207)[0m Reporting training result 107: TrainingReport(checkpoint=Checkpoint(filesystem=local, path=/home/vincenzo/warprec/experiment/haltgrand/lastfm_emotion_gemini/lastfm_emotion_gemini/ray_results/ray_train_trial_id=30675_00000/checkpoint_2026-07-30_09-28-37.499165), metrics={'nDCG@10': 0.10704237222671509, 'Recall@10': 0.14968524873256683, 'EPC@10': 0.04461725428700447, 'Gini@10': 0.9102811217308044, 'best_nDCG@10': 0.10704237222671509, 'loss': 0.02386508695781231, 'ram_peak_mb': 5147.8984375, 'vram_peak_mb': 671.07861328125, 'epoch': 106, 'step': 17762}, validation_spec=None)

Trial status: 1 RUNNING
Current time: 2026-07-30 09:27:14. Total running time: 19min 2s
Logical resource usage: 0.05/12 CPUs, 0/2 GPUs (0.0/1.0 accelerator_type:G)
Current best trial: 30675_00000 with nDCG@10=0.10330630838871002 and params={'embedding_size': 64, 'n_layers': 3, 'reg_weight': 0.0001, 'batch_size': 4096, 'epochs': 300, 'learning_rate': 0.001}
╭───────────────────────────────────────────────────────────────────────────────────────────────────────────────────────────────────────────────────────────────────────────────────────────────────────────────╮
│ Trial name                  status       embedding_size     n_layers     reg_weight     batch_size     epochs     learning_rate     iter     total time (s)     nDCG@10     Recall@10      EPC@10     Gini@10 │
├───────────────────────────────────────────────────────────────────────────────────────────────────────────────────────────────────────────────────────────────────────────────────────────────────────────────┤
│ LightGCN_QuaintOchreGoose   RUNNING                  64            3         0.0001           4096        300             0.001       99            1123.09    0.103306      0.144783   0.0431622    0.917695 │
╰───────────────────────────────────────────────────────────────────────────────────────────────────────────────────────────────────────────────────────────────────────────────────────────────────────────────╯
Trial status: 1 RUNNING
Current time: 2026-07-30 09:27:44. Total running time: 19min 32s
Logical resource usage: 0.05/12 CPUs, 0/2 GPUs (0.0/1.0 accelerator_type:G)
Current best trial: 30675_00000 with nDCG@10=0.10458382219076157 and params={'embedding_size': 64, 'n_layers': 3, 'reg_weight': 0.0001, 'batch_size': 4096, 'epochs': 300, 'learning_rate': 0.001}
╭───────────────────────────────────────────────────────────────────────────────────────────────────────────────────────────────────────────────────────────────────────────────────────────────────────────────╮
│ Trial name                  status       embedding_size     n_layers     reg_weight     batch_size     epochs     learning_rate     iter     total time (s)     nDCG@10     Recall@10      EPC@10     Gini@10 │
├───────────────────────────────────────────────────────────────────────────────────────────────────────────────────────────────────────────────────────────────────────────────────────────────────────────────┤
│ LightGCN_QuaintOchreGoose   RUNNING                  64            3         0.0001           4096        300             0.001      102             1157.4    0.104584      0.146582   0.0436309    0.915056 │
╰───────────────────────────────────────────────────────────────────────────────────────────────────────────────────────────────────────────────────────────────────────────────────────────────────────────────╯
Trial status: 1 RUNNING
Current time: 2026-07-30 09:28:14. Total running time: 20min 2s
Logical resource usage: 0.05/12 CPUs, 0/2 GPUs (0.0/1.0 accelerator_type:G)
Current best trial: 30675_00000 with nDCG@10=0.10545840859413147 and params={'embedding_size': 64, 'n_layers': 3, 'reg_weight': 0.0001, 'batch_size': 4096, 'epochs': 300, 'learning_rate': 0.001}
╭───────────────────────────────────────────────────────────────────────────────────────────────────────────────────────────────────────────────────────────────────────────────────────────────────────────────╮
│ Trial name                  status       embedding_size     n_layers     reg_weight     batch_size     epochs     learning_rate     iter     total time (s)     nDCG@10     Recall@10      EPC@10     Gini@10 │
├───────────────────────────────────────────────────────────────────────────────────────────────────────────────────────────────────────────────────────────────────────────────────────────────────────────────┤
│ LightGCN_QuaintOchreGoose   RUNNING                  64            3         0.0001           4096        300             0.001      104            1179.38    0.105458      0.147529   0.0439831    0.913156 │
╰───────────────────────────────────────────────────────────────────────────────────────────────────────────────────────────────────────────────────────────────────────────────────────────────────────────────╯
Trial status: 1 RUNNING
Current time: 2026-07-30 09:28:44. Total running time: 20min 32s
Logical resource usage: 0.05/12 CPUs, 0/2 GPUs (0.0/1.0 accelerator_type:G)
Current best trial: 30675_00000 with nDCG@10=0.10704237222671509 and params={'embedding_size': 64, 'n_layers': 3, 'reg_weight': 0.0001, 'batch_size': 4096, 'epochs': 300, 'learning_rate': 0.001}[36m(RayTrainWorker pid=785207)[0m Checkpoint successfully created at: Checkpoint(filesystem=local, path=/home/vincenzo/warprec/experiment/haltgrand/lastfm_emotion_gemini/lastfm_emotion_gemini/ray_results/ray_train_trial_id=30675_00000/checkpoint_2026-07-30_09-28-48.527702)
[36m(RayTrainWorker pid=785207)[0m Reporting training result 108: TrainingReport(checkpoint=Checkpoint(filesystem=local, path=/home/vincenzo/warprec/experiment/haltgrand/lastfm_emotion_gemini/lastfm_emotion_gemini/ray_results/ray_train_trial_id=30675_00000/checkpoint_2026-07-30_09-28-48.527702), metrics={'nDCG@10': 0.1073652058839798, 'Recall@10': 0.1498877853155136, 'EPC@10': 0.04476004093885422, 'Gini@10': 0.9094797968864441, 'best_nDCG@10': 0.1073652058839798, 'loss': 0.023791484534740448, 'ram_peak_mb': 5147.90625, 'vram_peak_mb': 671.07861328125, 'epoch': 107, 'step': 17928}, validation_spec=None)
[36m(RayTrainWorker pid=785207)[0m Checkpoint successfully created at: Checkpoint(filesystem=local, path=/home/vincenzo/warprec/experiment/haltgrand/lastfm_emotion_gemini/lastfm_emotion_gemini/ray_results/ray_train_trial_id=30675_00000/checkpoint_2026-07-30_09-29-00.004790)
[36m(RayTrainWorker pid=785207)[0m Reporting training result 109: TrainingReport(checkpoint=Checkpoint(filesystem=local, path=/home/vincenzo/warprec/experiment/haltgrand/lastfm_emotion_gemini/lastfm_emotion_gemini/ray_results/ray_train_trial_id=30675_00000/checkpoint_2026-07-30_09-29-00.004790), metrics={'nDCG@10': 0.10745640844106674, 'Recall@10': 0.14966590702533722, 'EPC@10': 0.0448208712041378, 'Gini@10': 0.908478856086731, 'best_nDCG@10': 0.10745640844106674, 'loss': 0.02381814457476139, 'ram_peak_mb': 5147.93359375, 'vram_peak_mb': 671.07861328125, 'epoch': 108, 'step': 18094}, validation_spec=None)
[36m(RayTrainWorker pid=785207)[0m Checkpoint successfully created at: Checkpoint(filesystem=local, path=/home/vincenzo/warprec/experiment/haltgrand/lastfm_emotion_gemini/lastfm_emotion_gemini/ray_results/ray_train_trial_id=30675_00000/checkpoint_2026-07-30_09-29-11.666940)
[36m(RayTrainWorker pid=785207)[0m Reporting training result 110: TrainingReport(checkpoint=Checkpoint(filesystem=local, path=/home/vincenzo/warprec/experiment/haltgrand/lastfm_emotion_gemini/lastfm_emotion_gemini/ray_results/ray_train_trial_id=30675_00000/checkpoint_2026-07-30_09-29-11.666940), metrics={'nDCG@10': 0.10790223628282547, 'Recall@10': 0.15034665167331696, 'EPC@10': 0.04500238969922066, 'Gini@10': 0.9074952602386475, 'best_nDCG@10': 0.10790223628282547, 'loss': 0.023605952039361, 'ram_peak_mb': 5147.921875, 'vram_peak_mb': 671.07861328125, 'epoch': 109, 'step': 18260}, validation_spec=None)
[36m(RayTrainWorker pid=785207)[0m Checkpoint successfully created at: Checkpoint(filesystem=local, path=/home/vincenzo/warprec/experiment/haltgrand/lastfm_emotion_gemini/lastfm_emotion_gemini/ray_results/ray_train_trial_id=30675_00000/checkpoint_2026-07-30_09-29-22.590707)
[36m(RayTrainWorker pid=785207)[0m Reporting training result 111: TrainingReport(checkpoint=Checkpoint(filesystem=local, path=/home/vincenzo/warprec/experiment/haltgrand/lastfm_emotion_gemini/lastfm_emotion_gemini/ray_results/ray_train_trial_id=30675_00000/checkpoint_2026-07-30_09-29-22.590707), metrics={'nDCG@10': 0.10837831348180771, 'Recall@10': 0.15109418332576752, 'EPC@10': 0.045174937695264816, 'Gini@10': 0.9067140221595764, 'best_nDCG@10': 0.10837831348180771, 'loss': 0.023238925263285637, 'ram_peak_mb': 5147.93359375, 'vram_peak_mb': 671.07861328125, 'epoch': 110, 'step': 18426}, validation_spec=None)
[36m(RayTrainWorker pid=785207)[0m Checkpoint successfully created at: Checkpoint(filesystem=local, path=/home/vincenzo/warprec/experiment/haltgrand/lastfm_emotion_gemini/lastfm_emotion_gemini/ray_results/ray_train_trial_id=30675_00000/checkpoint_2026-07-30_09-29-33.922865)
[36m(RayTrainWorker pid=785207)[0m Reporting training result 112: TrainingReport(checkpoint=Checkpoint(filesystem=local, path=/home/vincenzo/warprec/experiment/haltgrand/lastfm_emotion_gemini/lastfm_emotion_gemini/ray_results/ray_train_trial_id=30675_00000/checkpoint_2026-07-30_09-29-33.922865), metrics={'nDCG@10': 0.10873845964670181, 'Recall@10': 0.15129615366458893, 'EPC@10': 0.04530315846204758, 'Gini@10': 0.9054303169250488, 'best_nDCG@10': 0.10873845964670181, 'loss': 0.023147376254200935, 'ram_peak_mb': 5147.92578125, 'vram_peak_mb': 671.07861328125, 'epoch': 111, 'step': 18592}, validation_spec=None)
[36m(RayTrainWorker pid=785207)[0m Checkpoint successfully created at: Checkpoint(filesystem=local, path=/home/vincenzo/warprec/experiment/haltgrand/lastfm_emotion_gemini/lastfm_emotion_gemini/ray_results/ray_train_trial_id=30675_00000/checkpoint_2026-07-30_09-29-45.505871)
[36m(RayTrainWorker pid=785207)[0m Reporting training result 113: TrainingReport(checkpoint=Checkpoint(filesystem=local, path=/home/vincenzo/warprec/experiment/haltgrand/lastfm_emotion_gemini/lastfm_emotion_gemini/ray_results/ray_train_trial_id=30675_00000/checkpoint_2026-07-30_09-29-45.505871), metrics={'nDCG@10': 0.10937824100255966, 'Recall@10': 0.15259034931659698, 'EPC@10': 0.04557247459888458, 'Gini@10': 0.90440833568573, 'best_nDCG@10': 0.10937824100255966, 'loss': 0.023205149918794632, 'ram_peak_mb': 5147.97265625, 'vram_peak_mb': 671.07861328125, 'epoch': 112, 'step': 18758}, validation_spec=None)
[36m(RayTrainWorker pid=785207)[0m Checkpoint successfully created at: Checkpoint(filesystem=local, path=/home/vincenzo/warprec/experiment/haltgrand/lastfm_emotion_gemini/lastfm_emotion_gemini/ray_results/ray_train_trial_id=30675_00000/checkpoint_2026-07-30_09-29-56.370119)
[36m(RayTrainWorker pid=785207)[0m Reporting training result 114: TrainingReport(checkpoint=Checkpoint(filesystem=local, path=/home/vincenzo/warprec/experiment/haltgrand/lastfm_emotion_gemini/lastfm_emotion_gemini/ray_results/ray_train_trial_id=30675_00000/checkpoint_2026-07-30_09-29-56.370119), metrics={'nDCG@10': 0.1097753718495369, 'Recall@10': 0.15290579199790955, 'EPC@10': 0.04574069753289223, 'Gini@10': 0.9034972786903381, 'best_nDCG@10': 0.1097753718495369, 'loss': 0.02279875986278057, 'ram_peak_mb': 5148.01953125, 'vram_peak_mb': 671.07861328125, 'epoch': 113, 'step': 18924}, validation_spec=None)
[36m(RayTrainWorker pid=785207)[0m Checkpoint successfully created at: Checkpoint(filesystem=local, path=/home/vincenzo/warprec/experiment/haltgrand/lastfm_emotion_gemini/lastfm_emotion_gemini/ray_results/ray_train_trial_id=30675_00000/checkpoint_2026-07-30_09-30-07.884470)
[36m(RayTrainWorker pid=785207)[0m Reporting training result 115: TrainingReport(checkpoint=Checkpoint(filesystem=local, path=/home/vincenzo/warprec/experiment/haltgrand/lastfm_emotion_gemini/lastfm_emotion_gemini/ray_results/ray_train_trial_id=30675_00000/checkpoint_2026-07-30_09-30-07.884470), metrics={'nDCG@10': 0.1102287694811821, 'Recall@10': 0.1534631997346878, 'EPC@10': 0.04590464010834694, 'Gini@10': 0.9026503562927246, 'best_nDCG@10': 0.1102287694811821, 'loss': 0.02254755049943924, 'ram_peak_mb': 5148.015625, 'vram_peak_mb': 671.07861328125, 'epoch': 114, 'step': 19090}, validation_spec=None)

╭───────────────────────────────────────────────────────────────────────────────────────────────────────────────────────────────────────────────────────────────────────────────────────────────────────────────╮
│ Trial name                  status       embedding_size     n_layers     reg_weight     batch_size     epochs     learning_rate     iter     total time (s)     nDCG@10     Recall@10      EPC@10     Gini@10 │
├───────────────────────────────────────────────────────────────────────────────────────────────────────────────────────────────────────────────────────────────────────────────────────────────────────────────┤
│ LightGCN_QuaintOchreGoose   RUNNING                  64            3         0.0001           4096        300             0.001      107            1213.86    0.107042      0.149685   0.0446173    0.910281 │
╰───────────────────────────────────────────────────────────────────────────────────────────────────────────────────────────────────────────────────────────────────────────────────────────────────────────────╯
Trial status: 1 RUNNING
Current time: 2026-07-30 09:29:14. Total running time: 21min 2s
Logical resource usage: 0.05/12 CPUs, 0/2 GPUs (0.0/1.0 accelerator_type:G)
Current best trial: 30675_00000 with nDCG@10=0.10790223628282547 and params={'embedding_size': 64, 'n_layers': 3, 'reg_weight': 0.0001, 'batch_size': 4096, 'epochs': 300, 'learning_rate': 0.001}
╭───────────────────────────────────────────────────────────────────────────────────────────────────────────────────────────────────────────────────────────────────────────────────────────────────────────────╮
│ Trial name                  status       embedding_size     n_layers     reg_weight     batch_size     epochs     learning_rate     iter     total time (s)     nDCG@10     Recall@10      EPC@10     Gini@10 │
├───────────────────────────────────────────────────────────────────────────────────────────────────────────────────────────────────────────────────────────────────────────────────────────────────────────────┤
│ LightGCN_QuaintOchreGoose   RUNNING                  64            3         0.0001           4096        300             0.001      110            1248.01    0.107902      0.150347   0.0450024    0.907495 │
╰───────────────────────────────────────────────────────────────────────────────────────────────────────────────────────────────────────────────────────────────────────────────────────────────────────────────╯
Trial status: 1 RUNNING
Current time: 2026-07-30 09:29:44. Total running time: 21min 32s
Logical resource usage: 0.05/12 CPUs, 0/2 GPUs (0.0/1.0 accelerator_type:G)
Current best trial: 30675_00000 with nDCG@10=0.10873845964670181 and params={'embedding_size': 64, 'n_layers': 3, 'reg_weight': 0.0001, 'batch_size': 4096, 'epochs': 300, 'learning_rate': 0.001}
╭───────────────────────────────────────────────────────────────────────────────────────────────────────────────────────────────────────────────────────────────────────────────────────────────────────────────╮
│ Trial name                  status       embedding_size     n_layers     reg_weight     batch_size     epochs     learning_rate     iter     total time (s)     nDCG@10     Recall@10      EPC@10     Gini@10 │
├───────────────────────────────────────────────────────────────────────────────────────────────────────────────────────────────────────────────────────────────────────────────────────────────────────────────┤
│ LightGCN_QuaintOchreGoose   RUNNING                  64            3         0.0001           4096        300             0.001      112            1270.36    0.108738      0.151296   0.0453032     0.90543 │
╰───────────────────────────────────────────────────────────────────────────────────────────────────────────────────────────────────────────────────────────────────────────────────────────────────────────────╯
Trial status: 1 RUNNING
Current time: 2026-07-30 09:30:14. Total running time: 22min 2s
Logical resource usage: 0.05/12 CPUs, 0/2 GPUs (0.0/1.0 accelerator_type:G)
Current best trial: 30675_00000 with nDCG@10=0.1102287694811821 and params={'embedding_size': 64, 'n_layers': 3, 'reg_weight': 0.0001, 'batch_size': 4096, 'epochs': 300, 'learning_rate': 0.001}
╭───────────────────────────────────────────────────────────────────────────────────────────────────────────────────────────────────────────────────────────────────────────────────────────────────────────────╮
│ Trial name                  status       embedding_size     n_layers     reg_weight     batch_size     epochs     learning_rate     iter     total time (s)     nDCG@10     Recall@10      EPC@10     Gini@10 │
├───────────────────────────────────────────────────────────────────────────────────────────────────────────────────────────────────────────────────────────────────────────────────────────────────────────────┤
│ LightGCN_QuaintOchreGoose   RUNNING                  64            3         0.0001           4096        300             0.001      115             1304.5    0.110229      0.153463   0.0459046     0.90265 │
╰───────────────────────────────────────────────────────────────────────────────────────────────────────────────────────────────────────────────────────────────────────────────────────────────────────────────╯[36m(RayTrainWorker pid=785207)[0m Checkpoint successfully created at: Checkpoint(filesystem=local, path=/home/vincenzo/warprec/experiment/haltgrand/lastfm_emotion_gemini/lastfm_emotion_gemini/ray_results/ray_train_trial_id=30675_00000/checkpoint_2026-07-30_09-30-19.657049)
[36m(RayTrainWorker pid=785207)[0m Reporting training result 116: TrainingReport(checkpoint=Checkpoint(filesystem=local, path=/home/vincenzo/warprec/experiment/haltgrand/lastfm_emotion_gemini/lastfm_emotion_gemini/ray_results/ray_train_trial_id=30675_00000/checkpoint_2026-07-30_09-30-19.657049), metrics={'nDCG@10': 0.11047907173633575, 'Recall@10': 0.15380527079105377, 'EPC@10': 0.04602352902293205, 'Gini@10': 0.9016646146774292, 'best_nDCG@10': 0.11047907173633575, 'loss': 0.022374993190169334, 'ram_peak_mb': 5149.01953125, 'vram_peak_mb': 671.07861328125, 'epoch': 115, 'step': 19256}, validation_spec=None)
[36m(RayTrainWorker pid=785207)[0m Checkpoint successfully created at: Checkpoint(filesystem=local, path=/home/vincenzo/warprec/experiment/haltgrand/lastfm_emotion_gemini/lastfm_emotion_gemini/ray_results/ray_train_trial_id=30675_00000/checkpoint_2026-07-30_09-30-31.587325)
[36m(RayTrainWorker pid=785207)[0m Reporting training result 117: TrainingReport(checkpoint=Checkpoint(filesystem=local, path=/home/vincenzo/warprec/experiment/haltgrand/lastfm_emotion_gemini/lastfm_emotion_gemini/ray_results/ray_train_trial_id=30675_00000/checkpoint_2026-07-30_09-30-31.587325), metrics={'nDCG@10': 0.11080815643072128, 'Recall@10': 0.15426179766654968, 'EPC@10': 0.04612836241722107, 'Gini@10': 0.9009343385696411, 'best_nDCG@10': 0.11080815643072128, 'loss': 0.022299794480204582, 'ram_peak_mb': 5149.0234375, 'vram_peak_mb': 671.07861328125, 'epoch': 116, 'step': 19422}, validation_spec=None)
[36m(RayTrainWorker pid=785207)[0m Checkpoint successfully created at: Checkpoint(filesystem=local, path=/home/vincenzo/warprec/experiment/haltgrand/lastfm_emotion_gemini/lastfm_emotion_gemini/ray_results/ray_train_trial_id=30675_00000/checkpoint_2026-07-30_09-30-42.569548)
[36m(RayTrainWorker pid=785207)[0m Reporting training result 118: TrainingReport(checkpoint=Checkpoint(filesystem=local, path=/home/vincenzo/warprec/experiment/haltgrand/lastfm_emotion_gemini/lastfm_emotion_gemini/ray_results/ray_train_trial_id=30675_00000/checkpoint_2026-07-30_09-30-42.569548), metrics={'nDCG@10': 0.11105826497077942, 'Recall@10': 0.1548069715499878, 'EPC@10': 0.0462486632168293, 'Gini@10': 0.8999586701393127, 'best_nDCG@10': 0.11105826497077942, 'loss': 0.02221452072262764, 'ram_peak_mb': 5148.07421875, 'vram_peak_mb': 671.07861328125, 'epoch': 117, 'step': 19588}, validation_spec=None)
[36m(RayTrainWorker pid=785207)[0m Checkpoint successfully created at: Checkpoint(filesystem=local, path=/home/vincenzo/warprec/experiment/haltgrand/lastfm_emotion_gemini/lastfm_emotion_gemini/ray_results/ray_train_trial_id=30675_00000/checkpoint_2026-07-30_09-30-53.797108)
[36m(RayTrainWorker pid=785207)[0m Reporting training result 119: TrainingReport(checkpoint=Checkpoint(filesystem=local, path=/home/vincenzo/warprec/experiment/haltgrand/lastfm_emotion_gemini/lastfm_emotion_gemini/ray_results/ray_train_trial_id=30675_00000/checkpoint_2026-07-30_09-30-53.797108), metrics={'nDCG@10': 0.11145684868097305, 'Recall@10': 0.15535251796245575, 'EPC@10': 0.046403784304857254, 'Gini@10': 0.8992304801940918, 'best_nDCG@10': 0.11145684868097305, 'loss': 0.02193199284374714, 'ram_peak_mb': 5148.09375, 'vram_peak_mb': 671.07861328125, 'epoch': 118, 'step': 19754}, validation_spec=None)
[36m(RayTrainWorker pid=785207)[0m Checkpoint successfully created at: Checkpoint(filesystem=local, path=/home/vincenzo/warprec/experiment/haltgrand/lastfm_emotion_gemini/lastfm_emotion_gemini/ray_results/ray_train_trial_id=30675_00000/checkpoint_2026-07-30_09-31-04.903405)
[36m(RayTrainWorker pid=785207)[0m Reporting training result 120: TrainingReport(checkpoint=Checkpoint(filesystem=local, path=/home/vincenzo/warprec/experiment/haltgrand/lastfm_emotion_gemini/lastfm_emotion_gemini/ray_results/ray_train_trial_id=30675_00000/checkpoint_2026-07-30_09-31-04.903405), metrics={'nDCG@10': 0.11178556829690933, 'Recall@10': 0.15558433532714844, 'EPC@10': 0.04650002345442772, 'Gini@10': 0.898410975933075, 'best_nDCG@10': 0.11178556829690933, 'loss': 0.021847274154424667, 'ram_peak_mb': 5148.08984375, 'vram_peak_mb': 671.07861328125, 'epoch': 119, 'step': 19920}, validation_spec=None)
[36m(RayTrainWorker pid=785207)[0m Checkpoint successfully created at: Checkpoint(filesystem=local, path=/home/vincenzo/warprec/experiment/haltgrand/lastfm_emotion_gemini/lastfm_emotion_gemini/ray_results/ray_train_trial_id=30675_00000/checkpoint_2026-07-30_09-31-17.102745)
[36m(RayTrainWorker pid=785207)[0m Reporting training result 121: TrainingReport(checkpoint=Checkpoint(filesystem=local, path=/home/vincenzo/warprec/experiment/haltgrand/lastfm_emotion_gemini/lastfm_emotion_gemini/ray_results/ray_train_trial_id=30675_00000/checkpoint_2026-07-30_09-31-17.102745), metrics={'nDCG@10': 0.1122434213757515, 'Recall@10': 0.15618474781513214, 'EPC@10': 0.04669373482465744, 'Gini@10': 0.8976266980171204, 'best_nDCG@10': 0.1122434213757515, 'loss': 0.021459462121129036, 'ram_peak_mb': 5148.09375, 'vram_peak_mb': 671.07861328125, 'epoch': 120, 'step': 20086}, validation_spec=None)
[36m(RayTrainWorker pid=785207)[0m Checkpoint successfully created at: Checkpoint(filesystem=local, path=/home/vincenzo/warprec/experiment/haltgrand/lastfm_emotion_gemini/lastfm_emotion_gemini/ray_results/ray_train_trial_id=30675_00000/checkpoint_2026-07-30_09-31-28.289635)
[36m(RayTrainWorker pid=785207)[0m Reporting training result 122: TrainingReport(checkpoint=Checkpoint(filesystem=local, path=/home/vincenzo/warprec/experiment/haltgrand/lastfm_emotion_gemini/lastfm_emotion_gemini/ray_results/ray_train_trial_id=30675_00000/checkpoint_2026-07-30_09-31-28.289635), metrics={'nDCG@10': 0.11250889301300049, 'Recall@10': 0.15640847384929657, 'EPC@10': 0.046793725341558456, 'Gini@10': 0.8967567086219788, 'best_nDCG@10': 0.11250889301300049, 'loss': 0.021385740488767624, 'ram_peak_mb': 5148.09765625, 'vram_peak_mb': 671.07861328125, 'epoch': 121, 'step': 20252}, validation_spec=None)
[36m(RayTrainWorker pid=785207)[0m Checkpoint successfully created at: Checkpoint(filesystem=local, path=/home/vincenzo/warprec/experiment/haltgrand/lastfm_emotion_gemini/lastfm_emotion_gemini/ray_results/ray_train_trial_id=30675_00000/checkpoint_2026-07-30_09-31-39.579257)
[36m(RayTrainWorker pid=785207)[0m Reporting training result 123: TrainingReport(checkpoint=Checkpoint(filesystem=local, path=/home/vincenzo/warprec/experiment/haltgrand/lastfm_emotion_gemini/lastfm_emotion_gemini/ray_results/ray_train_trial_id=30675_00000/checkpoint_2026-07-30_09-31-39.579257), metrics={'nDCG@10': 0.11312732100486755, 'Recall@10': 0.1573343575000763, 'EPC@10': 0.04703414812684059, 'Gini@10': 0.8957869410514832, 'best_nDCG@10': 0.11312732100486755, 'loss': 0.02130820043385029, 'ram_peak_mb': 5148.12109375, 'vram_peak_mb': 671.07861328125, 'epoch': 122, 'step': 20418}, validation_spec=None)
[36m(RayTrainWorker pid=785207)[0m Checkpoint successfully created at: Checkpoint(filesystem=local, path=/home/vincenzo/warprec/experiment/haltgrand/lastfm_emotion_gemini/lastfm_emotion_gemini/ray_results/ray_train_trial_id=30675_00000/checkpoint_2026-07-30_09-31-51.578513)
[36m(RayTrainWorker pid=785207)[0m Reporting training result 124: TrainingReport(checkpoint=Checkpoint(filesystem=local, path=/home/vincenzo/warprec/experiment/haltgrand/lastfm_emotion_gemini/lastfm_emotion_gemini/ray_results/ray_train_trial_id=30675_00000/checkpoint_2026-07-30_09-31-51.578513), metrics={'nDCG@10': 0.11332831531763077, 'Recall@10': 0.1578022986650467, 'EPC@10': 0.04710543155670166, 'Gini@10': 0.8951008915901184, 'best_nDCG@10': 0.11332831531763077, 'loss': 0.021060017868876457, 'ram_peak_mb': 5148.12890625, 'vram_peak_mb': 671.07861328125, 'epoch': 123, 'step': 20584}, validation_spec=None)
[36m(RayTrainWorker pid=785207)[0m Checkpoint successfully created at: Checkpoint(filesystem=local, path=/home/vincenzo/warprec/experiment/haltgrand/lastfm_emotion_gemini/lastfm_emotion_gemini/ray_results/ray_train_trial_id=30675_00000/checkpoint_2026-07-30_09-32-02.566645)
[36m(RayTrainWorker pid=785207)[0m Reporting training result 125: TrainingReport(checkpoint=Checkpoint(filesystem=local, path=/home/vincenzo/warprec/experiment/haltgrand/lastfm_emotion_gemini/lastfm_emotion_gemini/ray_results/ray_train_trial_id=30675_00000/checkpoint_2026-07-30_09-32-02.566645), metrics={'nDCG@10': 0.11361398547887802, 'Recall@10': 0.15843157470226288, 'EPC@10': 0.04722941294312477, 'Gini@10': 0.8942151665687561, 'best_nDCG@10': 0.11361398547887802, 'loss': 0.021073607727885246, 'ram_peak_mb': 5149.12109375, 'vram_peak_mb': 671.07861328125, 'epoch': 124, 'step': 20750}, validation_spec=None)
[36m(RayTrainWorker pid=785207)[0m Checkpoint successfully created at: Checkpoint(filesystem=local, path=/home/vincenzo/warprec/experiment/haltgrand/lastfm_emotion_gemini/lastfm_emotion_gemini/ray_results/ray_train_trial_id=30675_00000/checkpoint_2026-07-30_09-32-13.670898)
[36m(RayTrainWorker pid=785207)[0m Reporting training result 126: TrainingReport(checkpoint=Checkpoint(filesystem=local, path=/home/vincenzo/warprec/experiment/haltgrand/lastfm_emotion_gemini/lastfm_emotion_gemini/ray_results/ray_train_trial_id=30675_00000/checkpoint_2026-07-30_09-32-13.670898), metrics={'nDCG@10': 0.11394673585891724, 'Recall@10': 0.15872959792613983, 'EPC@10': 0.04737227410078049, 'Gini@10': 0.8933423161506653, 'best_nDCG@10': 0.11394673585891724, 'loss': 0.020693836733698845, 'ram_peak_mb': 5149.140625, 'vram_peak_mb': 671.07861328125, 'epoch': 125, 'step': 20916}, validation_spec=None)

Trial status: 1 RUNNING
Current time: 2026-07-30 09:30:44. Total running time: 22min 32s
Logical resource usage: 0.05/12 CPUs, 0/2 GPUs (0.0/1.0 accelerator_type:G)
Current best trial: 30675_00000 with nDCG@10=0.11105826497077942 and params={'embedding_size': 64, 'n_layers': 3, 'reg_weight': 0.0001, 'batch_size': 4096, 'epochs': 300, 'learning_rate': 0.001}
╭───────────────────────────────────────────────────────────────────────────────────────────────────────────────────────────────────────────────────────────────────────────────────────────────────────────────╮
│ Trial name                  status       embedding_size     n_layers     reg_weight     batch_size     epochs     learning_rate     iter     total time (s)     nDCG@10     Recall@10      EPC@10     Gini@10 │
├───────────────────────────────────────────────────────────────────────────────────────────────────────────────────────────────────────────────────────────────────────────────────────────────────────────────┤
│ LightGCN_QuaintOchreGoose   RUNNING                  64            3         0.0001           4096        300             0.001      118            1339.19    0.111058      0.154807   0.0462487    0.899959 │
╰───────────────────────────────────────────────────────────────────────────────────────────────────────────────────────────────────────────────────────────────────────────────────────────────────────────────╯
Trial status: 1 RUNNING
Current time: 2026-07-30 09:31:14. Total running time: 23min 2s
Logical resource usage: 0.05/12 CPUs, 0/2 GPUs (0.0/1.0 accelerator_type:G)
Current best trial: 30675_00000 with nDCG@10=0.11178556829690933 and params={'embedding_size': 64, 'n_layers': 3, 'reg_weight': 0.0001, 'batch_size': 4096, 'epochs': 300, 'learning_rate': 0.001}
╭──────────────────────────────────────────────────────────────────────────────────────────────────────────────────────────────────────────────────────────────────────────────────────────────────────────────╮
│ Trial name                  status       embedding_size     n_layers     reg_weight     batch_size     epochs     learning_rate     iter     total time (s)     nDCG@10     Recall@10     EPC@10     Gini@10 │
├──────────────────────────────────────────────────────────────────────────────────────────────────────────────────────────────────────────────────────────────────────────────────────────────────────────────┤
│ LightGCN_QuaintOchreGoose   RUNNING                  64            3         0.0001           4096        300             0.001      120            1361.39    0.111786      0.155584     0.0465    0.898411 │
╰──────────────────────────────────────────────────────────────────────────────────────────────────────────────────────────────────────────────────────────────────────────────────────────────────────────────╯
Trial status: 1 RUNNING
Current time: 2026-07-30 09:31:44. Total running time: 23min 32s
Logical resource usage: 0.05/12 CPUs, 0/2 GPUs (0.0/1.0 accelerator_type:G)
Current best trial: 30675_00000 with nDCG@10=0.11312732100486755 and params={'embedding_size': 64, 'n_layers': 3, 'reg_weight': 0.0001, 'batch_size': 4096, 'epochs': 300, 'learning_rate': 0.001}
╭───────────────────────────────────────────────────────────────────────────────────────────────────────────────────────────────────────────────────────────────────────────────────────────────────────────────╮
│ Trial name                  status       embedding_size     n_layers     reg_weight     batch_size     epochs     learning_rate     iter     total time (s)     nDCG@10     Recall@10      EPC@10     Gini@10 │
├───────────────────────────────────────────────────────────────────────────────────────────────────────────────────────────────────────────────────────────────────────────────────────────────────────────────┤
│ LightGCN_QuaintOchreGoose   RUNNING                  64            3         0.0001           4096        300             0.001      123            1395.66    0.113127      0.157334   0.0470341    0.895787 │
╰───────────────────────────────────────────────────────────────────────────────────────────────────────────────────────────────────────────────────────────────────────────────────────────────────────────────╯
Trial status: 1 RUNNING
Current time: 2026-07-30 09:32:14. Total running time: 24min 2s
Logical resource usage: 0.05/12 CPUs, 0/2 GPUs (0.0/1.0 accelerator_type:G)
Current best trial: 30675_00000 with nDCG@10=0.11394673585891724 and params={'embedding_size': 64, 'n_layers': 3, 'reg_weight': 0.0001, 'batch_size': 4096, 'epochs': 300, 'learning_rate': 0.001}[36m(RayTrainWorker pid=785207)[0m Checkpoint successfully created at: Checkpoint(filesystem=local, path=/home/vincenzo/warprec/experiment/haltgrand/lastfm_emotion_gemini/lastfm_emotion_gemini/ray_results/ray_train_trial_id=30675_00000/checkpoint_2026-07-30_09-32-24.665576)
[36m(RayTrainWorker pid=785207)[0m Reporting training result 127: TrainingReport(checkpoint=Checkpoint(filesystem=local, path=/home/vincenzo/warprec/experiment/haltgrand/lastfm_emotion_gemini/lastfm_emotion_gemini/ray_results/ray_train_trial_id=30675_00000/checkpoint_2026-07-30_09-32-24.665576), metrics={'nDCG@10': 0.11421835422515869, 'Recall@10': 0.15905286371707916, 'EPC@10': 0.04750417172908783, 'Gini@10': 0.8923853635787964, 'best_nDCG@10': 0.11421835422515869, 'loss': 0.020852386951446533, 'ram_peak_mb': 5149.19140625, 'vram_peak_mb': 671.07861328125, 'epoch': 126, 'step': 21082}, validation_spec=None)
[36m(RayTrainWorker pid=785207)[0m Checkpoint successfully created at: Checkpoint(filesystem=local, path=/home/vincenzo/warprec/experiment/haltgrand/lastfm_emotion_gemini/lastfm_emotion_gemini/ray_results/ray_train_trial_id=30675_00000/checkpoint_2026-07-30_09-32-35.991569)
[36m(RayTrainWorker pid=785207)[0m Reporting training result 128: TrainingReport(checkpoint=Checkpoint(filesystem=local, path=/home/vincenzo/warprec/experiment/haltgrand/lastfm_emotion_gemini/lastfm_emotion_gemini/ray_results/ray_train_trial_id=30675_00000/checkpoint_2026-07-30_09-32-35.991569), metrics={'nDCG@10': 0.11449059098958969, 'Recall@10': 0.15927398204803467, 'EPC@10': 0.04760763421654701, 'Gini@10': 0.8918293714523315, 'best_nDCG@10': 0.11449059098958969, 'loss': 0.020623333752155304, 'ram_peak_mb': 5149.20703125, 'vram_peak_mb': 671.07861328125, 'epoch': 127, 'step': 21248}, validation_spec=None)
[36m(RayTrainWorker pid=785207)[0m Checkpoint successfully created at: Checkpoint(filesystem=local, path=/home/vincenzo/warprec/experiment/haltgrand/lastfm_emotion_gemini/lastfm_emotion_gemini/ray_results/ray_train_trial_id=30675_00000/checkpoint_2026-07-30_09-32-46.759343)
[36m(RayTrainWorker pid=785207)[0m Reporting training result 129: TrainingReport(checkpoint=Checkpoint(filesystem=local, path=/home/vincenzo/warprec/experiment/haltgrand/lastfm_emotion_gemini/lastfm_emotion_gemini/ray_results/ray_train_trial_id=30675_00000/checkpoint_2026-07-30_09-32-46.759343), metrics={'nDCG@10': 0.11491139978170395, 'Recall@10': 0.1603352576494217, 'EPC@10': 0.047727614641189575, 'Gini@10': 0.8908102512359619, 'best_nDCG@10': 0.11491139978170395, 'loss': 0.020504599437117577, 'ram_peak_mb': 5149.23046875, 'vram_peak_mb': 671.07861328125, 'epoch': 128, 'step': 21414}, validation_spec=None)
[36m(RayTrainWorker pid=785207)[0m Checkpoint successfully created at: Checkpoint(filesystem=local, path=/home/vincenzo/warprec/experiment/haltgrand/lastfm_emotion_gemini/lastfm_emotion_gemini/ray_results/ray_train_trial_id=30675_00000/checkpoint_2026-07-30_09-32-57.728347)
[36m(RayTrainWorker pid=785207)[0m Reporting training result 130: TrainingReport(checkpoint=Checkpoint(filesystem=local, path=/home/vincenzo/warprec/experiment/haltgrand/lastfm_emotion_gemini/lastfm_emotion_gemini/ray_results/ray_train_trial_id=30675_00000/checkpoint_2026-07-30_09-32-57.728347), metrics={'nDCG@10': 0.1152694970369339, 'Recall@10': 0.1604481339454651, 'EPC@10': 0.047881416976451874, 'Gini@10': 0.8900485634803772, 'best_nDCG@10': 0.1152694970369339, 'loss': 0.020487485453486443, 'ram_peak_mb': 5150.2109375, 'vram_peak_mb': 671.07861328125, 'epoch': 129, 'step': 21580}, validation_spec=None)
[36m(RayTrainWorker pid=785207)[0m Checkpoint successfully created at: Checkpoint(filesystem=local, path=/home/vincenzo/warprec/experiment/haltgrand/lastfm_emotion_gemini/lastfm_emotion_gemini/ray_results/ray_train_trial_id=30675_00000/checkpoint_2026-07-30_09-33-08.664194)
[36m(RayTrainWorker pid=785207)[0m Reporting training result 131: TrainingReport(checkpoint=Checkpoint(filesystem=local, path=/home/vincenzo/warprec/experiment/haltgrand/lastfm_emotion_gemini/lastfm_emotion_gemini/ray_results/ray_train_trial_id=30675_00000/checkpoint_2026-07-30_09-33-08.664194), metrics={'nDCG@10': 0.11566997319459915, 'Recall@10': 0.1610480099916458, 'EPC@10': 0.04802808538079262, 'Gini@10': 0.8893206119537354, 'best_nDCG@10': 0.11566997319459915, 'loss': 0.02028505876660347, 'ram_peak_mb': 5149.2265625, 'vram_peak_mb': 671.07861328125, 'epoch': 130, 'step': 21746}, validation_spec=None)
[36m(RayTrainWorker pid=785207)[0m Checkpoint successfully created at: Checkpoint(filesystem=local, path=/home/vincenzo/warprec/experiment/haltgrand/lastfm_emotion_gemini/lastfm_emotion_gemini/ray_results/ray_train_trial_id=30675_00000/checkpoint_2026-07-30_09-33-20.321737)
[36m(RayTrainWorker pid=785207)[0m Reporting training result 132: TrainingReport(checkpoint=Checkpoint(filesystem=local, path=/home/vincenzo/warprec/experiment/haltgrand/lastfm_emotion_gemini/lastfm_emotion_gemini/ray_results/ray_train_trial_id=30675_00000/checkpoint_2026-07-30_09-33-20.321737), metrics={'nDCG@10': 0.11613070219755173, 'Recall@10': 0.16204524040222168, 'EPC@10': 0.04821980372071266, 'Gini@10': 0.8885570764541626, 'best_nDCG@10': 0.11613070219755173, 'loss': 0.020172782242298126, 'ram_peak_mb': 5149.22265625, 'vram_peak_mb': 671.07861328125, 'epoch': 131, 'step': 21912}, validation_spec=None)
[36m(RayTrainWorker pid=785207)[0m Checkpoint successfully created at: Checkpoint(filesystem=local, path=/home/vincenzo/warprec/experiment/haltgrand/lastfm_emotion_gemini/lastfm_emotion_gemini/ray_results/ray_train_trial_id=30675_00000/checkpoint_2026-07-30_09-33-32.099097)
[36m(RayTrainWorker pid=785207)[0m Reporting training result 133: TrainingReport(checkpoint=Checkpoint(filesystem=local, path=/home/vincenzo/warprec/experiment/haltgrand/lastfm_emotion_gemini/lastfm_emotion_gemini/ray_results/ray_train_trial_id=30675_00000/checkpoint_2026-07-30_09-33-32.099097), metrics={'nDCG@10': 0.11648142337799072, 'Recall@10': 0.1623874008655548, 'EPC@10': 0.04835166409611702, 'Gini@10': 0.8876709938049316, 'best_nDCG@10': 0.11648142337799072, 'loss': 0.020086264237761497, 'ram_peak_mb': 5149.23046875, 'vram_peak_mb': 671.07861328125, 'epoch': 132, 'step': 22078}, validation_spec=None)
[36m(RayTrainWorker pid=785207)[0m Checkpoint successfully created at: Checkpoint(filesystem=local, path=/home/vincenzo/warprec/experiment/haltgrand/lastfm_emotion_gemini/lastfm_emotion_gemini/ray_results/ray_train_trial_id=30675_00000/checkpoint_2026-07-30_09-33-43.378804)
[36m(RayTrainWorker pid=785207)[0m Reporting training result 134: TrainingReport(checkpoint=Checkpoint(filesystem=local, path=/home/vincenzo/warprec/experiment/haltgrand/lastfm_emotion_gemini/lastfm_emotion_gemini/ray_results/ray_train_trial_id=30675_00000/checkpoint_2026-07-30_09-33-43.378804), metrics={'nDCG@10': 0.1167263612151146, 'Recall@10': 0.16242682933807373, 'EPC@10': 0.0484570749104023, 'Gini@10': 0.8870953917503357, 'best_nDCG@10': 0.1167263612151146, 'loss': 0.019767647609114647, 'ram_peak_mb': 5149.234375, 'vram_peak_mb': 671.07861328125, 'epoch': 133, 'step': 22244}, validation_spec=None)

╭───────────────────────────────────────────────────────────────────────────────────────────────────────────────────────────────────────────────────────────────────────────────────────────────────────────────╮
│ Trial name                  status       embedding_size     n_layers     reg_weight     batch_size     epochs     learning_rate     iter     total time (s)     nDCG@10     Recall@10      EPC@10     Gini@10 │
├───────────────────────────────────────────────────────────────────────────────────────────────────────────────────────────────────────────────────────────────────────────────────────────────────────────────┤
│ LightGCN_QuaintOchreGoose   RUNNING                  64            3         0.0001           4096        300             0.001      126            1429.79    0.113947       0.15873   0.0473723    0.893342 │
╰───────────────────────────────────────────────────────────────────────────────────────────────────────────────────────────────────────────────────────────────────────────────────────────────────────────────╯
Trial status: 1 RUNNING
Current time: 2026-07-30 09:32:44. Total running time: 24min 33s
Logical resource usage: 0.05/12 CPUs, 0/2 GPUs (0.0/1.0 accelerator_type:G)
Current best trial: 30675_00000 with nDCG@10=0.11449059098958969 and params={'embedding_size': 64, 'n_layers': 3, 'reg_weight': 0.0001, 'batch_size': 4096, 'epochs': 300, 'learning_rate': 0.001}
╭───────────────────────────────────────────────────────────────────────────────────────────────────────────────────────────────────────────────────────────────────────────────────────────────────────────────╮
│ Trial name                  status       embedding_size     n_layers     reg_weight     batch_size     epochs     learning_rate     iter     total time (s)     nDCG@10     Recall@10      EPC@10     Gini@10 │
├───────────────────────────────────────────────────────────────────────────────────────────────────────────────────────────────────────────────────────────────────────────────────────────────────────────────┤
│ LightGCN_QuaintOchreGoose   RUNNING                  64            3         0.0001           4096        300             0.001      128            1452.17    0.114491      0.159274   0.0476076    0.891829 │
╰───────────────────────────────────────────────────────────────────────────────────────────────────────────────────────────────────────────────────────────────────────────────────────────────────────────────╯
Trial status: 1 RUNNING
Current time: 2026-07-30 09:33:14. Total running time: 25min 3s
Logical resource usage: 0.05/12 CPUs, 0/2 GPUs (0.0/1.0 accelerator_type:G)
Current best trial: 30675_00000 with nDCG@10=0.11566997319459915 and params={'embedding_size': 64, 'n_layers': 3, 'reg_weight': 0.0001, 'batch_size': 4096, 'epochs': 300, 'learning_rate': 0.001}
╭───────────────────────────────────────────────────────────────────────────────────────────────────────────────────────────────────────────────────────────────────────────────────────────────────────────────╮
│ Trial name                  status       embedding_size     n_layers     reg_weight     batch_size     epochs     learning_rate     iter     total time (s)     nDCG@10     Recall@10      EPC@10     Gini@10 │
├───────────────────────────────────────────────────────────────────────────────────────────────────────────────────────────────────────────────────────────────────────────────────────────────────────────────┤
│ LightGCN_QuaintOchreGoose   RUNNING                  64            3         0.0001           4096        300             0.001      131            1484.27     0.11567      0.161048   0.0480281    0.889321 │
╰───────────────────────────────────────────────────────────────────────────────────────────────────────────────────────────────────────────────────────────────────────────────────────────────────────────────╯
Trial status: 1 RUNNING
Current time: 2026-07-30 09:33:44. Total running time: 25min 33s
Logical resource usage: 0.05/12 CPUs, 0/2 GPUs (0.0/1.0 accelerator_type:G)
Current best trial: 30675_00000 with nDCG@10=0.11648142337799072 and params={'embedding_size': 64, 'n_layers': 3, 'reg_weight': 0.0001, 'batch_size': 4096, 'epochs': 300, 'learning_rate': 0.001}
╭───────────────────────────────────────────────────────────────────────────────────────────────────────────────────────────────────────────────────────────────────────────────────────────────────────────────╮
│ Trial name                  status       embedding_size     n_layers     reg_weight     batch_size     epochs     learning_rate     iter     total time (s)     nDCG@10     Recall@10      EPC@10     Gini@10 │
├───────────────────────────────────────────────────────────────────────────────────────────────────────────────────────────────────────────────────────────────────────────────────────────────────────────────┤
│ LightGCN_QuaintOchreGoose   RUNNING                  64            3         0.0001           4096        300             0.001      133            1508.46    0.116481      0.162387   0.0483517    0.887671 │
╰───────────────────────────────────────────────────────────────────────────────────────────────────────────────────────────────────────────────────────────────────────────────────────────────────────────────╯[36m(RayTrainWorker pid=785207)[0m Checkpoint successfully created at: Checkpoint(filesystem=local, path=/home/vincenzo/warprec/experiment/haltgrand/lastfm_emotion_gemini/lastfm_emotion_gemini/ray_results/ray_train_trial_id=30675_00000/checkpoint_2026-07-30_09-33-53.986498)
[36m(RayTrainWorker pid=785207)[0m Reporting training result 135: TrainingReport(checkpoint=Checkpoint(filesystem=local, path=/home/vincenzo/warprec/experiment/haltgrand/lastfm_emotion_gemini/lastfm_emotion_gemini/ray_results/ray_train_trial_id=30675_00000/checkpoint_2026-07-30_09-33-53.986498), metrics={'nDCG@10': 0.11690301448106766, 'Recall@10': 0.1629175841808319, 'EPC@10': 0.048516713082790375, 'Gini@10': 0.8862085342407227, 'best_nDCG@10': 0.11690301448106766, 'loss': 0.01952197402715683, 'ram_peak_mb': 5149.2578125, 'vram_peak_mb': 671.07861328125, 'epoch': 134, 'step': 22410}, validation_spec=None)
[36m(RayTrainWorker pid=785207)[0m Checkpoint successfully created at: Checkpoint(filesystem=local, path=/home/vincenzo/warprec/experiment/haltgrand/lastfm_emotion_gemini/lastfm_emotion_gemini/ray_results/ray_train_trial_id=30675_00000/checkpoint_2026-07-30_09-34-05.654001)
[36m(RayTrainWorker pid=785207)[0m Reporting training result 136: TrainingReport(checkpoint=Checkpoint(filesystem=local, path=/home/vincenzo/warprec/experiment/haltgrand/lastfm_emotion_gemini/lastfm_emotion_gemini/ray_results/ray_train_trial_id=30675_00000/checkpoint_2026-07-30_09-34-05.654001), metrics={'nDCG@10': 0.11710943281650543, 'Recall@10': 0.16320021450519562, 'EPC@10': 0.04863201454281807, 'Gini@10': 0.8855404257774353, 'best_nDCG@10': 0.11710943281650543, 'loss': 0.019675256684422493, 'ram_peak_mb': 5150.2421875, 'vram_peak_mb': 671.07861328125, 'epoch': 135, 'step': 22576}, validation_spec=None)
[36m(RayTrainWorker pid=785207)[0m Checkpoint successfully created at: Checkpoint(filesystem=local, path=/home/vincenzo/warprec/experiment/haltgrand/lastfm_emotion_gemini/lastfm_emotion_gemini/ray_results/ray_train_trial_id=30675_00000/checkpoint_2026-07-30_09-34-16.418121)
[36m(RayTrainWorker pid=785207)[0m Reporting training result 137: TrainingReport(checkpoint=Checkpoint(filesystem=local, path=/home/vincenzo/warprec/experiment/haltgrand/lastfm_emotion_gemini/lastfm_emotion_gemini/ray_results/ray_train_trial_id=30675_00000/checkpoint_2026-07-30_09-34-16.418121), metrics={'nDCG@10': 0.11731782555580139, 'Recall@10': 0.16319257020950317, 'EPC@10': 0.0487142875790596, 'Gini@10': 0.8848116397857666, 'best_nDCG@10': 0.11731782555580139, 'loss': 0.01949714496731758, 'ram_peak_mb': 5150.24609375, 'vram_peak_mb': 671.07861328125, 'epoch': 136, 'step': 22742}, validation_spec=None)
[36m(RayTrainWorker pid=785207)[0m Checkpoint successfully created at: Checkpoint(filesystem=local, path=/home/vincenzo/warprec/experiment/haltgrand/lastfm_emotion_gemini/lastfm_emotion_gemini/ray_results/ray_train_trial_id=30675_00000/checkpoint_2026-07-30_09-34-27.001030)
[36m(RayTrainWorker pid=785207)[0m Reporting training result 138: TrainingReport(checkpoint=Checkpoint(filesystem=local, path=/home/vincenzo/warprec/experiment/haltgrand/lastfm_emotion_gemini/lastfm_emotion_gemini/ray_results/ray_train_trial_id=30675_00000/checkpoint_2026-07-30_09-34-27.001030), metrics={'nDCG@10': 0.11730555444955826, 'Recall@10': 0.16321225464344025, 'EPC@10': 0.048706281930208206, 'Gini@10': 0.8840767741203308, 'best_nDCG@10': 0.11731782555580139, 'loss': 0.019382037222385406, 'ram_peak_mb': 5149.2734375, 'vram_peak_mb': 671.07861328125, 'epoch': 137, 'step': 22908}, validation_spec=None)
[36m(RayTrainWorker pid=785207)[0m Checkpoint successfully created at: Checkpoint(filesystem=local, path=/home/vincenzo/warprec/experiment/haltgrand/lastfm_emotion_gemini/lastfm_emotion_gemini/ray_results/ray_train_trial_id=30675_00000/checkpoint_2026-07-30_09-34-37.729356)
[36m(RayTrainWorker pid=785207)[0m Reporting training result 139: TrainingReport(checkpoint=Checkpoint(filesystem=local, path=/home/vincenzo/warprec/experiment/haltgrand/lastfm_emotion_gemini/lastfm_emotion_gemini/ray_results/ray_train_trial_id=30675_00000/checkpoint_2026-07-30_09-34-37.729356), metrics={'nDCG@10': 0.11757298558950424, 'Recall@10': 0.16355149447917938, 'EPC@10': 0.04880889505147934, 'Gini@10': 0.8833817839622498, 'best_nDCG@10': 0.11757298558950424, 'loss': 0.019387319684028625, 'ram_peak_mb': 5150.26171875, 'vram_peak_mb': 671.07861328125, 'epoch': 138, 'step': 23074}, validation_spec=None)
[36m(RayTrainWorker pid=785207)[0m Checkpoint successfully created at: Checkpoint(filesystem=local, path=/home/vincenzo/warprec/experiment/haltgrand/lastfm_emotion_gemini/lastfm_emotion_gemini/ray_results/ray_train_trial_id=30675_00000/checkpoint_2026-07-30_09-34-49.015511)
[36m(RayTrainWorker pid=785207)[0m Reporting training result 140: TrainingReport(checkpoint=Checkpoint(filesystem=local, path=/home/vincenzo/warprec/experiment/haltgrand/lastfm_emotion_gemini/lastfm_emotion_gemini/ray_results/ray_train_trial_id=30675_00000/checkpoint_2026-07-30_09-34-49.015511), metrics={'nDCG@10': 0.11794707924127579, 'Recall@10': 0.16413761675357819, 'EPC@10': 0.04897335171699524, 'Gini@10': 0.8824709057807922, 'best_nDCG@10': 0.11794707924127579, 'loss': 0.019220737740397453, 'ram_peak_mb': 5149.29296875, 'vram_peak_mb': 671.07861328125, 'epoch': 139, 'step': 23240}, validation_spec=None)
[36m(RayTrainWorker pid=785207)[0m Checkpoint successfully created at: Checkpoint(filesystem=local, path=/home/vincenzo/warprec/experiment/haltgrand/lastfm_emotion_gemini/lastfm_emotion_gemini/ray_results/ray_train_trial_id=30675_00000/checkpoint_2026-07-30_09-35-00.061346)
[36m(RayTrainWorker pid=785207)[0m Reporting training result 141: TrainingReport(checkpoint=Checkpoint(filesystem=local, path=/home/vincenzo/warprec/experiment/haltgrand/lastfm_emotion_gemini/lastfm_emotion_gemini/ray_results/ray_train_trial_id=30675_00000/checkpoint_2026-07-30_09-35-00.061346), metrics={'nDCG@10': 0.11835343390703201, 'Recall@10': 0.1646125465631485, 'EPC@10': 0.04914822056889534, 'Gini@10': 0.881729781627655, 'best_nDCG@10': 0.11835343390703201, 'loss': 0.018997371196746826, 'ram_peak_mb': 5149.32421875, 'vram_peak_mb': 671.07861328125, 'epoch': 140, 'step': 23406}, validation_spec=None)
[36m(RayTrainWorker pid=785207)[0m Checkpoint successfully created at: Checkpoint(filesystem=local, path=/home/vincenzo/warprec/experiment/haltgrand/lastfm_emotion_gemini/lastfm_emotion_gemini/ray_results/ray_train_trial_id=30675_00000/checkpoint_2026-07-30_09-35-10.280161)
[36m(RayTrainWorker pid=785207)[0m Reporting training result 142: TrainingReport(checkpoint=Checkpoint(filesystem=local, path=/home/vincenzo/warprec/experiment/haltgrand/lastfm_emotion_gemini/lastfm_emotion_gemini/ray_results/ray_train_trial_id=30675_00000/checkpoint_2026-07-30_09-35-10.280161), metrics={'nDCG@10': 0.11855004727840424, 'Recall@10': 0.16482456028461456, 'EPC@10': 0.04921393468976021, 'Gini@10': 0.8810288310050964, 'best_nDCG@10': 0.11855004727840424, 'loss': 0.019220098853111267, 'ram_peak_mb': 5149.359375, 'vram_peak_mb': 671.07861328125, 'epoch': 141, 'step': 23572}, validation_spec=None)
[36m(RayTrainWorker pid=785207)[0m Checkpoint successfully created at: Checkpoint(filesystem=local, path=/home/vincenzo/warprec/experiment/haltgrand/lastfm_emotion_gemini/lastfm_emotion_gemini/ray_results/ray_train_trial_id=30675_00000/checkpoint_2026-07-30_09-35-20.877502)
[36m(RayTrainWorker pid=785207)[0m Reporting training result 143: TrainingReport(checkpoint=Checkpoint(filesystem=local, path=/home/vincenzo/warprec/experiment/haltgrand/lastfm_emotion_gemini/lastfm_emotion_gemini/ray_results/ray_train_trial_id=30675_00000/checkpoint_2026-07-30_09-35-20.877502), metrics={'nDCG@10': 0.11887145787477493, 'Recall@10': 0.16531310975551605, 'EPC@10': 0.04934055358171463, 'Gini@10': 0.8804166913032532, 'best_nDCG@10': 0.11887145787477493, 'loss': 0.018947230651974678, 'ram_peak_mb': 5149.359375, 'vram_peak_mb': 671.07861328125, 'epoch': 142, 'step': 23738}, validation_spec=None)
[36m(RayTrainWorker pid=785207)[0m Checkpoint successfully created at: Checkpoint(filesystem=local, path=/home/vincenzo/warprec/experiment/haltgrand/lastfm_emotion_gemini/lastfm_emotion_gemini/ray_results/ray_train_trial_id=30675_00000/checkpoint_2026-07-30_09-35-33.322362)
[36m(RayTrainWorker pid=785207)[0m Reporting training result 144: TrainingReport(checkpoint=Checkpoint(filesystem=local, path=/home/vincenzo/warprec/experiment/haltgrand/lastfm_emotion_gemini/lastfm_emotion_gemini/ray_results/ray_train_trial_id=30675_00000/checkpoint_2026-07-30_09-35-33.322362), metrics={'nDCG@10': 0.11908339709043503, 'Recall@10': 0.16520476341247559, 'EPC@10': 0.04944970831274986, 'Gini@10': 0.8798090815544128, 'best_nDCG@10': 0.11908339709043503, 'loss': 0.018725678324699402, 'ram_peak_mb': 5149.37109375, 'vram_peak_mb': 671.07861328125, 'epoch': 143, 'step': 23904}, validation_spec=None)
[36m(RayTrainWorker pid=785207)[0m Checkpoint successfully created at: Checkpoint(filesystem=local, path=/home/vincenzo/warprec/experiment/haltgrand/lastfm_emotion_gemini/lastfm_emotion_gemini/ray_results/ray_train_trial_id=30675_00000/checkpoint_2026-07-30_09-35-44.146464)
[36m(RayTrainWorker pid=785207)[0m Reporting training result 145: TrainingReport(checkpoint=Checkpoint(filesystem=local, path=/home/vincenzo/warprec/experiment/haltgrand/lastfm_emotion_gemini/lastfm_emotion_gemini/ray_results/ray_train_trial_id=30675_00000/checkpoint_2026-07-30_09-35-44.146464), metrics={'nDCG@10': 0.11933840811252594, 'Recall@10': 0.16556492447853088, 'EPC@10': 0.04955051839351654, 'Gini@10': 0.8789299130439758, 'best_nDCG@10': 0.11933840811252594, 'loss': 0.018922729417681694, 'ram_peak_mb': 5150.36328125, 'vram_peak_mb': 671.07861328125, 'epoch': 144, 'step': 24070}, validation_spec=None)

Trial status: 1 RUNNING
Current time: 2026-07-30 09:34:14. Total running time: 26min 3s
Logical resource usage: 0.05/12 CPUs, 0/2 GPUs (0.0/1.0 accelerator_type:G)
Current best trial: 30675_00000 with nDCG@10=0.11710943281650543 and params={'embedding_size': 64, 'n_layers': 3, 'reg_weight': 0.0001, 'batch_size': 4096, 'epochs': 300, 'learning_rate': 0.001}
╭──────────────────────────────────────────────────────────────────────────────────────────────────────────────────────────────────────────────────────────────────────────────────────────────────────────────╮
│ Trial name                  status       embedding_size     n_layers     reg_weight     batch_size     epochs     learning_rate     iter     total time (s)     nDCG@10     Recall@10     EPC@10     Gini@10 │
├──────────────────────────────────────────────────────────────────────────────────────────────────────────────────────────────────────────────────────────────────────────────────────────────────────────────┤
│ LightGCN_QuaintOchreGoose   RUNNING                  64            3         0.0001           4096        300             0.001      136            1542.98    0.117109        0.1632   0.048632     0.88554 │
╰──────────────────────────────────────────────────────────────────────────────────────────────────────────────────────────────────────────────────────────────────────────────────────────────────────────────╯
Trial status: 1 RUNNING
Current time: 2026-07-30 09:34:44. Total running time: 26min 33s
Logical resource usage: 0.05/12 CPUs, 0/2 GPUs (0.0/1.0 accelerator_type:G)
Current best trial: 30675_00000 with nDCG@10=0.11757298558950424 and params={'embedding_size': 64, 'n_layers': 3, 'reg_weight': 0.0001, 'batch_size': 4096, 'epochs': 300, 'learning_rate': 0.001}
╭───────────────────────────────────────────────────────────────────────────────────────────────────────────────────────────────────────────────────────────────────────────────────────────────────────────────╮
│ Trial name                  status       embedding_size     n_layers     reg_weight     batch_size     epochs     learning_rate     iter     total time (s)     nDCG@10     Recall@10      EPC@10     Gini@10 │
├───────────────────────────────────────────────────────────────────────────────────────────────────────────────────────────────────────────────────────────────────────────────────────────────────────────────┤
│ LightGCN_QuaintOchreGoose   RUNNING                  64            3         0.0001           4096        300             0.001      139            1575.06    0.117573      0.163551   0.0488089    0.883382 │
╰───────────────────────────────────────────────────────────────────────────────────────────────────────────────────────────────────────────────────────────────────────────────────────────────────────────────╯
Trial status: 1 RUNNING
Current time: 2026-07-30 09:35:14. Total running time: 27min 3s
Logical resource usage: 0.05/12 CPUs, 0/2 GPUs (0.0/1.0 accelerator_type:G)
Current best trial: 30675_00000 with nDCG@10=0.11855004727840424 and params={'embedding_size': 64, 'n_layers': 3, 'reg_weight': 0.0001, 'batch_size': 4096, 'epochs': 300, 'learning_rate': 0.001}
╭───────────────────────────────────────────────────────────────────────────────────────────────────────────────────────────────────────────────────────────────────────────────────────────────────────────────╮
│ Trial name                  status       embedding_size     n_layers     reg_weight     batch_size     epochs     learning_rate     iter     total time (s)     nDCG@10     Recall@10      EPC@10     Gini@10 │
├───────────────────────────────────────────────────────────────────────────────────────────────────────────────────────────────────────────────────────────────────────────────────────────────────────────────┤
│ LightGCN_QuaintOchreGoose   RUNNING                  64            3         0.0001           4096        300             0.001      142            1607.31     0.11855      0.164825   0.0492139    0.881029 │
╰───────────────────────────────────────────────────────────────────────────────────────────────────────────────────────────────────────────────────────────────────────────────────────────────────────────────╯
Trial status: 1 RUNNING
Current time: 2026-07-30 09:35:44. Total running time: 27min 33s
Logical resource usage: 0.05/12 CPUs, 0/2 GPUs (0.0/1.0 accelerator_type:G)
Current best trial: 30675_00000 with nDCG@10=0.11933840811252594 and params={'embedding_size': 64, 'n_layers': 3, 'reg_weight': 0.0001, 'batch_size': 4096, 'epochs': 300, 'learning_rate': 0.001}[36m(RayTrainWorker pid=785207)[0m Checkpoint successfully created at: Checkpoint(filesystem=local, path=/home/vincenzo/warprec/experiment/haltgrand/lastfm_emotion_gemini/lastfm_emotion_gemini/ray_results/ray_train_trial_id=30675_00000/checkpoint_2026-07-30_09-35-54.579259)
[36m(RayTrainWorker pid=785207)[0m Reporting training result 146: TrainingReport(checkpoint=Checkpoint(filesystem=local, path=/home/vincenzo/warprec/experiment/haltgrand/lastfm_emotion_gemini/lastfm_emotion_gemini/ray_results/ray_train_trial_id=30675_00000/checkpoint_2026-07-30_09-35-54.579259), metrics={'nDCG@10': 0.11948373168706894, 'Recall@10': 0.16582706570625305, 'EPC@10': 0.04961491376161575, 'Gini@10': 0.8781815767288208, 'best_nDCG@10': 0.11948373168706894, 'loss': 0.018616100773215294, 'ram_peak_mb': 5150.3828125, 'vram_peak_mb': 671.07861328125, 'epoch': 145, 'step': 24236}, validation_spec=None)
[36m(RayTrainWorker pid=785207)[0m Checkpoint successfully created at: Checkpoint(filesystem=local, path=/home/vincenzo/warprec/experiment/haltgrand/lastfm_emotion_gemini/lastfm_emotion_gemini/ray_results/ray_train_trial_id=30675_00000/checkpoint_2026-07-30_09-36-06.016279)
[36m(RayTrainWorker pid=785207)[0m Reporting training result 147: TrainingReport(checkpoint=Checkpoint(filesystem=local, path=/home/vincenzo/warprec/experiment/haltgrand/lastfm_emotion_gemini/lastfm_emotion_gemini/ray_results/ray_train_trial_id=30675_00000/checkpoint_2026-07-30_09-36-06.016279), metrics={'nDCG@10': 0.11993791908025742, 'Recall@10': 0.1664115935564041, 'EPC@10': 0.04977114126086235, 'Gini@10': 0.8776487112045288, 'best_nDCG@10': 0.11993791908025742, 'loss': 0.018563000485301018, 'ram_peak_mb': 5150.3828125, 'vram_peak_mb': 671.07861328125, 'epoch': 146, 'step': 24402}, validation_spec=None)
[36m(RayTrainWorker pid=785207)[0m Checkpoint successfully created at: Checkpoint(filesystem=local, path=/home/vincenzo/warprec/experiment/haltgrand/lastfm_emotion_gemini/lastfm_emotion_gemini/ray_results/ray_train_trial_id=30675_00000/checkpoint_2026-07-30_09-36-17.705061)
[36m(RayTrainWorker pid=785207)[0m Reporting training result 148: TrainingReport(checkpoint=Checkpoint(filesystem=local, path=/home/vincenzo/warprec/experiment/haltgrand/lastfm_emotion_gemini/lastfm_emotion_gemini/ray_results/ray_train_trial_id=30675_00000/checkpoint_2026-07-30_09-36-17.705061), metrics={'nDCG@10': 0.12023423612117767, 'Recall@10': 0.1668160855770111, 'EPC@10': 0.04989435151219368, 'Gini@10': 0.8765466213226318, 'best_nDCG@10': 0.12023423612117767, 'loss': 0.01858297735452652, 'ram_peak_mb': 5150.3828125, 'vram_peak_mb': 671.07861328125, 'epoch': 147, 'step': 24568}, validation_spec=None)
[36m(RayTrainWorker pid=785207)[0m Checkpoint successfully created at: Checkpoint(filesystem=local, path=/home/vincenzo/warprec/experiment/haltgrand/lastfm_emotion_gemini/lastfm_emotion_gemini/ray_results/ray_train_trial_id=30675_00000/checkpoint_2026-07-30_09-36-28.253817)
[36m(RayTrainWorker pid=785207)[0m Reporting training result 149: TrainingReport(checkpoint=Checkpoint(filesystem=local, path=/home/vincenzo/warprec/experiment/haltgrand/lastfm_emotion_gemini/lastfm_emotion_gemini/ray_results/ray_train_trial_id=30675_00000/checkpoint_2026-07-30_09-36-28.253817), metrics={'nDCG@10': 0.12058404833078384, 'Recall@10': 0.16753661632537842, 'EPC@10': 0.05003553256392479, 'Gini@10': 0.8756011724472046, 'best_nDCG@10': 0.12058404833078384, 'loss': 0.018411027267575264, 'ram_peak_mb': 5150.3828125, 'vram_peak_mb': 671.07861328125, 'epoch': 148, 'step': 24734}, validation_spec=None)
[36m(RayTrainWorker pid=785207)[0m Checkpoint successfully created at: Checkpoint(filesystem=local, path=/home/vincenzo/warprec/experiment/haltgrand/lastfm_emotion_gemini/lastfm_emotion_gemini/ray_results/ray_train_trial_id=30675_00000/checkpoint_2026-07-30_09-36-39.249917)
[36m(RayTrainWorker pid=785207)[0m Reporting training result 150: TrainingReport(checkpoint=Checkpoint(filesystem=local, path=/home/vincenzo/warprec/experiment/haltgrand/lastfm_emotion_gemini/lastfm_emotion_gemini/ray_results/ray_train_trial_id=30675_00000/checkpoint_2026-07-30_09-36-39.249917), metrics={'nDCG@10': 0.12058945000171661, 'Recall@10': 0.16749584674835205, 'EPC@10': 0.050042178481817245, 'Gini@10': 0.8749694228172302, 'best_nDCG@10': 0.12058945000171661, 'loss': 0.01802174374461174, 'ram_peak_mb': 5150.3984375, 'vram_peak_mb': 671.07861328125, 'epoch': 149, 'step': 24900}, validation_spec=None)
[36m(RayTrainWorker pid=785207)[0m Checkpoint successfully created at: Checkpoint(filesystem=local, path=/home/vincenzo/warprec/experiment/haltgrand/lastfm_emotion_gemini/lastfm_emotion_gemini/ray_results/ray_train_trial_id=30675_00000/checkpoint_2026-07-30_09-36-50.040961)
[36m(RayTrainWorker pid=785207)[0m Reporting training result 151: TrainingReport(checkpoint=Checkpoint(filesystem=local, path=/home/vincenzo/warprec/experiment/haltgrand/lastfm_emotion_gemini/lastfm_emotion_gemini/ray_results/ray_train_trial_id=30675_00000/checkpoint_2026-07-30_09-36-50.040961), metrics={'nDCG@10': 0.12091238796710968, 'Recall@10': 0.16805195808410645, 'EPC@10': 0.050165463238954544, 'Gini@10': 0.8744025230407715, 'best_nDCG@10': 0.12091238796710968, 'loss': 0.01823810115456581, 'ram_peak_mb': 5150.42578125, 'vram_peak_mb': 671.07861328125, 'epoch': 150, 'step': 25066}, validation_spec=None)
[36m(RayTrainWorker pid=785207)[0m Checkpoint successfully created at: Checkpoint(filesystem=local, path=/home/vincenzo/warprec/experiment/haltgrand/lastfm_emotion_gemini/lastfm_emotion_gemini/ray_results/ray_train_trial_id=30675_00000/checkpoint_2026-07-30_09-37-01.349587)
[36m(RayTrainWorker pid=785207)[0m Reporting training result 152: TrainingReport(checkpoint=Checkpoint(filesystem=local, path=/home/vincenzo/warprec/experiment/haltgrand/lastfm_emotion_gemini/lastfm_emotion_gemini/ray_results/ray_train_trial_id=30675_00000/checkpoint_2026-07-30_09-37-01.349587), metrics={'nDCG@10': 0.12118440866470337, 'Recall@10': 0.1681806743144989, 'EPC@10': 0.05026346072554588, 'Gini@10': 0.8739540576934814, 'best_nDCG@10': 0.12118440866470337, 'loss': 0.018099907785654068, 'ram_peak_mb': 5150.4453125, 'vram_peak_mb': 671.07861328125, 'epoch': 151, 'step': 25232}, validation_spec=None)
[36m(RayTrainWorker pid=785207)[0m Checkpoint successfully created at: Checkpoint(filesystem=local, path=/home/vincenzo/warprec/experiment/haltgrand/lastfm_emotion_gemini/lastfm_emotion_gemini/ray_results/ray_train_trial_id=30675_00000/checkpoint_2026-07-30_09-37-12.513138)
[36m(RayTrainWorker pid=785207)[0m Reporting training result 153: TrainingReport(checkpoint=Checkpoint(filesystem=local, path=/home/vincenzo/warprec/experiment/haltgrand/lastfm_emotion_gemini/lastfm_emotion_gemini/ray_results/ray_train_trial_id=30675_00000/checkpoint_2026-07-30_09-37-12.513138), metrics={'nDCG@10': 0.12119574099779129, 'Recall@10': 0.16796009242534637, 'EPC@10': 0.05029003322124481, 'Gini@10': 0.8732215166091919, 'best_nDCG@10': 0.12119574099779129, 'loss': 0.01807348243892193, 'ram_peak_mb': 5151.4296875, 'vram_peak_mb': 671.07861328125, 'epoch': 152, 'step': 25398}, validation_spec=None)

╭───────────────────────────────────────────────────────────────────────────────────────────────────────────────────────────────────────────────────────────────────────────────────────────────────────────────╮
│ Trial name                  status       embedding_size     n_layers     reg_weight     batch_size     epochs     learning_rate     iter     total time (s)     nDCG@10     Recall@10      EPC@10     Gini@10 │
├───────────────────────────────────────────────────────────────────────────────────────────────────────────────────────────────────────────────────────────────────────────────────────────────────────────────┤
│ LightGCN_QuaintOchreGoose   RUNNING                  64            3         0.0001           4096        300             0.001      145            1639.77    0.119338      0.165565   0.0495505     0.87893 │
╰───────────────────────────────────────────────────────────────────────────────────────────────────────────────────────────────────────────────────────────────────────────────────────────────────────────────╯
Trial status: 1 RUNNING
Current time: 2026-07-30 09:36:14. Total running time: 28min 3s
Logical resource usage: 0.05/12 CPUs, 0/2 GPUs (0.0/1.0 accelerator_type:G)
Current best trial: 30675_00000 with nDCG@10=0.11993791908025742 and params={'embedding_size': 64, 'n_layers': 3, 'reg_weight': 0.0001, 'batch_size': 4096, 'epochs': 300, 'learning_rate': 0.001}
╭───────────────────────────────────────────────────────────────────────────────────────────────────────────────────────────────────────────────────────────────────────────────────────────────────────────────╮
│ Trial name                  status       embedding_size     n_layers     reg_weight     batch_size     epochs     learning_rate     iter     total time (s)     nDCG@10     Recall@10      EPC@10     Gini@10 │
├───────────────────────────────────────────────────────────────────────────────────────────────────────────────────────────────────────────────────────────────────────────────────────────────────────────────┤
│ LightGCN_QuaintOchreGoose   RUNNING                  64            3         0.0001           4096        300             0.001      147            1661.98    0.119938      0.166412   0.0497711    0.877649 │
╰───────────────────────────────────────────────────────────────────────────────────────────────────────────────────────────────────────────────────────────────────────────────────────────────────────────────╯
Trial status: 1 RUNNING
Current time: 2026-07-30 09:36:44. Total running time: 28min 33s
Logical resource usage: 0.05/12 CPUs, 0/2 GPUs (0.0/1.0 accelerator_type:G)
Current best trial: 30675_00000 with nDCG@10=0.12058945000171661 and params={'embedding_size': 64, 'n_layers': 3, 'reg_weight': 0.0001, 'batch_size': 4096, 'epochs': 300, 'learning_rate': 0.001}
╭───────────────────────────────────────────────────────────────────────────────────────────────────────────────────────────────────────────────────────────────────────────────────────────────────────────────╮
│ Trial name                  status       embedding_size     n_layers     reg_weight     batch_size     epochs     learning_rate     iter     total time (s)     nDCG@10     Recall@10      EPC@10     Gini@10 │
├───────────────────────────────────────────────────────────────────────────────────────────────────────────────────────────────────────────────────────────────────────────────────────────────────────────────┤
│ LightGCN_QuaintOchreGoose   RUNNING                  64            3         0.0001           4096        300             0.001      150             1696.1    0.120589      0.167496   0.0500422    0.874969 │
╰───────────────────────────────────────────────────────────────────────────────────────────────────────────────────────────────────────────────────────────────────────────────────────────────────────────────╯
Trial status: 1 RUNNING
Current time: 2026-07-30 09:37:15. Total running time: 29min 3s
Logical resource usage: 0.05/12 CPUs, 0/2 GPUs (0.0/1.0 accelerator_type:G)
Current best trial: 30675_00000 with nDCG@10=0.12119574099779129 and params={'embedding_size': 64, 'n_layers': 3, 'reg_weight': 0.0001, 'batch_size': 4096, 'epochs': 300, 'learning_rate': 0.001}
╭──────────────────────────────────────────────────────────────────────────────────────────────────────────────────────────────────────────────────────────────────────────────────────────────────────────────╮
│ Trial name                  status       embedding_size     n_layers     reg_weight     batch_size     epochs     learning_rate     iter     total time (s)     nDCG@10     Recall@10     EPC@10     Gini@10 │
├──────────────────────────────────────────────────────────────────────────────────────────────────────────────────────────────────────────────────────────────────────────────────────────────────────────────┤
│ LightGCN_QuaintOchreGoose   RUNNING                  64            3         0.0001           4096        300             0.001      153            1728.52    0.121196       0.16796    0.05029    0.873222 │
╰──────────────────────────────────────────────────────────────────────────────────────────────────────────────────────────────────────────────────────────────────────────────────────────────────────────────╯[36m(RayTrainWorker pid=785207)[0m Checkpoint successfully created at: Checkpoint(filesystem=local, path=/home/vincenzo/warprec/experiment/haltgrand/lastfm_emotion_gemini/lastfm_emotion_gemini/ray_results/ray_train_trial_id=30675_00000/checkpoint_2026-07-30_09-37-23.344749)
[36m(RayTrainWorker pid=785207)[0m Reporting training result 154: TrainingReport(checkpoint=Checkpoint(filesystem=local, path=/home/vincenzo/warprec/experiment/haltgrand/lastfm_emotion_gemini/lastfm_emotion_gemini/ray_results/ray_train_trial_id=30675_00000/checkpoint_2026-07-30_09-37-23.344749), metrics={'nDCG@10': 0.12149376422166824, 'Recall@10': 0.16840316355228424, 'EPC@10': 0.050408732146024704, 'Gini@10': 0.8727455139160156, 'best_nDCG@10': 0.12149376422166824, 'loss': 0.01762516051530838, 'ram_peak_mb': 5151.4296875, 'vram_peak_mb': 671.07861328125, 'epoch': 153, 'step': 25564}, validation_spec=None)
[36m(RayTrainWorker pid=785207)[0m Checkpoint successfully created at: Checkpoint(filesystem=local, path=/home/vincenzo/warprec/experiment/haltgrand/lastfm_emotion_gemini/lastfm_emotion_gemini/ray_results/ray_train_trial_id=30675_00000/checkpoint_2026-07-30_09-37-35.024283)
[36m(RayTrainWorker pid=785207)[0m Reporting training result 155: TrainingReport(checkpoint=Checkpoint(filesystem=local, path=/home/vincenzo/warprec/experiment/haltgrand/lastfm_emotion_gemini/lastfm_emotion_gemini/ray_results/ray_train_trial_id=30675_00000/checkpoint_2026-07-30_09-37-35.024283), metrics={'nDCG@10': 0.12178437411785126, 'Recall@10': 0.16885380446910858, 'EPC@10': 0.05052154138684273, 'Gini@10': 0.8717674612998962, 'best_nDCG@10': 0.12178437411785126, 'loss': 0.017934929579496384, 'ram_peak_mb': 5151.4453125, 'vram_peak_mb': 671.07861328125, 'epoch': 154, 'step': 25730}, validation_spec=None)
[36m(RayTrainWorker pid=785207)[0m Checkpoint successfully created at: Checkpoint(filesystem=local, path=/home/vincenzo/warprec/experiment/haltgrand/lastfm_emotion_gemini/lastfm_emotion_gemini/ray_results/ray_train_trial_id=30675_00000/checkpoint_2026-07-30_09-37-46.196568)
[36m(RayTrainWorker pid=785207)[0m Reporting training result 156: TrainingReport(checkpoint=Checkpoint(filesystem=local, path=/home/vincenzo/warprec/experiment/haltgrand/lastfm_emotion_gemini/lastfm_emotion_gemini/ray_results/ray_train_trial_id=30675_00000/checkpoint_2026-07-30_09-37-46.196568), metrics={'nDCG@10': 0.12206670641899109, 'Recall@10': 0.1692245900630951, 'EPC@10': 0.05062317103147507, 'Gini@10': 0.8714269995689392, 'best_nDCG@10': 0.12206670641899109, 'loss': 0.017778467386960983, 'ram_peak_mb': 5151.44140625, 'vram_peak_mb': 671.07861328125, 'epoch': 155, 'step': 25896}, validation_spec=None)
[36m(RayTrainWorker pid=785207)[0m Checkpoint successfully created at: Checkpoint(filesystem=local, path=/home/vincenzo/warprec/experiment/haltgrand/lastfm_emotion_gemini/lastfm_emotion_gemini/ray_results/ray_train_trial_id=30675_00000/checkpoint_2026-07-30_09-37-56.726482)
[36m(RayTrainWorker pid=785207)[0m Reporting training result 157: TrainingReport(checkpoint=Checkpoint(filesystem=local, path=/home/vincenzo/warprec/experiment/haltgrand/lastfm_emotion_gemini/lastfm_emotion_gemini/ray_results/ray_train_trial_id=30675_00000/checkpoint_2026-07-30_09-37-56.726482), metrics={'nDCG@10': 0.1224340945482254, 'Recall@10': 0.16980542242527008, 'EPC@10': 0.05075841769576073, 'Gini@10': 0.8709626197814941, 'best_nDCG@10': 0.1224340945482254, 'loss': 0.017856234684586525, 'ram_peak_mb': 5151.44140625, 'vram_peak_mb': 671.07861328125, 'epoch': 156, 'step': 26062}, validation_spec=None)
[36m(RayTrainWorker pid=785207)[0m Checkpoint successfully created at: Checkpoint(filesystem=local, path=/home/vincenzo/warprec/experiment/haltgrand/lastfm_emotion_gemini/lastfm_emotion_gemini/ray_results/ray_train_trial_id=30675_00000/checkpoint_2026-07-30_09-38-07.621670)
[36m(RayTrainWorker pid=785207)[0m Reporting training result 158: TrainingReport(checkpoint=Checkpoint(filesystem=local, path=/home/vincenzo/warprec/experiment/haltgrand/lastfm_emotion_gemini/lastfm_emotion_gemini/ray_results/ray_train_trial_id=30675_00000/checkpoint_2026-07-30_09-38-07.621670), metrics={'nDCG@10': 0.12272193282842636, 'Recall@10': 0.17027825117111206, 'EPC@10': 0.05086756870150566, 'Gini@10': 0.8699203133583069, 'best_nDCG@10': 0.12272193282842636, 'loss': 0.017798857763409615, 'ram_peak_mb': 5152.4296875, 'vram_peak_mb': 671.07861328125, 'epoch': 157, 'step': 26228}, validation_spec=None)
[36m(RayTrainWorker pid=785207)[0m Checkpoint successfully created at: Checkpoint(filesystem=local, path=/home/vincenzo/warprec/experiment/haltgrand/lastfm_emotion_gemini/lastfm_emotion_gemini/ray_results/ray_train_trial_id=30675_00000/checkpoint_2026-07-30_09-38-19.487228)
[36m(RayTrainWorker pid=785207)[0m Reporting training result 159: TrainingReport(checkpoint=Checkpoint(filesystem=local, path=/home/vincenzo/warprec/experiment/haltgrand/lastfm_emotion_gemini/lastfm_emotion_gemini/ray_results/ray_train_trial_id=30675_00000/checkpoint_2026-07-30_09-38-19.487228), metrics={'nDCG@10': 0.1229187548160553, 'Recall@10': 0.17036885023117065, 'EPC@10': 0.05095623806118965, 'Gini@10': 0.8692629933357239, 'best_nDCG@10': 0.1229187548160553, 'loss': 0.017458278685808182, 'ram_peak_mb': 5152.9609375, 'vram_peak_mb': 671.07861328125, 'epoch': 158, 'step': 26394}, validation_spec=None)
[36m(RayTrainWorker pid=785207)[0m Checkpoint successfully created at: Checkpoint(filesystem=local, path=/home/vincenzo/warprec/experiment/haltgrand/lastfm_emotion_gemini/lastfm_emotion_gemini/ray_results/ray_train_trial_id=30675_00000/checkpoint_2026-07-30_09-38-30.349783)
[36m(RayTrainWorker pid=785207)[0m Reporting training result 160: TrainingReport(checkpoint=Checkpoint(filesystem=local, path=/home/vincenzo/warprec/experiment/haltgrand/lastfm_emotion_gemini/lastfm_emotion_gemini/ray_results/ray_train_trial_id=30675_00000/checkpoint_2026-07-30_09-38-30.349783), metrics={'nDCG@10': 0.12302279472351074, 'Recall@10': 0.17040014266967773, 'EPC@10': 0.051011547446250916, 'Gini@10': 0.8688399195671082, 'best_nDCG@10': 0.12302279472351074, 'loss': 0.017541389912366867, 'ram_peak_mb': 5151.9765625, 'vram_peak_mb': 671.07861328125, 'epoch': 159, 'step': 26560}, validation_spec=None)
[36m(RayTrainWorker pid=785207)[0m Checkpoint successfully created at: Checkpoint(filesystem=local, path=/home/vincenzo/warprec/experiment/haltgrand/lastfm_emotion_gemini/lastfm_emotion_gemini/ray_results/ray_train_trial_id=30675_00000/checkpoint_2026-07-30_09-38-41.362752)
[36m(RayTrainWorker pid=785207)[0m Reporting training result 161: TrainingReport(checkpoint=Checkpoint(filesystem=local, path=/home/vincenzo/warprec/experiment/haltgrand/lastfm_emotion_gemini/lastfm_emotion_gemini/ray_results/ray_train_trial_id=30675_00000/checkpoint_2026-07-30_09-38-41.362752), metrics={'nDCG@10': 0.12327519804239273, 'Recall@10': 0.171007439494133, 'EPC@10': 0.05109624192118645, 'Gini@10': 0.8684415221214294, 'best_nDCG@10': 0.12327519804239273, 'loss': 0.01729884184896946, 'ram_peak_mb': 5151.51171875, 'vram_peak_mb': 671.07861328125, 'epoch': 160, 'step': 26726}, validation_spec=None)
[36m(RayTrainWorker pid=785207)[0m Checkpoint successfully created at: Checkpoint(filesystem=local, path=/home/vincenzo/warprec/experiment/haltgrand/lastfm_emotion_gemini/lastfm_emotion_gemini/ray_results/ray_train_trial_id=30675_00000/checkpoint_2026-07-30_09-38-52.519217)
[36m(RayTrainWorker pid=785207)[0m Reporting training result 162: TrainingReport(checkpoint=Checkpoint(filesystem=local, path=/home/vincenzo/warprec/experiment/haltgrand/lastfm_emotion_gemini/lastfm_emotion_gemini/ray_results/ray_train_trial_id=30675_00000/checkpoint_2026-07-30_09-38-52.519217), metrics={'nDCG@10': 0.1233324185013771, 'Recall@10': 0.17108626663684845, 'EPC@10': 0.051102109253406525, 'Gini@10': 0.8678889870643616, 'best_nDCG@10': 0.1233324185013771, 'loss': 0.017464904114603996, 'ram_peak_mb': 5151.51171875, 'vram_peak_mb': 671.07861328125, 'epoch': 161, 'step': 26892}, validation_spec=None)
[36m(RayTrainWorker pid=785207)[0m Checkpoint successfully created at: Checkpoint(filesystem=local, path=/home/vincenzo/warprec/experiment/haltgrand/lastfm_emotion_gemini/lastfm_emotion_gemini/ray_results/ray_train_trial_id=30675_00000/checkpoint_2026-07-30_09-39-04.272905)
[36m(RayTrainWorker pid=785207)[0m Reporting training result 163: TrainingReport(checkpoint=Checkpoint(filesystem=local, path=/home/vincenzo/warprec/experiment/haltgrand/lastfm_emotion_gemini/lastfm_emotion_gemini/ray_results/ray_train_trial_id=30675_00000/checkpoint_2026-07-30_09-39-04.272905), metrics={'nDCG@10': 0.12363936007022858, 'Recall@10': 0.17144092917442322, 'EPC@10': 0.05120541900396347, 'Gini@10': 0.8671170473098755, 'best_nDCG@10': 0.12363936007022858, 'loss': 0.017190944403409958, 'ram_peak_mb': 5151.51171875, 'vram_peak_mb': 671.07861328125, 'epoch': 162, 'step': 27058}, validation_spec=None)

Trial status: 1 RUNNING
Current time: 2026-07-30 09:37:45. Total running time: 29min 33s
Logical resource usage: 0.05/12 CPUs, 0/2 GPUs (0.0/1.0 accelerator_type:G)
Current best trial: 30675_00000 with nDCG@10=0.12178437411785126 and params={'embedding_size': 64, 'n_layers': 3, 'reg_weight': 0.0001, 'batch_size': 4096, 'epochs': 300, 'learning_rate': 0.001}
╭───────────────────────────────────────────────────────────────────────────────────────────────────────────────────────────────────────────────────────────────────────────────────────────────────────────────╮
│ Trial name                  status       embedding_size     n_layers     reg_weight     batch_size     epochs     learning_rate     iter     total time (s)     nDCG@10     Recall@10      EPC@10     Gini@10 │
├───────────────────────────────────────────────────────────────────────────────────────────────────────────────────────────────────────────────────────────────────────────────────────────────────────────────┤
│ LightGCN_QuaintOchreGoose   RUNNING                  64            3         0.0001           4096        300             0.001      155            1750.76    0.121784      0.168854   0.0505215    0.871767 │
╰───────────────────────────────────────────────────────────────────────────────────────────────────────────────────────────────────────────────────────────────────────────────────────────────────────────────╯
Trial status: 1 RUNNING
Current time: 2026-07-30 09:38:15. Total running time: 30min 3s
Logical resource usage: 0.05/12 CPUs, 0/2 GPUs (0.0/1.0 accelerator_type:G)
Current best trial: 30675_00000 with nDCG@10=0.12272193282842636 and params={'embedding_size': 64, 'n_layers': 3, 'reg_weight': 0.0001, 'batch_size': 4096, 'epochs': 300, 'learning_rate': 0.001}
╭───────────────────────────────────────────────────────────────────────────────────────────────────────────────────────────────────────────────────────────────────────────────────────────────────────────────╮
│ Trial name                  status       embedding_size     n_layers     reg_weight     batch_size     epochs     learning_rate     iter     total time (s)     nDCG@10     Recall@10      EPC@10     Gini@10 │
├───────────────────────────────────────────────────────────────────────────────────────────────────────────────────────────────────────────────────────────────────────────────────────────────────────────────┤
│ LightGCN_QuaintOchreGoose   RUNNING                  64            3         0.0001           4096        300             0.001      158            1785.03    0.122722      0.170278   0.0508676     0.86992 │
╰───────────────────────────────────────────────────────────────────────────────────────────────────────────────────────────────────────────────────────────────────────────────────────────────────────────────╯
Trial status: 1 RUNNING
Current time: 2026-07-30 09:38:45. Total running time: 30min 33s
Logical resource usage: 0.05/12 CPUs, 0/2 GPUs (0.0/1.0 accelerator_type:G)
Current best trial: 30675_00000 with nDCG@10=0.12327519804239273 and params={'embedding_size': 64, 'n_layers': 3, 'reg_weight': 0.0001, 'batch_size': 4096, 'epochs': 300, 'learning_rate': 0.001}
╭───────────────────────────────────────────────────────────────────────────────────────────────────────────────────────────────────────────────────────────────────────────────────────────────────────────────╮
│ Trial name                  status       embedding_size     n_layers     reg_weight     batch_size     epochs     learning_rate     iter     total time (s)     nDCG@10     Recall@10      EPC@10     Gini@10 │
├───────────────────────────────────────────────────────────────────────────────────────────────────────────────────────────────────────────────────────────────────────────────────────────────────────────────┤
│ LightGCN_QuaintOchreGoose   RUNNING                  64            3         0.0001           4096        300             0.001      161            1817.27    0.123275      0.171007   0.0510962    0.868442 │
╰───────────────────────────────────────────────────────────────────────────────────────────────────────────────────────────────────────────────────────────────────────────────────────────────────────────────╯
Trial status: 1 RUNNING
Current time: 2026-07-30 09:39:15. Total running time: 31min 3s
Logical resource usage: 0.05/12 CPUs, 0/2 GPUs (0.0/1.0 accelerator_type:G)
Current best trial: 30675_00000 with nDCG@10=0.12363936007022858 and params={'embedding_size': 64, 'n_layers': 3, 'reg_weight': 0.0001, 'batch_size': 4096, 'epochs': 300, 'learning_rate': 0.001}[36m(RayTrainWorker pid=785207)[0m Checkpoint successfully created at: Checkpoint(filesystem=local, path=/home/vincenzo/warprec/experiment/haltgrand/lastfm_emotion_gemini/lastfm_emotion_gemini/ray_results/ray_train_trial_id=30675_00000/checkpoint_2026-07-30_09-39-15.103098)
[36m(RayTrainWorker pid=785207)[0m Reporting training result 164: TrainingReport(checkpoint=Checkpoint(filesystem=local, path=/home/vincenzo/warprec/experiment/haltgrand/lastfm_emotion_gemini/lastfm_emotion_gemini/ray_results/ray_train_trial_id=30675_00000/checkpoint_2026-07-30_09-39-15.103098), metrics={'nDCG@10': 0.12377020716667175, 'Recall@10': 0.1714058220386505, 'EPC@10': 0.05127798765897751, 'Gini@10': 0.8666210770606995, 'best_nDCG@10': 0.12377020716667175, 'loss': 0.017126144841313362, 'ram_peak_mb': 5151.51171875, 'vram_peak_mb': 671.07861328125, 'epoch': 163, 'step': 27224}, validation_spec=None)
[36m(RayTrainWorker pid=785207)[0m Checkpoint successfully created at: Checkpoint(filesystem=local, path=/home/vincenzo/warprec/experiment/haltgrand/lastfm_emotion_gemini/lastfm_emotion_gemini/ray_results/ray_train_trial_id=30675_00000/checkpoint_2026-07-30_09-39-26.180787)
[36m(RayTrainWorker pid=785207)[0m Reporting training result 165: TrainingReport(checkpoint=Checkpoint(filesystem=local, path=/home/vincenzo/warprec/experiment/haltgrand/lastfm_emotion_gemini/lastfm_emotion_gemini/ray_results/ray_train_trial_id=30675_00000/checkpoint_2026-07-30_09-39-26.180787), metrics={'nDCG@10': 0.12415105849504471, 'Recall@10': 0.17200425267219543, 'EPC@10': 0.05144142359495163, 'Gini@10': 0.8657429814338684, 'best_nDCG@10': 0.12415105849504471, 'loss': 0.017239324748516083, 'ram_peak_mb': 5151.515625, 'vram_peak_mb': 671.07861328125, 'epoch': 164, 'step': 27390}, validation_spec=None)
[36m(RayTrainWorker pid=785207)[0m Checkpoint successfully created at: Checkpoint(filesystem=local, path=/home/vincenzo/warprec/experiment/haltgrand/lastfm_emotion_gemini/lastfm_emotion_gemini/ray_results/ray_train_trial_id=30675_00000/checkpoint_2026-07-30_09-39-37.242608)
[36m(RayTrainWorker pid=785207)[0m Reporting training result 166: TrainingReport(checkpoint=Checkpoint(filesystem=local, path=/home/vincenzo/warprec/experiment/haltgrand/lastfm_emotion_gemini/lastfm_emotion_gemini/ray_results/ray_train_trial_id=30675_00000/checkpoint_2026-07-30_09-39-37.242608), metrics={'nDCG@10': 0.12456494569778442, 'Recall@10': 0.17283698916435242, 'EPC@10': 0.05161336809396744, 'Gini@10': 0.865239143371582, 'best_nDCG@10': 0.12456494569778442, 'loss': 0.016969284042716026, 'ram_peak_mb': 5152.51953125, 'vram_peak_mb': 671.07861328125, 'epoch': 165, 'step': 27556}, validation_spec=None)
[36m(RayTrainWorker pid=785207)[0m Checkpoint successfully created at: Checkpoint(filesystem=local, path=/home/vincenzo/warprec/experiment/haltgrand/lastfm_emotion_gemini/lastfm_emotion_gemini/ray_results/ray_train_trial_id=30675_00000/checkpoint_2026-07-30_09-39-48.887191)
[36m(RayTrainWorker pid=785207)[0m Reporting training result 167: TrainingReport(checkpoint=Checkpoint(filesystem=local, path=/home/vincenzo/warprec/experiment/haltgrand/lastfm_emotion_gemini/lastfm_emotion_gemini/ray_results/ray_train_trial_id=30675_00000/checkpoint_2026-07-30_09-39-48.887191), metrics={'nDCG@10': 0.12468869239091873, 'Recall@10': 0.17279568314552307, 'EPC@10': 0.05166146904230118, 'Gini@10': 0.8645660281181335, 'best_nDCG@10': 0.12468869239091873, 'loss': 0.017058948054909706, 'ram_peak_mb': 5153.0546875, 'vram_peak_mb': 671.07861328125, 'epoch': 166, 'step': 27722}, validation_spec=None)
[36m(RayTrainWorker pid=785207)[0m Checkpoint successfully created at: Checkpoint(filesystem=local, path=/home/vincenzo/warprec/experiment/haltgrand/lastfm_emotion_gemini/lastfm_emotion_gemini/ray_results/ray_train_trial_id=30675_00000/checkpoint_2026-07-30_09-39-59.922915)
[36m(RayTrainWorker pid=785207)[0m Reporting training result 168: TrainingReport(checkpoint=Checkpoint(filesystem=local, path=/home/vincenzo/warprec/experiment/haltgrand/lastfm_emotion_gemini/lastfm_emotion_gemini/ray_results/ray_train_trial_id=30675_00000/checkpoint_2026-07-30_09-39-59.922915), metrics={'nDCG@10': 0.12492569535970688, 'Recall@10': 0.17311568558216095, 'EPC@10': 0.051764462143182755, 'Gini@10': 0.8640812039375305, 'best_nDCG@10': 0.12492569535970688, 'loss': 0.016980573534965515, 'ram_peak_mb': 5153.05859375, 'vram_peak_mb': 671.07861328125, 'epoch': 167, 'step': 27888}, validation_spec=None)
[36m(RayTrainWorker pid=785207)[0m Checkpoint successfully created at: Checkpoint(filesystem=local, path=/home/vincenzo/warprec/experiment/haltgrand/lastfm_emotion_gemini/lastfm_emotion_gemini/ray_results/ray_train_trial_id=30675_00000/checkpoint_2026-07-30_09-40-11.045149)
[36m(RayTrainWorker pid=785207)[0m Reporting training result 169: TrainingReport(checkpoint=Checkpoint(filesystem=local, path=/home/vincenzo/warprec/experiment/haltgrand/lastfm_emotion_gemini/lastfm_emotion_gemini/ray_results/ray_train_trial_id=30675_00000/checkpoint_2026-07-30_09-40-11.045149), metrics={'nDCG@10': 0.1250619888305664, 'Recall@10': 0.17364686727523804, 'EPC@10': 0.051816411316394806, 'Gini@10': 0.8632151484489441, 'best_nDCG@10': 0.1250619888305664, 'loss': 0.016938654705882072, 'ram_peak_mb': 5152.07421875, 'vram_peak_mb': 671.07861328125, 'epoch': 168, 'step': 28054}, validation_spec=None)
[36m(RayTrainWorker pid=785207)[0m Checkpoint successfully created at: Checkpoint(filesystem=local, path=/home/vincenzo/warprec/experiment/haltgrand/lastfm_emotion_gemini/lastfm_emotion_gemini/ray_results/ray_train_trial_id=30675_00000/checkpoint_2026-07-30_09-40-22.262097)
[36m(RayTrainWorker pid=785207)[0m Reporting training result 170: TrainingReport(checkpoint=Checkpoint(filesystem=local, path=/home/vincenzo/warprec/experiment/haltgrand/lastfm_emotion_gemini/lastfm_emotion_gemini/ray_results/ray_train_trial_id=30675_00000/checkpoint_2026-07-30_09-40-22.262097), metrics={'nDCG@10': 0.12518128752708435, 'Recall@10': 0.17358897626399994, 'EPC@10': 0.051876939833164215, 'Gini@10': 0.8626980185508728, 'best_nDCG@10': 0.12518128752708435, 'loss': 0.016850119456648827, 'ram_peak_mb': 5151.55078125, 'vram_peak_mb': 671.07861328125, 'epoch': 169, 'step': 28220}, validation_spec=None)
[36m(RayTrainWorker pid=785207)[0m Checkpoint successfully created at: Checkpoint(filesystem=local, path=/home/vincenzo/warprec/experiment/haltgrand/lastfm_emotion_gemini/lastfm_emotion_gemini/ray_results/ray_train_trial_id=30675_00000/checkpoint_2026-07-30_09-40-34.077785)
[36m(RayTrainWorker pid=785207)[0m Reporting training result 171: TrainingReport(checkpoint=Checkpoint(filesystem=local, path=/home/vincenzo/warprec/experiment/haltgrand/lastfm_emotion_gemini/lastfm_emotion_gemini/ray_results/ray_train_trial_id=30675_00000/checkpoint_2026-07-30_09-40-34.077785), metrics={'nDCG@10': 0.12532830238342285, 'Recall@10': 0.17364825308322906, 'EPC@10': 0.0519445426762104, 'Gini@10': 0.8621964454650879, 'best_nDCG@10': 0.12532830238342285, 'loss': 0.01667448692023754, 'ram_peak_mb': 5151.5390625, 'vram_peak_mb': 671.07861328125, 'epoch': 170, 'step': 28386}, validation_spec=None)
[36m(RayTrainWorker pid=785207)[0m Checkpoint successfully created at: Checkpoint(filesystem=local, path=/home/vincenzo/warprec/experiment/haltgrand/lastfm_emotion_gemini/lastfm_emotion_gemini/ray_results/ray_train_trial_id=30675_00000/checkpoint_2026-07-30_09-40-44.952734)
[36m(RayTrainWorker pid=785207)[0m Reporting training result 172: TrainingReport(checkpoint=Checkpoint(filesystem=local, path=/home/vincenzo/warprec/experiment/haltgrand/lastfm_emotion_gemini/lastfm_emotion_gemini/ray_results/ray_train_trial_id=30675_00000/checkpoint_2026-07-30_09-40-44.952734), metrics={'nDCG@10': 0.1254243552684784, 'Recall@10': 0.17361734807491302, 'EPC@10': 0.051990706473588943, 'Gini@10': 0.8615731000900269, 'best_nDCG@10': 0.1254243552684784, 'loss': 0.01676616258919239, 'ram_peak_mb': 5152.54296875, 'vram_peak_mb': 671.07861328125, 'epoch': 171, 'step': 28552}, validation_spec=None)

╭───────────────────────────────────────────────────────────────────────────────────────────────────────────────────────────────────────────────────────────────────────────────────────────────────────────────╮
│ Trial name                  status       embedding_size     n_layers     reg_weight     batch_size     epochs     learning_rate     iter     total time (s)     nDCG@10     Recall@10      EPC@10     Gini@10 │
├───────────────────────────────────────────────────────────────────────────────────────────────────────────────────────────────────────────────────────────────────────────────────────────────────────────────┤
│ LightGCN_QuaintOchreGoose   RUNNING                  64            3         0.0001           4096        300             0.001      163            1841.32    0.123639      0.171441   0.0512054    0.867117 │
╰───────────────────────────────────────────────────────────────────────────────────────────────────────────────────────────────────────────────────────────────────────────────────────────────────────────────╯
Trial status: 1 RUNNING
Current time: 2026-07-30 09:39:45. Total running time: 31min 33s
Logical resource usage: 0.05/12 CPUs, 0/2 GPUs (0.0/1.0 accelerator_type:G)
Current best trial: 30675_00000 with nDCG@10=0.12456494569778442 and params={'embedding_size': 64, 'n_layers': 3, 'reg_weight': 0.0001, 'batch_size': 4096, 'epochs': 300, 'learning_rate': 0.001}
╭───────────────────────────────────────────────────────────────────────────────────────────────────────────────────────────────────────────────────────────────────────────────────────────────────────────────╮
│ Trial name                  status       embedding_size     n_layers     reg_weight     batch_size     epochs     learning_rate     iter     total time (s)     nDCG@10     Recall@10      EPC@10     Gini@10 │
├───────────────────────────────────────────────────────────────────────────────────────────────────────────────────────────────────────────────────────────────────────────────────────────────────────────────┤
│ LightGCN_QuaintOchreGoose   RUNNING                  64            3         0.0001           4096        300             0.001      166            1873.61    0.124565      0.172837   0.0516134    0.865239 │
╰───────────────────────────────────────────────────────────────────────────────────────────────────────────────────────────────────────────────────────────────────────────────────────────────────────────────╯
Trial status: 1 RUNNING
Current time: 2026-07-30 09:40:15. Total running time: 32min 3s
Logical resource usage: 0.05/12 CPUs, 0/2 GPUs (0.0/1.0 accelerator_type:G)
Current best trial: 30675_00000 with nDCG@10=0.1250619888305664 and params={'embedding_size': 64, 'n_layers': 3, 'reg_weight': 0.0001, 'batch_size': 4096, 'epochs': 300, 'learning_rate': 0.001}
╭───────────────────────────────────────────────────────────────────────────────────────────────────────────────────────────────────────────────────────────────────────────────────────────────────────────────╮
│ Trial name                  status       embedding_size     n_layers     reg_weight     batch_size     epochs     learning_rate     iter     total time (s)     nDCG@10     Recall@10      EPC@10     Gini@10 │
├───────────────────────────────────────────────────────────────────────────────────────────────────────────────────────────────────────────────────────────────────────────────────────────────────────────────┤
│ LightGCN_QuaintOchreGoose   RUNNING                  64            3         0.0001           4096        300             0.001      169            1907.85    0.125062      0.173647   0.0518164    0.863215 │
╰───────────────────────────────────────────────────────────────────────────────────────────────────────────────────────────────────────────────────────────────────────────────────────────────────────────────╯
Trial status: 1 RUNNING
Current time: 2026-07-30 09:40:45. Total running time: 32min 33s
Logical resource usage: 0.05/12 CPUs, 0/2 GPUs (0.0/1.0 accelerator_type:G)
Current best trial: 30675_00000 with nDCG@10=0.1254243552684784 and params={'embedding_size': 64, 'n_layers': 3, 'reg_weight': 0.0001, 'batch_size': 4096, 'epochs': 300, 'learning_rate': 0.001}
╭───────────────────────────────────────────────────────────────────────────────────────────────────────────────────────────────────────────────────────────────────────────────────────────────────────────────╮
│ Trial name                  status       embedding_size     n_layers     reg_weight     batch_size     epochs     learning_rate     iter     total time (s)     nDCG@10     Recall@10      EPC@10     Gini@10 │
├───────────────────────────────────────────────────────────────────────────────────────────────────────────────────────────────────────────────────────────────────────────────────────────────────────────────┤
│ LightGCN_QuaintOchreGoose   RUNNING                  64            3         0.0001           4096        300             0.001      172            1940.13    0.125424      0.173617   0.0519907    0.861573 │
╰───────────────────────────────────────────────────────────────────────────────────────────────────────────────────────────────────────────────────────────────────────────────────────────────────────────────╯[36m(RayTrainWorker pid=785207)[0m Checkpoint successfully created at: Checkpoint(filesystem=local, path=/home/vincenzo/warprec/experiment/haltgrand/lastfm_emotion_gemini/lastfm_emotion_gemini/ray_results/ray_train_trial_id=30675_00000/checkpoint_2026-07-30_09-40-56.149951)
[36m(RayTrainWorker pid=785207)[0m Reporting training result 173: TrainingReport(checkpoint=Checkpoint(filesystem=local, path=/home/vincenzo/warprec/experiment/haltgrand/lastfm_emotion_gemini/lastfm_emotion_gemini/ray_results/ray_train_trial_id=30675_00000/checkpoint_2026-07-30_09-40-56.149951), metrics={'nDCG@10': 0.1258247047662735, 'Recall@10': 0.17419525980949402, 'EPC@10': 0.05212552845478058, 'Gini@10': 0.8610775470733643, 'best_nDCG@10': 0.1258247047662735, 'loss': 0.01660163700580597, 'ram_peak_mb': 5153.078125, 'vram_peak_mb': 671.07861328125, 'epoch': 172, 'step': 28718}, validation_spec=None)
[36m(RayTrainWorker pid=785207)[0m Checkpoint successfully created at: Checkpoint(filesystem=local, path=/home/vincenzo/warprec/experiment/haltgrand/lastfm_emotion_gemini/lastfm_emotion_gemini/ray_results/ray_train_trial_id=30675_00000/checkpoint_2026-07-30_09-41-07.899651)
[36m(RayTrainWorker pid=785207)[0m Reporting training result 174: TrainingReport(checkpoint=Checkpoint(filesystem=local, path=/home/vincenzo/warprec/experiment/haltgrand/lastfm_emotion_gemini/lastfm_emotion_gemini/ray_results/ray_train_trial_id=30675_00000/checkpoint_2026-07-30_09-41-07.899651), metrics={'nDCG@10': 0.1257275491952896, 'Recall@10': 0.17394384741783142, 'EPC@10': 0.05208304896950722, 'Gini@10': 0.8606774210929871, 'best_nDCG@10': 0.1258247047662735, 'loss': 0.016590943560004234, 'ram_peak_mb': 5151.5390625, 'vram_peak_mb': 671.07861328125, 'epoch': 173, 'step': 28884}, validation_spec=None)
[36m(RayTrainWorker pid=785207)[0m Checkpoint successfully created at: Checkpoint(filesystem=local, path=/home/vincenzo/warprec/experiment/haltgrand/lastfm_emotion_gemini/lastfm_emotion_gemini/ray_results/ray_train_trial_id=30675_00000/checkpoint_2026-07-30_09-41-19.572954)
[36m(RayTrainWorker pid=785207)[0m Reporting training result 175: TrainingReport(checkpoint=Checkpoint(filesystem=local, path=/home/vincenzo/warprec/experiment/haltgrand/lastfm_emotion_gemini/lastfm_emotion_gemini/ray_results/ray_train_trial_id=30675_00000/checkpoint_2026-07-30_09-41-19.572954), metrics={'nDCG@10': 0.12609520554542542, 'Recall@10': 0.17479097843170166, 'EPC@10': 0.052211832255125046, 'Gini@10': 0.8598695397377014, 'best_nDCG@10': 0.12609520554542542, 'loss': 0.016664372757077217, 'ram_peak_mb': 5151.55859375, 'vram_peak_mb': 671.07861328125, 'epoch': 174, 'step': 29050}, validation_spec=None)
[36m(RayTrainWorker pid=785207)[0m Checkpoint successfully created at: Checkpoint(filesystem=local, path=/home/vincenzo/warprec/experiment/haltgrand/lastfm_emotion_gemini/lastfm_emotion_gemini/ray_results/ray_train_trial_id=30675_00000/checkpoint_2026-07-30_09-41-30.294466)
[36m(RayTrainWorker pid=785207)[0m Reporting training result 176: TrainingReport(checkpoint=Checkpoint(filesystem=local, path=/home/vincenzo/warprec/experiment/haltgrand/lastfm_emotion_gemini/lastfm_emotion_gemini/ray_results/ray_train_trial_id=30675_00000/checkpoint_2026-07-30_09-41-30.294466), metrics={'nDCG@10': 0.12645819783210754, 'Recall@10': 0.17513222992420197, 'EPC@10': 0.052363164722919464, 'Gini@10': 0.8593140244483948, 'best_nDCG@10': 0.12645819783210754, 'loss': 0.016543475911021233, 'ram_peak_mb': 5151.55078125, 'vram_peak_mb': 671.07861328125, 'epoch': 175, 'step': 29216}, validation_spec=None)
[36m(RayTrainWorker pid=785207)[0m Checkpoint successfully created at: Checkpoint(filesystem=local, path=/home/vincenzo/warprec/experiment/haltgrand/lastfm_emotion_gemini/lastfm_emotion_gemini/ray_results/ray_train_trial_id=30675_00000/checkpoint_2026-07-30_09-41-41.285609)
[36m(RayTrainWorker pid=785207)[0m Reporting training result 177: TrainingReport(checkpoint=Checkpoint(filesystem=local, path=/home/vincenzo/warprec/experiment/haltgrand/lastfm_emotion_gemini/lastfm_emotion_gemini/ray_results/ray_train_trial_id=30675_00000/checkpoint_2026-07-30_09-41-41.285609), metrics={'nDCG@10': 0.1265670657157898, 'Recall@10': 0.1757730394601822, 'EPC@10': 0.05242562294006348, 'Gini@10': 0.8587316870689392, 'best_nDCG@10': 0.1265670657157898, 'loss': 0.0163528211414814, 'ram_peak_mb': 5151.56640625, 'vram_peak_mb': 671.07861328125, 'epoch': 176, 'step': 29382}, validation_spec=None)
[36m(RayTrainWorker pid=785207)[0m Checkpoint successfully created at: Checkpoint(filesystem=local, path=/home/vincenzo/warprec/experiment/haltgrand/lastfm_emotion_gemini/lastfm_emotion_gemini/ray_results/ray_train_trial_id=30675_00000/checkpoint_2026-07-30_09-41-52.796885)
[36m(RayTrainWorker pid=785207)[0m Reporting training result 178: TrainingReport(checkpoint=Checkpoint(filesystem=local, path=/home/vincenzo/warprec/experiment/haltgrand/lastfm_emotion_gemini/lastfm_emotion_gemini/ray_results/ray_train_trial_id=30675_00000/checkpoint_2026-07-30_09-41-52.796885), metrics={'nDCG@10': 0.12650066614151, 'Recall@10': 0.17553161084651947, 'EPC@10': 0.05241359770298004, 'Gini@10': 0.8583996295928955, 'best_nDCG@10': 0.1265670657157898, 'loss': 0.016411634162068367, 'ram_peak_mb': 5151.55078125, 'vram_peak_mb': 671.07861328125, 'epoch': 177, 'step': 29548}, validation_spec=None)
[36m(RayTrainWorker pid=785207)[0m Checkpoint successfully created at: Checkpoint(filesystem=local, path=/home/vincenzo/warprec/experiment/haltgrand/lastfm_emotion_gemini/lastfm_emotion_gemini/ray_results/ray_train_trial_id=30675_00000/checkpoint_2026-07-30_09-42-03.590899)
[36m(RayTrainWorker pid=785207)[0m Reporting training result 179: TrainingReport(checkpoint=Checkpoint(filesystem=local, path=/home/vincenzo/warprec/experiment/haltgrand/lastfm_emotion_gemini/lastfm_emotion_gemini/ray_results/ray_train_trial_id=30675_00000/checkpoint_2026-07-30_09-42-03.590899), metrics={'nDCG@10': 0.12657292187213898, 'Recall@10': 0.17567716538906097, 'EPC@10': 0.05243108421564102, 'Gini@10': 0.8581161499023438, 'best_nDCG@10': 0.12657292187213898, 'loss': 0.016315504908561707, 'ram_peak_mb': 5151.5703125, 'vram_peak_mb': 671.07861328125, 'epoch': 178, 'step': 29714}, validation_spec=None)
[36m(RayTrainWorker pid=785207)[0m Checkpoint successfully created at: Checkpoint(filesystem=local, path=/home/vincenzo/warprec/experiment/haltgrand/lastfm_emotion_gemini/lastfm_emotion_gemini/ray_results/ray_train_trial_id=30675_00000/checkpoint_2026-07-30_09-42-14.857686)
[36m(RayTrainWorker pid=785207)[0m Reporting training result 180: TrainingReport(checkpoint=Checkpoint(filesystem=local, path=/home/vincenzo/warprec/experiment/haltgrand/lastfm_emotion_gemini/lastfm_emotion_gemini/ray_results/ray_train_trial_id=30675_00000/checkpoint_2026-07-30_09-42-14.857686), metrics={'nDCG@10': 0.12685641646385193, 'Recall@10': 0.17584869265556335, 'EPC@10': 0.052537012845277786, 'Gini@10': 0.8575341701507568, 'best_nDCG@10': 0.12685641646385193, 'loss': 0.01626855880022049, 'ram_peak_mb': 5151.55078125, 'vram_peak_mb': 671.07861328125, 'epoch': 179, 'step': 29880}, validation_spec=None)
[36m(RayTrainWorker pid=785207)[0m Checkpoint successfully created at: Checkpoint(filesystem=local, path=/home/vincenzo/warprec/experiment/haltgrand/lastfm_emotion_gemini/lastfm_emotion_gemini/ray_results/ray_train_trial_id=30675_00000/checkpoint_2026-07-30_09-42-25.592358)
[36m(RayTrainWorker pid=785207)[0m Reporting training result 181: TrainingReport(checkpoint=Checkpoint(filesystem=local, path=/home/vincenzo/warprec/experiment/haltgrand/lastfm_emotion_gemini/lastfm_emotion_gemini/ray_results/ray_train_trial_id=30675_00000/checkpoint_2026-07-30_09-42-25.592358), metrics={'nDCG@10': 0.12688302993774414, 'Recall@10': 0.1758001297712326, 'EPC@10': 0.05255696177482605, 'Gini@10': 0.8572830557823181, 'best_nDCG@10': 0.12688302993774414, 'loss': 0.016120465472340584, 'ram_peak_mb': 5151.5703125, 'vram_peak_mb': 671.07861328125, 'epoch': 180, 'step': 30046}, validation_spec=None)
[36m(RayTrainWorker pid=785207)[0m Checkpoint successfully created at: Checkpoint(filesystem=local, path=/home/vincenzo/warprec/experiment/haltgrand/lastfm_emotion_gemini/lastfm_emotion_gemini/ray_results/ray_train_trial_id=30675_00000/checkpoint_2026-07-30_09-42-36.870987)
[36m(RayTrainWorker pid=785207)[0m Reporting training result 182: TrainingReport(checkpoint=Checkpoint(filesystem=local, path=/home/vincenzo/warprec/experiment/haltgrand/lastfm_emotion_gemini/lastfm_emotion_gemini/ray_results/ray_train_trial_id=30675_00000/checkpoint_2026-07-30_09-42-36.870987), metrics={'nDCG@10': 0.1273663341999054, 'Recall@10': 0.17655055224895477, 'EPC@10': 0.05276721343398094, 'Gini@10': 0.8567661046981812, 'best_nDCG@10': 0.1273663341999054, 'loss': 0.016142526641488075, 'ram_peak_mb': 5151.55859375, 'vram_peak_mb': 671.07861328125, 'epoch': 181, 'step': 30212}, validation_spec=None)

Trial status: 1 RUNNING
Current time: 2026-07-30 09:41:15. Total running time: 33min 3s
Logical resource usage: 0.05/12 CPUs, 0/2 GPUs (0.0/1.0 accelerator_type:G)
Current best trial: 30675_00000 with nDCG@10=0.1257275491952896 and params={'embedding_size': 64, 'n_layers': 3, 'reg_weight': 0.0001, 'batch_size': 4096, 'epochs': 300, 'learning_rate': 0.001}
╭──────────────────────────────────────────────────────────────────────────────────────────────────────────────────────────────────────────────────────────────────────────────────────────────────────────────╮
│ Trial name                  status       embedding_size     n_layers     reg_weight     batch_size     epochs     learning_rate     iter     total time (s)     nDCG@10     Recall@10     EPC@10     Gini@10 │
├──────────────────────────────────────────────────────────────────────────────────────────────────────────────────────────────────────────────────────────────────────────────────────────────────────────────┤
│ LightGCN_QuaintOchreGoose   RUNNING                  64            3         0.0001           4096        300             0.001      174            1964.51    0.125728      0.173944   0.052083    0.860677 │
╰──────────────────────────────────────────────────────────────────────────────────────────────────────────────────────────────────────────────────────────────────────────────────────────────────────────────╯
Trial status: 1 RUNNING
Current time: 2026-07-30 09:41:45. Total running time: 33min 33s
Logical resource usage: 0.05/12 CPUs, 0/2 GPUs (0.0/1.0 accelerator_type:G)
Current best trial: 30675_00000 with nDCG@10=0.1265670657157898 and params={'embedding_size': 64, 'n_layers': 3, 'reg_weight': 0.0001, 'batch_size': 4096, 'epochs': 300, 'learning_rate': 0.001}
╭───────────────────────────────────────────────────────────────────────────────────────────────────────────────────────────────────────────────────────────────────────────────────────────────────────────────╮
│ Trial name                  status       embedding_size     n_layers     reg_weight     batch_size     epochs     learning_rate     iter     total time (s)     nDCG@10     Recall@10      EPC@10     Gini@10 │
├───────────────────────────────────────────────────────────────────────────────────────────────────────────────────────────────────────────────────────────────────────────────────────────────────────────────┤
│ LightGCN_QuaintOchreGoose   RUNNING                  64            3         0.0001           4096        300             0.001      177            1996.62    0.126567      0.175773   0.0524256    0.858732 │
╰───────────────────────────────────────────────────────────────────────────────────────────────────────────────────────────────────────────────────────────────────────────────────────────────────────────────╯
Trial status: 1 RUNNING
Current time: 2026-07-30 09:42:15. Total running time: 34min 3s
Logical resource usage: 0.05/12 CPUs, 0/2 GPUs (0.0/1.0 accelerator_type:G)
Current best trial: 30675_00000 with nDCG@10=0.12657292187213898 and params={'embedding_size': 64, 'n_layers': 3, 'reg_weight': 0.0001, 'batch_size': 4096, 'epochs': 300, 'learning_rate': 0.001}
╭───────────────────────────────────────────────────────────────────────────────────────────────────────────────────────────────────────────────────────────────────────────────────────────────────────────────╮
│ Trial name                  status       embedding_size     n_layers     reg_weight     batch_size     epochs     learning_rate     iter     total time (s)     nDCG@10     Recall@10      EPC@10     Gini@10 │
├───────────────────────────────────────────────────────────────────────────────────────────────────────────────────────────────────────────────────────────────────────────────────────────────────────────────┤
│ LightGCN_QuaintOchreGoose   RUNNING                  64            3         0.0001           4096        300             0.001      179            2018.98    0.126573      0.175677   0.0524311    0.858116 │
╰───────────────────────────────────────────────────────────────────────────────────────────────────────────────────────────────────────────────────────────────────────────────────────────────────────────────╯
Trial status: 1 RUNNING
Current time: 2026-07-30 09:42:45. Total running time: 34min 33s
Logical resource usage: 0.05/12 CPUs, 0/2 GPUs (0.0/1.0 accelerator_type:G)
Current best trial: 30675_00000 with nDCG@10=0.1273663341999054 and params={'embedding_size': 64, 'n_layers': 3, 'reg_weight': 0.0001, 'batch_size': 4096, 'epochs': 300, 'learning_rate': 0.001}[36m(RayTrainWorker pid=785207)[0m Checkpoint successfully created at: Checkpoint(filesystem=local, path=/home/vincenzo/warprec/experiment/haltgrand/lastfm_emotion_gemini/lastfm_emotion_gemini/ray_results/ray_train_trial_id=30675_00000/checkpoint_2026-07-30_09-42-47.795208)
[36m(RayTrainWorker pid=785207)[0m Reporting training result 183: TrainingReport(checkpoint=Checkpoint(filesystem=local, path=/home/vincenzo/warprec/experiment/haltgrand/lastfm_emotion_gemini/lastfm_emotion_gemini/ray_results/ray_train_trial_id=30675_00000/checkpoint_2026-07-30_09-42-47.795208), metrics={'nDCG@10': 0.12745735049247742, 'Recall@10': 0.17645405232906342, 'EPC@10': 0.05280127003788948, 'Gini@10': 0.8559925556182861, 'best_nDCG@10': 0.12745735049247742, 'loss': 0.016147015616297722, 'ram_peak_mb': 5151.56640625, 'vram_peak_mb': 671.07861328125, 'epoch': 182, 'step': 30378}, validation_spec=None)
[36m(RayTrainWorker pid=785207)[0m Checkpoint successfully created at: Checkpoint(filesystem=local, path=/home/vincenzo/warprec/experiment/haltgrand/lastfm_emotion_gemini/lastfm_emotion_gemini/ray_results/ray_train_trial_id=30675_00000/checkpoint_2026-07-30_09-42-59.156443)
[36m(RayTrainWorker pid=785207)[0m Reporting training result 184: TrainingReport(checkpoint=Checkpoint(filesystem=local, path=/home/vincenzo/warprec/experiment/haltgrand/lastfm_emotion_gemini/lastfm_emotion_gemini/ray_results/ray_train_trial_id=30675_00000/checkpoint_2026-07-30_09-42-59.156443), metrics={'nDCG@10': 0.12755528092384338, 'Recall@10': 0.17663849890232086, 'EPC@10': 0.052854426205158234, 'Gini@10': 0.8553634285926819, 'best_nDCG@10': 0.12755528092384338, 'loss': 0.016273735091090202, 'ram_peak_mb': 5151.55078125, 'vram_peak_mb': 671.07861328125, 'epoch': 183, 'step': 30544}, validation_spec=None)
[36m(RayTrainWorker pid=785207)[0m Checkpoint successfully created at: Checkpoint(filesystem=local, path=/home/vincenzo/warprec/experiment/haltgrand/lastfm_emotion_gemini/lastfm_emotion_gemini/ray_results/ray_train_trial_id=30675_00000/checkpoint_2026-07-30_09-43-10.378890)
[36m(RayTrainWorker pid=785207)[0m Reporting training result 185: TrainingReport(checkpoint=Checkpoint(filesystem=local, path=/home/vincenzo/warprec/experiment/haltgrand/lastfm_emotion_gemini/lastfm_emotion_gemini/ray_results/ray_train_trial_id=30675_00000/checkpoint_2026-07-30_09-43-10.378890), metrics={'nDCG@10': 0.12757034599781036, 'Recall@10': 0.17659233510494232, 'EPC@10': 0.05287129059433937, 'Gini@10': 0.854773759841919, 'best_nDCG@10': 0.12757034599781036, 'loss': 0.016016921028494835, 'ram_peak_mb': 5152.6171875, 'vram_peak_mb': 671.07861328125, 'epoch': 184, 'step': 30710}, validation_spec=None)
[36m(RayTrainWorker pid=785207)[0m Checkpoint successfully created at: Checkpoint(filesystem=local, path=/home/vincenzo/warprec/experiment/haltgrand/lastfm_emotion_gemini/lastfm_emotion_gemini/ray_results/ray_train_trial_id=30675_00000/checkpoint_2026-07-30_09-43-21.790575)
[36m(RayTrainWorker pid=785207)[0m Reporting training result 186: TrainingReport(checkpoint=Checkpoint(filesystem=local, path=/home/vincenzo/warprec/experiment/haltgrand/lastfm_emotion_gemini/lastfm_emotion_gemini/ray_results/ray_train_trial_id=30675_00000/checkpoint_2026-07-30_09-43-21.790575), metrics={'nDCG@10': 0.12778376042842865, 'Recall@10': 0.1769581437110901, 'EPC@10': 0.05295319855213165, 'Gini@10': 0.8542795181274414, 'best_nDCG@10': 0.12778376042842865, 'loss': 0.016119422391057014, 'ram_peak_mb': 5153.14453125, 'vram_peak_mb': 671.07861328125, 'epoch': 185, 'step': 30876}, validation_spec=None)
[36m(RayTrainWorker pid=785207)[0m Checkpoint successfully created at: Checkpoint(filesystem=local, path=/home/vincenzo/warprec/experiment/haltgrand/lastfm_emotion_gemini/lastfm_emotion_gemini/ray_results/ray_train_trial_id=30675_00000/checkpoint_2026-07-30_09-43-32.913139)
[36m(RayTrainWorker pid=785207)[0m Reporting training result 187: TrainingReport(checkpoint=Checkpoint(filesystem=local, path=/home/vincenzo/warprec/experiment/haltgrand/lastfm_emotion_gemini/lastfm_emotion_gemini/ray_results/ray_train_trial_id=30675_00000/checkpoint_2026-07-30_09-43-32.913139), metrics={'nDCG@10': 0.12821491062641144, 'Recall@10': 0.17780786752700806, 'EPC@10': 0.0531022846698761, 'Gini@10': 0.8538153767585754, 'best_nDCG@10': 0.12821491062641144, 'loss': 0.01594976894557476, 'ram_peak_mb': 5152.14453125, 'vram_peak_mb': 671.07861328125, 'epoch': 186, 'step': 31042}, validation_spec=None)
[36m(RayTrainWorker pid=785207)[0m Checkpoint successfully created at: Checkpoint(filesystem=local, path=/home/vincenzo/warprec/experiment/haltgrand/lastfm_emotion_gemini/lastfm_emotion_gemini/ray_results/ray_train_trial_id=30675_00000/checkpoint_2026-07-30_09-43-44.389850)
[36m(RayTrainWorker pid=785207)[0m Reporting training result 188: TrainingReport(checkpoint=Checkpoint(filesystem=local, path=/home/vincenzo/warprec/experiment/haltgrand/lastfm_emotion_gemini/lastfm_emotion_gemini/ray_results/ray_train_trial_id=30675_00000/checkpoint_2026-07-30_09-43-44.389850), metrics={'nDCG@10': 0.1283923089504242, 'Recall@10': 0.1776641309261322, 'EPC@10': 0.05315617844462395, 'Gini@10': 0.8533449769020081, 'best_nDCG@10': 0.1283923089504242, 'loss': 0.015821540728211403, 'ram_peak_mb': 5151.62890625, 'vram_peak_mb': 671.07861328125, 'epoch': 187, 'step': 31208}, validation_spec=None)
[36m(RayTrainWorker pid=785207)[0m Checkpoint successfully created at: Checkpoint(filesystem=local, path=/home/vincenzo/warprec/experiment/haltgrand/lastfm_emotion_gemini/lastfm_emotion_gemini/ray_results/ray_train_trial_id=30675_00000/checkpoint_2026-07-30_09-43-55.515752)
[36m(RayTrainWorker pid=785207)[0m Reporting training result 189: TrainingReport(checkpoint=Checkpoint(filesystem=local, path=/home/vincenzo/warprec/experiment/haltgrand/lastfm_emotion_gemini/lastfm_emotion_gemini/ray_results/ray_train_trial_id=30675_00000/checkpoint_2026-07-30_09-43-55.515752), metrics={'nDCG@10': 0.12854251265525818, 'Recall@10': 0.17805449664592743, 'EPC@10': 0.053216349333524704, 'Gini@10': 0.8529212474822998, 'best_nDCG@10': 0.12854251265525818, 'loss': 0.015654707327485085, 'ram_peak_mb': 5151.6484375, 'vram_peak_mb': 671.07861328125, 'epoch': 188, 'step': 31374}, validation_spec=None)
[36m(RayTrainWorker pid=785207)[0m Checkpoint successfully created at: Checkpoint(filesystem=local, path=/home/vincenzo/warprec/experiment/haltgrand/lastfm_emotion_gemini/lastfm_emotion_gemini/ray_results/ray_train_trial_id=30675_00000/checkpoint_2026-07-30_09-44-06.793893)
[36m(RayTrainWorker pid=785207)[0m Reporting training result 190: TrainingReport(checkpoint=Checkpoint(filesystem=local, path=/home/vincenzo/warprec/experiment/haltgrand/lastfm_emotion_gemini/lastfm_emotion_gemini/ray_results/ray_train_trial_id=30675_00000/checkpoint_2026-07-30_09-44-06.793893), metrics={'nDCG@10': 0.12874147295951843, 'Recall@10': 0.17836423218250275, 'EPC@10': 0.05326288193464279, 'Gini@10': 0.8526932597160339, 'best_nDCG@10': 0.12874147295951843, 'loss': 0.015671102330088615, 'ram_peak_mb': 5151.6484375, 'vram_peak_mb': 671.07861328125, 'epoch': 189, 'step': 31540}, validation_spec=None)

╭───────────────────────────────────────────────────────────────────────────────────────────────────────────────────────────────────────────────────────────────────────────────────────────────────────────────╮
│ Trial name                  status       embedding_size     n_layers     reg_weight     batch_size     epochs     learning_rate     iter     total time (s)     nDCG@10     Recall@10      EPC@10     Gini@10 │
├───────────────────────────────────────────────────────────────────────────────────────────────────────────────────────────────────────────────────────────────────────────────────────────────────────────────┤
│ LightGCN_QuaintOchreGoose   RUNNING                  64            3         0.0001           4096        300             0.001      182            2053.16    0.127366      0.176551   0.0527672    0.856766 │
╰───────────────────────────────────────────────────────────────────────────────────────────────────────────────────────────────────────────────────────────────────────────────────────────────────────────────╯
Trial status: 1 RUNNING
Current time: 2026-07-30 09:43:15. Total running time: 35min 3s
Logical resource usage: 0.05/12 CPUs, 0/2 GPUs (0.0/1.0 accelerator_type:G)
Current best trial: 30675_00000 with nDCG@10=0.12757034599781036 and params={'embedding_size': 64, 'n_layers': 3, 'reg_weight': 0.0001, 'batch_size': 4096, 'epochs': 300, 'learning_rate': 0.001}
╭───────────────────────────────────────────────────────────────────────────────────────────────────────────────────────────────────────────────────────────────────────────────────────────────────────────────╮
│ Trial name                  status       embedding_size     n_layers     reg_weight     batch_size     epochs     learning_rate     iter     total time (s)     nDCG@10     Recall@10      EPC@10     Gini@10 │
├───────────────────────────────────────────────────────────────────────────────────────────────────────────────────────────────────────────────────────────────────────────────────────────────────────────────┤
│ LightGCN_QuaintOchreGoose   RUNNING                  64            3         0.0001           4096        300             0.001      185            2087.62     0.12757      0.176592   0.0528713    0.854774 │
╰───────────────────────────────────────────────────────────────────────────────────────────────────────────────────────────────────────────────────────────────────────────────────────────────────────────────╯
Trial status: 1 RUNNING
Current time: 2026-07-30 09:43:45. Total running time: 35min 33s
Logical resource usage: 0.05/12 CPUs, 0/2 GPUs (0.0/1.0 accelerator_type:G)
Current best trial: 30675_00000 with nDCG@10=0.1283923089504242 and params={'embedding_size': 64, 'n_layers': 3, 'reg_weight': 0.0001, 'batch_size': 4096, 'epochs': 300, 'learning_rate': 0.001}
╭───────────────────────────────────────────────────────────────────────────────────────────────────────────────────────────────────────────────────────────────────────────────────────────────────────────────╮
│ Trial name                  status       embedding_size     n_layers     reg_weight     batch_size     epochs     learning_rate     iter     total time (s)     nDCG@10     Recall@10      EPC@10     Gini@10 │
├───────────────────────────────────────────────────────────────────────────────────────────────────────────────────────────────────────────────────────────────────────────────────────────────────────────────┤
│ LightGCN_QuaintOchreGoose   RUNNING                  64            3         0.0001           4096        300             0.001      188            2119.73    0.128392      0.177664   0.0531562    0.853345 │
╰───────────────────────────────────────────────────────────────────────────────────────────────────────────────────────────────────────────────────────────────────────────────────────────────────────────────╯
Trial status: 1 RUNNING
Current time: 2026-07-30 09:44:15. Total running time: 36min 4s
Logical resource usage: 0.05/12 CPUs, 0/2 GPUs (0.0/1.0 accelerator_type:G)
Current best trial: 30675_00000 with nDCG@10=0.12874147295951843 and params={'embedding_size': 64, 'n_layers': 3, 'reg_weight': 0.0001, 'batch_size': 4096, 'epochs': 300, 'learning_rate': 0.001}
╭───────────────────────────────────────────────────────────────────────────────────────────────────────────────────────────────────────────────────────────────────────────────────────────────────────────────╮
│ Trial name                  status       embedding_size     n_layers     reg_weight     batch_size     epochs     learning_rate     iter     total time (s)     nDCG@10     Recall@10      EPC@10     Gini@10 │
├───────────────────────────────────────────────────────────────────────────────────────────────────────────────────────────────────────────────────────────────────────────────────────────────────────────────┤
│ LightGCN_QuaintOchreGoose   RUNNING                  64            3         0.0001           4096        300             0.001      190             2142.1    0.128741      0.178364   0.0532629    0.852693 │
╰───────────────────────────────────────────────────────────────────────────────────────────────────────────────────────────────────────────────────────────────────────────────────────────────────────────────╯[36m(RayTrainWorker pid=785207)[0m Checkpoint successfully created at: Checkpoint(filesystem=local, path=/home/vincenzo/warprec/experiment/haltgrand/lastfm_emotion_gemini/lastfm_emotion_gemini/ray_results/ray_train_trial_id=30675_00000/checkpoint_2026-07-30_09-44-18.111747)
[36m(RayTrainWorker pid=785207)[0m Reporting training result 191: TrainingReport(checkpoint=Checkpoint(filesystem=local, path=/home/vincenzo/warprec/experiment/haltgrand/lastfm_emotion_gemini/lastfm_emotion_gemini/ray_results/ray_train_trial_id=30675_00000/checkpoint_2026-07-30_09-44-18.111747), metrics={'nDCG@10': 0.1287655234336853, 'Recall@10': 0.178451269865036, 'EPC@10': 0.053280193358659744, 'Gini@10': 0.8523613214492798, 'best_nDCG@10': 0.1287655234336853, 'loss': 0.01569345034658909, 'ram_peak_mb': 5152.19921875, 'vram_peak_mb': 671.07861328125, 'epoch': 190, 'step': 31706}, validation_spec=None)
[36m(RayTrainWorker pid=785207)[0m Checkpoint successfully created at: Checkpoint(filesystem=local, path=/home/vincenzo/warprec/experiment/haltgrand/lastfm_emotion_gemini/lastfm_emotion_gemini/ray_results/ray_train_trial_id=30675_00000/checkpoint_2026-07-30_09-44-29.167854)
[36m(RayTrainWorker pid=785207)[0m Reporting training result 192: TrainingReport(checkpoint=Checkpoint(filesystem=local, path=/home/vincenzo/warprec/experiment/haltgrand/lastfm_emotion_gemini/lastfm_emotion_gemini/ray_results/ray_train_trial_id=30675_00000/checkpoint_2026-07-30_09-44-29.167854), metrics={'nDCG@10': 0.1287664771080017, 'Recall@10': 0.17862306535243988, 'EPC@10': 0.05330853536725044, 'Gini@10': 0.8516108989715576, 'best_nDCG@10': 0.1287664771080017, 'loss': 0.015689434483647346, 'ram_peak_mb': 5151.6796875, 'vram_peak_mb': 671.07861328125, 'epoch': 191, 'step': 31872}, validation_spec=None)
[36m(RayTrainWorker pid=785207)[0m Checkpoint successfully created at: Checkpoint(filesystem=local, path=/home/vincenzo/warprec/experiment/haltgrand/lastfm_emotion_gemini/lastfm_emotion_gemini/ray_results/ray_train_trial_id=30675_00000/checkpoint_2026-07-30_09-44-40.680255)
[36m(RayTrainWorker pid=785207)[0m Reporting training result 193: TrainingReport(checkpoint=Checkpoint(filesystem=local, path=/home/vincenzo/warprec/experiment/haltgrand/lastfm_emotion_gemini/lastfm_emotion_gemini/ray_results/ray_train_trial_id=30675_00000/checkpoint_2026-07-30_09-44-40.680255), metrics={'nDCG@10': 0.12881791591644287, 'Recall@10': 0.17852850258350372, 'EPC@10': 0.05332232639193535, 'Gini@10': 0.851311981678009, 'best_nDCG@10': 0.12881791591644287, 'loss': 0.01565553992986679, 'ram_peak_mb': 5151.73046875, 'vram_peak_mb': 671.07861328125, 'epoch': 192, 'step': 32038}, validation_spec=None)
[36m(RayTrainWorker pid=785207)[0m Checkpoint successfully created at: Checkpoint(filesystem=local, path=/home/vincenzo/warprec/experiment/haltgrand/lastfm_emotion_gemini/lastfm_emotion_gemini/ray_results/ray_train_trial_id=30675_00000/checkpoint_2026-07-30_09-44-51.893923)
[36m(RayTrainWorker pid=785207)[0m Reporting training result 194: TrainingReport(checkpoint=Checkpoint(filesystem=local, path=/home/vincenzo/warprec/experiment/haltgrand/lastfm_emotion_gemini/lastfm_emotion_gemini/ray_results/ray_train_trial_id=30675_00000/checkpoint_2026-07-30_09-44-51.893923), metrics={'nDCG@10': 0.12896598875522614, 'Recall@10': 0.1787714958190918, 'EPC@10': 0.05337987467646599, 'Gini@10': 0.8507627248764038, 'best_nDCG@10': 0.12896598875522614, 'loss': 0.0156009616330266, 'ram_peak_mb': 5151.734375, 'vram_peak_mb': 671.07861328125, 'epoch': 193, 'step': 32204}, validation_spec=None)
[36m(RayTrainWorker pid=785207)[0m Checkpoint successfully created at: Checkpoint(filesystem=local, path=/home/vincenzo/warprec/experiment/haltgrand/lastfm_emotion_gemini/lastfm_emotion_gemini/ray_results/ray_train_trial_id=30675_00000/checkpoint_2026-07-30_09-45-02.679559)
[36m(RayTrainWorker pid=785207)[0m Reporting training result 195: TrainingReport(checkpoint=Checkpoint(filesystem=local, path=/home/vincenzo/warprec/experiment/haltgrand/lastfm_emotion_gemini/lastfm_emotion_gemini/ray_results/ray_train_trial_id=30675_00000/checkpoint_2026-07-30_09-45-02.679559), metrics={'nDCG@10': 0.12922140955924988, 'Recall@10': 0.17898401618003845, 'EPC@10': 0.05347687005996704, 'Gini@10': 0.850283145904541, 'best_nDCG@10': 0.12922140955924988, 'loss': 0.015524547547101974, 'ram_peak_mb': 5151.74609375, 'vram_peak_mb': 671.07861328125, 'epoch': 194, 'step': 32370}, validation_spec=None)
[36m(RayTrainWorker pid=785207)[0m Checkpoint successfully created at: Checkpoint(filesystem=local, path=/home/vincenzo/warprec/experiment/haltgrand/lastfm_emotion_gemini/lastfm_emotion_gemini/ray_results/ray_train_trial_id=30675_00000/checkpoint_2026-07-30_09-45-13.656152)
[36m(RayTrainWorker pid=785207)[0m Reporting training result 196: TrainingReport(checkpoint=Checkpoint(filesystem=local, path=/home/vincenzo/warprec/experiment/haltgrand/lastfm_emotion_gemini/lastfm_emotion_gemini/ray_results/ray_train_trial_id=30675_00000/checkpoint_2026-07-30_09-45-13.656152), metrics={'nDCG@10': 0.12957462668418884, 'Recall@10': 0.17953237891197205, 'EPC@10': 0.05360758304595947, 'Gini@10': 0.8495278358459473, 'best_nDCG@10': 0.12957462668418884, 'loss': 0.01564761810004711, 'ram_peak_mb': 5151.7578125, 'vram_peak_mb': 671.07861328125, 'epoch': 195, 'step': 32536}, validation_spec=None)
[36m(RayTrainWorker pid=785207)[0m Checkpoint successfully created at: Checkpoint(filesystem=local, path=/home/vincenzo/warprec/experiment/haltgrand/lastfm_emotion_gemini/lastfm_emotion_gemini/ray_results/ray_train_trial_id=30675_00000/checkpoint_2026-07-30_09-45-25.576069)
[36m(RayTrainWorker pid=785207)[0m Reporting training result 197: TrainingReport(checkpoint=Checkpoint(filesystem=local, path=/home/vincenzo/warprec/experiment/haltgrand/lastfm_emotion_gemini/lastfm_emotion_gemini/ray_results/ray_train_trial_id=30675_00000/checkpoint_2026-07-30_09-45-25.576069), metrics={'nDCG@10': 0.12946830689907074, 'Recall@10': 0.1792105734348297, 'EPC@10': 0.053596675395965576, 'Gini@10': 0.8493098616600037, 'best_nDCG@10': 0.12957462668418884, 'loss': 0.015448575839400291, 'ram_peak_mb': 5151.75390625, 'vram_peak_mb': 671.07861328125, 'epoch': 196, 'step': 32702}, validation_spec=None)
[36m(RayTrainWorker pid=785207)[0m Checkpoint successfully created at: Checkpoint(filesystem=local, path=/home/vincenzo/warprec/experiment/haltgrand/lastfm_emotion_gemini/lastfm_emotion_gemini/ray_results/ray_train_trial_id=30675_00000/checkpoint_2026-07-30_09-45-36.072742)
[36m(RayTrainWorker pid=785207)[0m Reporting training result 198: TrainingReport(checkpoint=Checkpoint(filesystem=local, path=/home/vincenzo/warprec/experiment/haltgrand/lastfm_emotion_gemini/lastfm_emotion_gemini/ray_results/ray_train_trial_id=30675_00000/checkpoint_2026-07-30_09-45-36.072742), metrics={'nDCG@10': 0.12956157326698303, 'Recall@10': 0.17912888526916504, 'EPC@10': 0.05366284400224686, 'Gini@10': 0.8488782644271851, 'best_nDCG@10': 0.12957462668418884, 'loss': 0.015483633615076542, 'ram_peak_mb': 5151.75390625, 'vram_peak_mb': 671.07861328125, 'epoch': 197, 'step': 32868}, validation_spec=None)
[36m(RayTrainWorker pid=785207)[0m Checkpoint successfully created at: Checkpoint(filesystem=local, path=/home/vincenzo/warprec/experiment/haltgrand/lastfm_emotion_gemini/lastfm_emotion_gemini/ray_results/ray_train_trial_id=30675_00000/checkpoint_2026-07-30_09-45-46.974896)
[36m(RayTrainWorker pid=785207)[0m Reporting training result 199: TrainingReport(checkpoint=Checkpoint(filesystem=local, path=/home/vincenzo/warprec/experiment/haltgrand/lastfm_emotion_gemini/lastfm_emotion_gemini/ray_results/ray_train_trial_id=30675_00000/checkpoint_2026-07-30_09-45-46.974896), metrics={'nDCG@10': 0.12967225909233093, 'Recall@10': 0.17932559549808502, 'EPC@10': 0.053659383207559586, 'Gini@10': 0.8487763404846191, 'best_nDCG@10': 0.12967225909233093, 'loss': 0.015372863970696926, 'ram_peak_mb': 5151.75390625, 'vram_peak_mb': 671.07861328125, 'epoch': 198, 'step': 33034}, validation_spec=None)
[36m(RayTrainWorker pid=785207)[0m Checkpoint successfully created at: Checkpoint(filesystem=local, path=/home/vincenzo/warprec/experiment/haltgrand/lastfm_emotion_gemini/lastfm_emotion_gemini/ray_results/ray_train_trial_id=30675_00000/checkpoint_2026-07-30_09-45-58.606702)
[36m(RayTrainWorker pid=785207)[0m Reporting training result 200: TrainingReport(checkpoint=Checkpoint(filesystem=local, path=/home/vincenzo/warprec/experiment/haltgrand/lastfm_emotion_gemini/lastfm_emotion_gemini/ray_results/ray_train_trial_id=30675_00000/checkpoint_2026-07-30_09-45-58.606702), metrics={'nDCG@10': 0.1297788769006729, 'Recall@10': 0.17935974895954132, 'EPC@10': 0.05373041704297066, 'Gini@10': 0.8481486439704895, 'best_nDCG@10': 0.1297788769006729, 'loss': 0.015424421057105064, 'ram_peak_mb': 5151.77734375, 'vram_peak_mb': 671.07861328125, 'epoch': 199, 'step': 33200}, validation_spec=None)
[36m(RayTrainWorker pid=785207)[0m Checkpoint successfully created at: Checkpoint(filesystem=local, path=/home/vincenzo/warprec/experiment/haltgrand/lastfm_emotion_gemini/lastfm_emotion_gemini/ray_results/ray_train_trial_id=30675_00000/checkpoint_2026-07-30_09-46-09.748892)
[36m(RayTrainWorker pid=785207)[0m Reporting training result 201: TrainingReport(checkpoint=Checkpoint(filesystem=local, path=/home/vincenzo/warprec/experiment/haltgrand/lastfm_emotion_gemini/lastfm_emotion_gemini/ray_results/ray_train_trial_id=30675_00000/checkpoint_2026-07-30_09-46-09.748892), metrics={'nDCG@10': 0.12978990375995636, 'Recall@10': 0.1794535517692566, 'EPC@10': 0.05374758690595627, 'Gini@10': 0.8479171395301819, 'best_nDCG@10': 0.12978990375995636, 'loss': 0.015298280864953995, 'ram_peak_mb': 5151.79296875, 'vram_peak_mb': 671.07861328125, 'epoch': 200, 'step': 33366}, validation_spec=None)

Trial status: 1 RUNNING
Current time: 2026-07-30 09:44:45. Total running time: 36min 34s
Logical resource usage: 0.05/12 CPUs, 0/2 GPUs (0.0/1.0 accelerator_type:G)
Current best trial: 30675_00000 with nDCG@10=0.12881791591644287 and params={'embedding_size': 64, 'n_layers': 3, 'reg_weight': 0.0001, 'batch_size': 4096, 'epochs': 300, 'learning_rate': 0.001}
╭───────────────────────────────────────────────────────────────────────────────────────────────────────────────────────────────────────────────────────────────────────────────────────────────────────────────╮
│ Trial name                  status       embedding_size     n_layers     reg_weight     batch_size     epochs     learning_rate     iter     total time (s)     nDCG@10     Recall@10      EPC@10     Gini@10 │
├───────────────────────────────────────────────────────────────────────────────────────────────────────────────────────────────────────────────────────────────────────────────────────────────────────────────┤
│ LightGCN_QuaintOchreGoose   RUNNING                  64            3         0.0001           4096        300             0.001      193            2176.41    0.128818      0.178529   0.0533223    0.851312 │
╰───────────────────────────────────────────────────────────────────────────────────────────────────────────────────────────────────────────────────────────────────────────────────────────────────────────────╯
Trial status: 1 RUNNING
Current time: 2026-07-30 09:45:15. Total running time: 37min 4s
Logical resource usage: 0.05/12 CPUs, 0/2 GPUs (0.0/1.0 accelerator_type:G)
Current best trial: 30675_00000 with nDCG@10=0.12957462668418884 and params={'embedding_size': 64, 'n_layers': 3, 'reg_weight': 0.0001, 'batch_size': 4096, 'epochs': 300, 'learning_rate': 0.001}
╭───────────────────────────────────────────────────────────────────────────────────────────────────────────────────────────────────────────────────────────────────────────────────────────────────────────────╮
│ Trial name                  status       embedding_size     n_layers     reg_weight     batch_size     epochs     learning_rate     iter     total time (s)     nDCG@10     Recall@10      EPC@10     Gini@10 │
├───────────────────────────────────────────────────────────────────────────────────────────────────────────────────────────────────────────────────────────────────────────────────────────────────────────────┤
│ LightGCN_QuaintOchreGoose   RUNNING                  64            3         0.0001           4096        300             0.001      196             2210.5    0.129575      0.179532   0.0536076    0.849528 │
╰───────────────────────────────────────────────────────────────────────────────────────────────────────────────────────────────────────────────────────────────────────────────────────────────────────────────╯
Trial status: 1 RUNNING
Current time: 2026-07-30 09:45:45. Total running time: 37min 34s
Logical resource usage: 0.05/12 CPUs, 0/2 GPUs (0.0/1.0 accelerator_type:G)
Current best trial: 30675_00000 with nDCG@10=0.12956157326698303 and params={'embedding_size': 64, 'n_layers': 3, 'reg_weight': 0.0001, 'batch_size': 4096, 'epochs': 300, 'learning_rate': 0.001}
╭───────────────────────────────────────────────────────────────────────────────────────────────────────────────────────────────────────────────────────────────────────────────────────────────────────────────╮
│ Trial name                  status       embedding_size     n_layers     reg_weight     batch_size     epochs     learning_rate     iter     total time (s)     nDCG@10     Recall@10      EPC@10     Gini@10 │
├───────────────────────────────────────────────────────────────────────────────────────────────────────────────────────────────────────────────────────────────────────────────────────────────────────────────┤
│ LightGCN_QuaintOchreGoose   RUNNING                  64            3         0.0001           4096        300             0.001      198            2232.85    0.129562      0.179129   0.0536628    0.848878 │
╰───────────────────────────────────────────────────────────────────────────────────────────────────────────────────────────────────────────────────────────────────────────────────────────────────────────────╯
Trial status: 1 RUNNING
Current time: 2026-07-30 09:46:15. Total running time: 38min 4s
Logical resource usage: 0.05/12 CPUs, 0/2 GPUs (0.0/1.0 accelerator_type:G)
Current best trial: 30675_00000 with nDCG@10=0.12978990375995636 and params={'embedding_size': 64, 'n_layers': 3, 'reg_weight': 0.0001, 'batch_size': 4096, 'epochs': 300, 'learning_rate': 0.001}[36m(RayTrainWorker pid=785207)[0m Checkpoint successfully created at: Checkpoint(filesystem=local, path=/home/vincenzo/warprec/experiment/haltgrand/lastfm_emotion_gemini/lastfm_emotion_gemini/ray_results/ray_train_trial_id=30675_00000/checkpoint_2026-07-30_09-46-21.090838)
[36m(RayTrainWorker pid=785207)[0m Reporting training result 202: TrainingReport(checkpoint=Checkpoint(filesystem=local, path=/home/vincenzo/warprec/experiment/haltgrand/lastfm_emotion_gemini/lastfm_emotion_gemini/ray_results/ray_train_trial_id=30675_00000/checkpoint_2026-07-30_09-46-21.090838), metrics={'nDCG@10': 0.13003377616405487, 'Recall@10': 0.1798292100429535, 'EPC@10': 0.05382952839136124, 'Gini@10': 0.8477767109870911, 'best_nDCG@10': 0.13003377616405487, 'loss': 0.01524402853101492, 'ram_peak_mb': 5151.79296875, 'vram_peak_mb': 671.07861328125, 'epoch': 201, 'step': 33532}, validation_spec=None)
[36m(RayTrainWorker pid=785207)[0m Checkpoint successfully created at: Checkpoint(filesystem=local, path=/home/vincenzo/warprec/experiment/haltgrand/lastfm_emotion_gemini/lastfm_emotion_gemini/ray_results/ray_train_trial_id=30675_00000/checkpoint_2026-07-30_09-46-32.004483)
[36m(RayTrainWorker pid=785207)[0m Reporting training result 203: TrainingReport(checkpoint=Checkpoint(filesystem=local, path=/home/vincenzo/warprec/experiment/haltgrand/lastfm_emotion_gemini/lastfm_emotion_gemini/ray_results/ray_train_trial_id=30675_00000/checkpoint_2026-07-30_09-46-32.004483), metrics={'nDCG@10': 0.13015595078468323, 'Recall@10': 0.17985622584819794, 'EPC@10': 0.05387365072965622, 'Gini@10': 0.8473786115646362, 'best_nDCG@10': 0.13015595078468323, 'loss': 0.015162204392254353, 'ram_peak_mb': 5152.78125, 'vram_peak_mb': 671.07861328125, 'epoch': 202, 'step': 33698}, validation_spec=None)
[36m(RayTrainWorker pid=785207)[0m Checkpoint successfully created at: Checkpoint(filesystem=local, path=/home/vincenzo/warprec/experiment/haltgrand/lastfm_emotion_gemini/lastfm_emotion_gemini/ray_results/ray_train_trial_id=30675_00000/checkpoint_2026-07-30_09-46-43.068441)
[36m(RayTrainWorker pid=785207)[0m Reporting training result 204: TrainingReport(checkpoint=Checkpoint(filesystem=local, path=/home/vincenzo/warprec/experiment/haltgrand/lastfm_emotion_gemini/lastfm_emotion_gemini/ray_results/ray_train_trial_id=30675_00000/checkpoint_2026-07-30_09-46-43.068441), metrics={'nDCG@10': 0.13029448688030243, 'Recall@10': 0.1800336390733719, 'EPC@10': 0.05395704135298729, 'Gini@10': 0.8469467163085938, 'best_nDCG@10': 0.13029448688030243, 'loss': 0.015079031698405743, 'ram_peak_mb': 5152.3125, 'vram_peak_mb': 671.07861328125, 'epoch': 203, 'step': 33864}, validation_spec=None)
[36m(RayTrainWorker pid=785207)[0m Checkpoint successfully created at: Checkpoint(filesystem=local, path=/home/vincenzo/warprec/experiment/haltgrand/lastfm_emotion_gemini/lastfm_emotion_gemini/ray_results/ray_train_trial_id=30675_00000/checkpoint_2026-07-30_09-46-54.663588)
[36m(RayTrainWorker pid=785207)[0m Reporting training result 205: TrainingReport(checkpoint=Checkpoint(filesystem=local, path=/home/vincenzo/warprec/experiment/haltgrand/lastfm_emotion_gemini/lastfm_emotion_gemini/ray_results/ray_train_trial_id=30675_00000/checkpoint_2026-07-30_09-46-54.663588), metrics={'nDCG@10': 0.1305229663848877, 'Recall@10': 0.1801556944847107, 'EPC@10': 0.05405602976679802, 'Gini@10': 0.8464959263801575, 'best_nDCG@10': 0.1305229663848877, 'loss': 0.01526819821447134, 'ram_peak_mb': 5151.80078125, 'vram_peak_mb': 671.07861328125, 'epoch': 204, 'step': 34030}, validation_spec=None)
[36m(RayTrainWorker pid=785207)[0m Checkpoint successfully created at: Checkpoint(filesystem=local, path=/home/vincenzo/warprec/experiment/haltgrand/lastfm_emotion_gemini/lastfm_emotion_gemini/ray_results/ray_train_trial_id=30675_00000/checkpoint_2026-07-30_09-47-05.947608)
[36m(RayTrainWorker pid=785207)[0m Reporting training result 206: TrainingReport(checkpoint=Checkpoint(filesystem=local, path=/home/vincenzo/warprec/experiment/haltgrand/lastfm_emotion_gemini/lastfm_emotion_gemini/ray_results/ray_train_trial_id=30675_00000/checkpoint_2026-07-30_09-47-05.947608), metrics={'nDCG@10': 0.13072238862514496, 'Recall@10': 0.18062250316143036, 'EPC@10': 0.05411146208643913, 'Gini@10': 0.8458920121192932, 'best_nDCG@10': 0.13072238862514496, 'loss': 0.015141955576837063, 'ram_peak_mb': 5151.80859375, 'vram_peak_mb': 671.07861328125, 'epoch': 205, 'step': 34196}, validation_spec=None)
[36m(RayTrainWorker pid=785207)[0m Checkpoint successfully created at: Checkpoint(filesystem=local, path=/home/vincenzo/warprec/experiment/haltgrand/lastfm_emotion_gemini/lastfm_emotion_gemini/ray_results/ray_train_trial_id=30675_00000/checkpoint_2026-07-30_09-47-16.851231)
[36m(RayTrainWorker pid=785207)[0m Reporting training result 207: TrainingReport(checkpoint=Checkpoint(filesystem=local, path=/home/vincenzo/warprec/experiment/haltgrand/lastfm_emotion_gemini/lastfm_emotion_gemini/ray_results/ray_train_trial_id=30675_00000/checkpoint_2026-07-30_09-47-16.851231), metrics={'nDCG@10': 0.13071563839912415, 'Recall@10': 0.1808915138244629, 'EPC@10': 0.054096415638923645, 'Gini@10': 0.8457288146018982, 'best_nDCG@10': 0.13072238862514496, 'loss': 0.015041512437164783, 'ram_peak_mb': 5151.78125, 'vram_peak_mb': 671.07861328125, 'epoch': 206, 'step': 34362}, validation_spec=None)
[36m(RayTrainWorker pid=785207)[0m Checkpoint successfully created at: Checkpoint(filesystem=local, path=/home/vincenzo/warprec/experiment/haltgrand/lastfm_emotion_gemini/lastfm_emotion_gemini/ray_results/ray_train_trial_id=30675_00000/checkpoint_2026-07-30_09-47-27.408576)
[36m(RayTrainWorker pid=785207)[0m Reporting training result 208: TrainingReport(checkpoint=Checkpoint(filesystem=local, path=/home/vincenzo/warprec/experiment/haltgrand/lastfm_emotion_gemini/lastfm_emotion_gemini/ray_results/ray_train_trial_id=30675_00000/checkpoint_2026-07-30_09-47-27.408576), metrics={'nDCG@10': 0.1307404488325119, 'Recall@10': 0.1805623322725296, 'EPC@10': 0.0541316382586956, 'Gini@10': 0.8456076979637146, 'best_nDCG@10': 0.1307404488325119, 'loss': 0.014968461357057095, 'ram_peak_mb': 5151.80078125, 'vram_peak_mb': 671.07861328125, 'epoch': 207, 'step': 34528}, validation_spec=None)
[36m(RayTrainWorker pid=785207)[0m Checkpoint successfully created at: Checkpoint(filesystem=local, path=/home/vincenzo/warprec/experiment/haltgrand/lastfm_emotion_gemini/lastfm_emotion_gemini/ray_results/ray_train_trial_id=30675_00000/checkpoint_2026-07-30_09-47-40.189494)
[36m(RayTrainWorker pid=785207)[0m Reporting training result 209: TrainingReport(checkpoint=Checkpoint(filesystem=local, path=/home/vincenzo/warprec/experiment/haltgrand/lastfm_emotion_gemini/lastfm_emotion_gemini/ray_results/ray_train_trial_id=30675_00000/checkpoint_2026-07-30_09-47-40.189494), metrics={'nDCG@10': 0.13108642399311066, 'Recall@10': 0.18104508519172668, 'EPC@10': 0.05426443740725517, 'Gini@10': 0.845154881477356, 'best_nDCG@10': 0.13108642399311066, 'loss': 0.015177303925156593, 'ram_peak_mb': 5151.78515625, 'vram_peak_mb': 671.07861328125, 'epoch': 208, 'step': 34694}, validation_spec=None)

╭───────────────────────────────────────────────────────────────────────────────────────────────────────────────────────────────────────────────────────────────────────────────────────────────────────────────╮
│ Trial name                  status       embedding_size     n_layers     reg_weight     batch_size     epochs     learning_rate     iter     total time (s)     nDCG@10     Recall@10      EPC@10     Gini@10 │
├───────────────────────────────────────────────────────────────────────────────────────────────────────────────────────────────────────────────────────────────────────────────────────────────────────────────┤
│ LightGCN_QuaintOchreGoose   RUNNING                  64            3         0.0001           4096        300             0.001      201            2264.95     0.12979      0.179454   0.0537476    0.847917 │
╰───────────────────────────────────────────────────────────────────────────────────────────────────────────────────────────────────────────────────────────────────────────────────────────────────────────────╯
Trial status: 1 RUNNING
Current time: 2026-07-30 09:46:46. Total running time: 38min 34s
Logical resource usage: 0.05/12 CPUs, 0/2 GPUs (0.0/1.0 accelerator_type:G)
Current best trial: 30675_00000 with nDCG@10=0.13029448688030243 and params={'embedding_size': 64, 'n_layers': 3, 'reg_weight': 0.0001, 'batch_size': 4096, 'epochs': 300, 'learning_rate': 0.001}
╭──────────────────────────────────────────────────────────────────────────────────────────────────────────────────────────────────────────────────────────────────────────────────────────────────────────────╮
│ Trial name                  status       embedding_size     n_layers     reg_weight     batch_size     epochs     learning_rate     iter     total time (s)     nDCG@10     Recall@10     EPC@10     Gini@10 │
├──────────────────────────────────────────────────────────────────────────────────────────────────────────────────────────────────────────────────────────────────────────────────────────────────────────────┤
│ LightGCN_QuaintOchreGoose   RUNNING                  64            3         0.0001           4096        300             0.001      204            2299.24    0.130294      0.180034   0.053957    0.846947 │
╰──────────────────────────────────────────────────────────────────────────────────────────────────────────────────────────────────────────────────────────────────────────────────────────────────────────────╯
Trial status: 1 RUNNING
Current time: 2026-07-30 09:47:16. Total running time: 39min 4s
Logical resource usage: 0.05/12 CPUs, 0/2 GPUs (0.0/1.0 accelerator_type:G)
Current best trial: 30675_00000 with nDCG@10=0.13072238862514496 and params={'embedding_size': 64, 'n_layers': 3, 'reg_weight': 0.0001, 'batch_size': 4096, 'epochs': 300, 'learning_rate': 0.001}
╭───────────────────────────────────────────────────────────────────────────────────────────────────────────────────────────────────────────────────────────────────────────────────────────────────────────────╮
│ Trial name                  status       embedding_size     n_layers     reg_weight     batch_size     epochs     learning_rate     iter     total time (s)     nDCG@10     Recall@10      EPC@10     Gini@10 │
├───────────────────────────────────────────────────────────────────────────────────────────────────────────────────────────────────────────────────────────────────────────────────────────────────────────────┤
│ LightGCN_QuaintOchreGoose   RUNNING                  64            3         0.0001           4096        300             0.001      206            2321.59    0.130722      0.180623   0.0541115    0.845892 │
╰───────────────────────────────────────────────────────────────────────────────────────────────────────────────────────────────────────────────────────────────────────────────────────────────────────────────╯
Trial status: 1 RUNNING
Current time: 2026-07-30 09:47:46. Total running time: 39min 34s
Logical resource usage: 0.05/12 CPUs, 0/2 GPUs (0.0/1.0 accelerator_type:G)
Current best trial: 30675_00000 with nDCG@10=0.13108642399311066 and params={'embedding_size': 64, 'n_layers': 3, 'reg_weight': 0.0001, 'batch_size': 4096, 'epochs': 300, 'learning_rate': 0.001}
╭───────────────────────────────────────────────────────────────────────────────────────────────────────────────────────────────────────────────────────────────────────────────────────────────────────────────╮
│ Trial name                  status       embedding_size     n_layers     reg_weight     batch_size     epochs     learning_rate     iter     total time (s)     nDCG@10     Recall@10      EPC@10     Gini@10 │
├───────────────────────────────────────────────────────────────────────────────────────────────────────────────────────────────────────────────────────────────────────────────────────────────────────────────┤
│ LightGCN_QuaintOchreGoose   RUNNING                  64            3         0.0001           4096        300             0.001      209            2355.73    0.131086      0.181045   0.0542644    0.845155 │
╰───────────────────────────────────────────────────────────────────────────────────────────────────────────────────────────────────────────────────────────────────────────────────────────────────────────────╯[36m(RayTrainWorker pid=785207)[0m Checkpoint successfully created at: Checkpoint(filesystem=local, path=/home/vincenzo/warprec/experiment/haltgrand/lastfm_emotion_gemini/lastfm_emotion_gemini/ray_results/ray_train_trial_id=30675_00000/checkpoint_2026-07-30_09-47-50.550306)
[36m(RayTrainWorker pid=785207)[0m Reporting training result 210: TrainingReport(checkpoint=Checkpoint(filesystem=local, path=/home/vincenzo/warprec/experiment/haltgrand/lastfm_emotion_gemini/lastfm_emotion_gemini/ray_results/ray_train_trial_id=30675_00000/checkpoint_2026-07-30_09-47-50.550306), metrics={'nDCG@10': 0.13115403056144714, 'Recall@10': 0.18105065822601318, 'EPC@10': 0.05425284430384636, 'Gini@10': 0.8447818756103516, 'best_nDCG@10': 0.13115403056144714, 'loss': 0.01495762262493372, 'ram_peak_mb': 5151.79296875, 'vram_peak_mb': 671.07861328125, 'epoch': 209, 'step': 34860}, validation_spec=None)
[36m(RayTrainWorker pid=785207)[0m Checkpoint successfully created at: Checkpoint(filesystem=local, path=/home/vincenzo/warprec/experiment/haltgrand/lastfm_emotion_gemini/lastfm_emotion_gemini/ray_results/ray_train_trial_id=30675_00000/checkpoint_2026-07-30_09-48-00.723017)
[36m(RayTrainWorker pid=785207)[0m Reporting training result 211: TrainingReport(checkpoint=Checkpoint(filesystem=local, path=/home/vincenzo/warprec/experiment/haltgrand/lastfm_emotion_gemini/lastfm_emotion_gemini/ray_results/ray_train_trial_id=30675_00000/checkpoint_2026-07-30_09-48-00.723017), metrics={'nDCG@10': 0.13113842904567719, 'Recall@10': 0.1809041053056717, 'EPC@10': 0.05427278205752373, 'Gini@10': 0.844382107257843, 'best_nDCG@10': 0.13115403056144714, 'loss': 0.014967909082770348, 'ram_peak_mb': 5151.78125, 'vram_peak_mb': 671.07861328125, 'epoch': 210, 'step': 35026}, validation_spec=None)
[36m(RayTrainWorker pid=785207)[0m Checkpoint successfully created at: Checkpoint(filesystem=local, path=/home/vincenzo/warprec/experiment/haltgrand/lastfm_emotion_gemini/lastfm_emotion_gemini/ray_results/ray_train_trial_id=30675_00000/checkpoint_2026-07-30_09-48-10.514439)
[36m(RayTrainWorker pid=785207)[0m Reporting training result 212: TrainingReport(checkpoint=Checkpoint(filesystem=local, path=/home/vincenzo/warprec/experiment/haltgrand/lastfm_emotion_gemini/lastfm_emotion_gemini/ray_results/ray_train_trial_id=30675_00000/checkpoint_2026-07-30_09-48-10.514439), metrics={'nDCG@10': 0.1314428150653839, 'Recall@10': 0.18156419694423676, 'EPC@10': 0.054397329688072205, 'Gini@10': 0.844201385974884, 'best_nDCG@10': 0.1314428150653839, 'loss': 0.01486460492014885, 'ram_peak_mb': 5151.8046875, 'vram_peak_mb': 671.07861328125, 'epoch': 211, 'step': 35192}, validation_spec=None)
[36m(RayTrainWorker pid=785207)[0m Checkpoint successfully created at: Checkpoint(filesystem=local, path=/home/vincenzo/warprec/experiment/haltgrand/lastfm_emotion_gemini/lastfm_emotion_gemini/ray_results/ray_train_trial_id=30675_00000/checkpoint_2026-07-30_09-48-20.216914)
[36m(RayTrainWorker pid=785207)[0m Reporting training result 213: TrainingReport(checkpoint=Checkpoint(filesystem=local, path=/home/vincenzo/warprec/experiment/haltgrand/lastfm_emotion_gemini/lastfm_emotion_gemini/ray_results/ray_train_trial_id=30675_00000/checkpoint_2026-07-30_09-48-20.216914), metrics={'nDCG@10': 0.1316070258617401, 'Recall@10': 0.18179523944854736, 'EPC@10': 0.054481055587530136, 'Gini@10': 0.8438628315925598, 'best_nDCG@10': 0.1316070258617401, 'loss': 0.014896141365170479, 'ram_peak_mb': 5152.77734375, 'vram_peak_mb': 671.07861328125, 'epoch': 212, 'step': 35358}, validation_spec=None)
[36m(RayTrainWorker pid=785207)[0m Checkpoint successfully created at: Checkpoint(filesystem=local, path=/home/vincenzo/warprec/experiment/haltgrand/lastfm_emotion_gemini/lastfm_emotion_gemini/ray_results/ray_train_trial_id=30675_00000/checkpoint_2026-07-30_09-48-30.008449)
[36m(RayTrainWorker pid=785207)[0m Reporting training result 214: TrainingReport(checkpoint=Checkpoint(filesystem=local, path=/home/vincenzo/warprec/experiment/haltgrand/lastfm_emotion_gemini/lastfm_emotion_gemini/ray_results/ray_train_trial_id=30675_00000/checkpoint_2026-07-30_09-48-30.008449), metrics={'nDCG@10': 0.1317870318889618, 'Recall@10': 0.1820191890001297, 'EPC@10': 0.05452451482415199, 'Gini@10': 0.8429496884346008, 'best_nDCG@10': 0.1317870318889618, 'loss': 0.014957224950194359, 'ram_peak_mb': 5153.26953125, 'vram_peak_mb': 671.07861328125, 'epoch': 213, 'step': 35524}, validation_spec=None)
[36m(RayTrainWorker pid=785207)[0m Checkpoint successfully created at: Checkpoint(filesystem=local, path=/home/vincenzo/warprec/experiment/haltgrand/lastfm_emotion_gemini/lastfm_emotion_gemini/ray_results/ray_train_trial_id=30675_00000/checkpoint_2026-07-30_09-48-39.929653)
[36m(RayTrainWorker pid=785207)[0m Reporting training result 215: TrainingReport(checkpoint=Checkpoint(filesystem=local, path=/home/vincenzo/warprec/experiment/haltgrand/lastfm_emotion_gemini/lastfm_emotion_gemini/ray_results/ray_train_trial_id=30675_00000/checkpoint_2026-07-30_09-48-39.929653), metrics={'nDCG@10': 0.13179604709148407, 'Recall@10': 0.1820259541273117, 'EPC@10': 0.05449266731739044, 'Gini@10': 0.8425459265708923, 'best_nDCG@10': 0.13179604709148407, 'loss': 0.01484890840947628, 'ram_peak_mb': 5152.79296875, 'vram_peak_mb': 671.07861328125, 'epoch': 214, 'step': 35690}, validation_spec=None)
[36m(RayTrainWorker pid=785207)[0m Checkpoint successfully created at: Checkpoint(filesystem=local, path=/home/vincenzo/warprec/experiment/haltgrand/lastfm_emotion_gemini/lastfm_emotion_gemini/ray_results/ray_train_trial_id=30675_00000/checkpoint_2026-07-30_09-48-50.005916)
[36m(RayTrainWorker pid=785207)[0m Reporting training result 216: TrainingReport(checkpoint=Checkpoint(filesystem=local, path=/home/vincenzo/warprec/experiment/haltgrand/lastfm_emotion_gemini/lastfm_emotion_gemini/ray_results/ray_train_trial_id=30675_00000/checkpoint_2026-07-30_09-48-50.005916), metrics={'nDCG@10': 0.13186798989772797, 'Recall@10': 0.18198125064373016, 'EPC@10': 0.054533883929252625, 'Gini@10': 0.8424620032310486, 'best_nDCG@10': 0.13186798989772797, 'loss': 0.014764980413019657, 'ram_peak_mb': 5151.80078125, 'vram_peak_mb': 671.07861328125, 'epoch': 215, 'step': 35856}, validation_spec=None)
[36m(RayTrainWorker pid=785207)[0m Checkpoint successfully created at: Checkpoint(filesystem=local, path=/home/vincenzo/warprec/experiment/haltgrand/lastfm_emotion_gemini/lastfm_emotion_gemini/ray_results/ray_train_trial_id=30675_00000/checkpoint_2026-07-30_09-48-59.977300)
[36m(RayTrainWorker pid=785207)[0m Reporting training result 217: TrainingReport(checkpoint=Checkpoint(filesystem=local, path=/home/vincenzo/warprec/experiment/haltgrand/lastfm_emotion_gemini/lastfm_emotion_gemini/ray_results/ray_train_trial_id=30675_00000/checkpoint_2026-07-30_09-48-59.977300), metrics={'nDCG@10': 0.13187521696090698, 'Recall@10': 0.18227653205394745, 'EPC@10': 0.05453215911984444, 'Gini@10': 0.8425394892692566, 'best_nDCG@10': 0.13187521696090698, 'loss': 0.014637275598943233, 'ram_peak_mb': 5151.8203125, 'vram_peak_mb': 671.07861328125, 'epoch': 216, 'step': 36022}, validation_spec=None)
[36m(RayTrainWorker pid=785207)[0m Checkpoint successfully created at: Checkpoint(filesystem=local, path=/home/vincenzo/warprec/experiment/haltgrand/lastfm_emotion_gemini/lastfm_emotion_gemini/ray_results/ray_train_trial_id=30675_00000/checkpoint_2026-07-30_09-49-10.204343)
[36m(RayTrainWorker pid=785207)[0m Reporting training result 218: TrainingReport(checkpoint=Checkpoint(filesystem=local, path=/home/vincenzo/warprec/experiment/haltgrand/lastfm_emotion_gemini/lastfm_emotion_gemini/ray_results/ray_train_trial_id=30675_00000/checkpoint_2026-07-30_09-49-10.204343), metrics={'nDCG@10': 0.13214810192584991, 'Recall@10': 0.18238256871700287, 'EPC@10': 0.05462406948208809, 'Gini@10': 0.8421604633331299, 'best_nDCG@10': 0.13214810192584991, 'loss': 0.014680334366858006, 'ram_peak_mb': 5151.83203125, 'vram_peak_mb': 671.07861328125, 'epoch': 217, 'step': 36188}, validation_spec=None)
[36m(RayTrainWorker pid=785207)[0m Checkpoint successfully created at: Checkpoint(filesystem=local, path=/home/vincenzo/warprec/experiment/haltgrand/lastfm_emotion_gemini/lastfm_emotion_gemini/ray_results/ray_train_trial_id=30675_00000/checkpoint_2026-07-30_09-49-20.275778)
[36m(RayTrainWorker pid=785207)[0m Reporting training result 219: TrainingReport(checkpoint=Checkpoint(filesystem=local, path=/home/vincenzo/warprec/experiment/haltgrand/lastfm_emotion_gemini/lastfm_emotion_gemini/ray_results/ray_train_trial_id=30675_00000/checkpoint_2026-07-30_09-49-20.275778), metrics={'nDCG@10': 0.13202182948589325, 'Recall@10': 0.18238814175128937, 'EPC@10': 0.05459938943386078, 'Gini@10': 0.8418782949447632, 'best_nDCG@10': 0.13214810192584991, 'loss': 0.014711673371493816, 'ram_peak_mb': 5151.84375, 'vram_peak_mb': 671.07861328125, 'epoch': 218, 'step': 36354}, validation_spec=None)
[36m(RayTrainWorker pid=785207)[0m Checkpoint successfully created at: Checkpoint(filesystem=local, path=/home/vincenzo/warprec/experiment/haltgrand/lastfm_emotion_gemini/lastfm_emotion_gemini/ray_results/ray_train_trial_id=30675_00000/checkpoint_2026-07-30_09-49-30.422451)
[36m(RayTrainWorker pid=785207)[0m Reporting training result 220: TrainingReport(checkpoint=Checkpoint(filesystem=local, path=/home/vincenzo/warprec/experiment/haltgrand/lastfm_emotion_gemini/lastfm_emotion_gemini/ray_results/ray_train_trial_id=30675_00000/checkpoint_2026-07-30_09-49-30.422451), metrics={'nDCG@10': 0.13213445246219635, 'Recall@10': 0.18272845447063446, 'EPC@10': 0.054636742919683456, 'Gini@10': 0.8412111401557922, 'best_nDCG@10': 0.13214810192584991, 'loss': 0.014542711898684502, 'ram_peak_mb': 5151.828125, 'vram_peak_mb': 671.07861328125, 'epoch': 219, 'step': 36520}, validation_spec=None)
[36m(RayTrainWorker pid=785207)[0m Checkpoint successfully created at: Checkpoint(filesystem=local, path=/home/vincenzo/warprec/experiment/haltgrand/lastfm_emotion_gemini/lastfm_emotion_gemini/ray_results/ray_train_trial_id=30675_00000/checkpoint_2026-07-30_09-49-40.645814)
[36m(RayTrainWorker pid=785207)[0m Reporting training result 221: TrainingReport(checkpoint=Checkpoint(filesystem=local, path=/home/vincenzo/warprec/experiment/haltgrand/lastfm_emotion_gemini/lastfm_emotion_gemini/ray_results/ray_train_trial_id=30675_00000/checkpoint_2026-07-30_09-49-40.645814), metrics={'nDCG@10': 0.13217031955718994, 'Recall@10': 0.18279020488262177, 'EPC@10': 0.05465046316385269, 'Gini@10': 0.8411938548088074, 'best_nDCG@10': 0.13217031955718994, 'loss': 0.01462643314152956, 'ram_peak_mb': 5151.84765625, 'vram_peak_mb': 671.07861328125, 'epoch': 220, 'step': 36686}, validation_spec=None)

Trial status: 1 RUNNING
Current time: 2026-07-30 09:48:16. Total running time: 40min 4s
Logical resource usage: 0.05/12 CPUs, 0/2 GPUs (0.0/1.0 accelerator_type:G)
Current best trial: 30675_00000 with nDCG@10=0.1314428150653839 and params={'embedding_size': 64, 'n_layers': 3, 'reg_weight': 0.0001, 'batch_size': 4096, 'epochs': 300, 'learning_rate': 0.001}
╭───────────────────────────────────────────────────────────────────────────────────────────────────────────────────────────────────────────────────────────────────────────────────────────────────────────────╮
│ Trial name                  status       embedding_size     n_layers     reg_weight     batch_size     epochs     learning_rate     iter     total time (s)     nDCG@10     Recall@10      EPC@10     Gini@10 │
├───────────────────────────────────────────────────────────────────────────────────────────────────────────────────────────────────────────────────────────────────────────────────────────────────────────────┤
│ LightGCN_QuaintOchreGoose   RUNNING                  64            3         0.0001           4096        300             0.001      212            2386.17    0.131443      0.181564   0.0543973    0.844201 │
╰───────────────────────────────────────────────────────────────────────────────────────────────────────────────────────────────────────────────────────────────────────────────────────────────────────────────╯
Trial status: 1 RUNNING
Current time: 2026-07-30 09:48:46. Total running time: 40min 34s
Logical resource usage: 0.05/12 CPUs, 0/2 GPUs (0.0/1.0 accelerator_type:G)
Current best trial: 30675_00000 with nDCG@10=0.13179604709148407 and params={'embedding_size': 64, 'n_layers': 3, 'reg_weight': 0.0001, 'batch_size': 4096, 'epochs': 300, 'learning_rate': 0.001}
╭───────────────────────────────────────────────────────────────────────────────────────────────────────────────────────────────────────────────────────────────────────────────────────────────────────────────╮
│ Trial name                  status       embedding_size     n_layers     reg_weight     batch_size     epochs     learning_rate     iter     total time (s)     nDCG@10     Recall@10      EPC@10     Gini@10 │
├───────────────────────────────────────────────────────────────────────────────────────────────────────────────────────────────────────────────────────────────────────────────────────────────────────────────┤
│ LightGCN_QuaintOchreGoose   RUNNING                  64            3         0.0001           4096        300             0.001      215            2416.21    0.131796      0.182026   0.0544927    0.842546 │
╰───────────────────────────────────────────────────────────────────────────────────────────────────────────────────────────────────────────────────────────────────────────────────────────────────────────────╯
Trial status: 1 RUNNING
Current time: 2026-07-30 09:49:16. Total running time: 41min 4s
Logical resource usage: 0.05/12 CPUs, 0/2 GPUs (0.0/1.0 accelerator_type:G)
Current best trial: 30675_00000 with nDCG@10=0.13214810192584991 and params={'embedding_size': 64, 'n_layers': 3, 'reg_weight': 0.0001, 'batch_size': 4096, 'epochs': 300, 'learning_rate': 0.001}
╭───────────────────────────────────────────────────────────────────────────────────────────────────────────────────────────────────────────────────────────────────────────────────────────────────────────────╮
│ Trial name                  status       embedding_size     n_layers     reg_weight     batch_size     epochs     learning_rate     iter     total time (s)     nDCG@10     Recall@10      EPC@10     Gini@10 │
├───────────────────────────────────────────────────────────────────────────────────────────────────────────────────────────────────────────────────────────────────────────────────────────────────────────────┤
│ LightGCN_QuaintOchreGoose   RUNNING                  64            3         0.0001           4096        300             0.001      218            2446.66    0.132148      0.182383   0.0546241     0.84216 │
╰───────────────────────────────────────────────────────────────────────────────────────────────────────────────────────────────────────────────────────────────────────────────────────────────────────────────╯
Trial status: 1 RUNNING
Current time: 2026-07-30 09:49:46. Total running time: 41min 34s
Logical resource usage: 0.05/12 CPUs, 0/2 GPUs (0.0/1.0 accelerator_type:G)
Current best trial: 30675_00000 with nDCG@10=0.13217031955718994 and params={'embedding_size': 64, 'n_layers': 3, 'reg_weight': 0.0001, 'batch_size': 4096, 'epochs': 300, 'learning_rate': 0.001}[36m(RayTrainWorker pid=785207)[0m Checkpoint successfully created at: Checkpoint(filesystem=local, path=/home/vincenzo/warprec/experiment/haltgrand/lastfm_emotion_gemini/lastfm_emotion_gemini/ray_results/ray_train_trial_id=30675_00000/checkpoint_2026-07-30_09-49-50.406176)
[36m(RayTrainWorker pid=785207)[0m Reporting training result 222: TrainingReport(checkpoint=Checkpoint(filesystem=local, path=/home/vincenzo/warprec/experiment/haltgrand/lastfm_emotion_gemini/lastfm_emotion_gemini/ray_results/ray_train_trial_id=30675_00000/checkpoint_2026-07-30_09-49-50.406176), metrics={'nDCG@10': 0.13243994116783142, 'Recall@10': 0.1828491985797882, 'EPC@10': 0.05476050078868866, 'Gini@10': 0.8404345512390137, 'best_nDCG@10': 0.13243994116783142, 'loss': 0.014583643525838852, 'ram_peak_mb': 5152.82421875, 'vram_peak_mb': 671.07861328125, 'epoch': 221, 'step': 36852}, validation_spec=None)
[36m(RayTrainWorker pid=785207)[0m Checkpoint successfully created at: Checkpoint(filesystem=local, path=/home/vincenzo/warprec/experiment/haltgrand/lastfm_emotion_gemini/lastfm_emotion_gemini/ray_results/ray_train_trial_id=30675_00000/checkpoint_2026-07-30_09-50-00.394827)
[36m(RayTrainWorker pid=785207)[0m Reporting training result 223: TrainingReport(checkpoint=Checkpoint(filesystem=local, path=/home/vincenzo/warprec/experiment/haltgrand/lastfm_emotion_gemini/lastfm_emotion_gemini/ray_results/ray_train_trial_id=30675_00000/checkpoint_2026-07-30_09-50-00.394827), metrics={'nDCG@10': 0.13249514997005463, 'Recall@10': 0.18290379643440247, 'EPC@10': 0.054790087044239044, 'Gini@10': 0.8404608964920044, 'best_nDCG@10': 0.13249514997005463, 'loss': 0.014554670080542564, 'ram_peak_mb': 5151.84375, 'vram_peak_mb': 671.07861328125, 'epoch': 222, 'step': 37018}, validation_spec=None)
[36m(RayTrainWorker pid=785207)[0m Checkpoint successfully created at: Checkpoint(filesystem=local, path=/home/vincenzo/warprec/experiment/haltgrand/lastfm_emotion_gemini/lastfm_emotion_gemini/ray_results/ray_train_trial_id=30675_00000/checkpoint_2026-07-30_09-50-10.304133)
[36m(RayTrainWorker pid=785207)[0m Reporting training result 224: TrainingReport(checkpoint=Checkpoint(filesystem=local, path=/home/vincenzo/warprec/experiment/haltgrand/lastfm_emotion_gemini/lastfm_emotion_gemini/ray_results/ray_train_trial_id=30675_00000/checkpoint_2026-07-30_09-50-10.304133), metrics={'nDCG@10': 0.1325942426919937, 'Recall@10': 0.1831876039505005, 'EPC@10': 0.05482594296336174, 'Gini@10': 0.8399860858917236, 'best_nDCG@10': 0.1325942426919937, 'loss': 0.014565642923116684, 'ram_peak_mb': 5152.84375, 'vram_peak_mb': 671.07861328125, 'epoch': 223, 'step': 37184}, validation_spec=None)
[36m(RayTrainWorker pid=785207)[0m Checkpoint successfully created at: Checkpoint(filesystem=local, path=/home/vincenzo/warprec/experiment/haltgrand/lastfm_emotion_gemini/lastfm_emotion_gemini/ray_results/ray_train_trial_id=30675_00000/checkpoint_2026-07-30_09-50-20.666789)
[36m(RayTrainWorker pid=785207)[0m Reporting training result 225: TrainingReport(checkpoint=Checkpoint(filesystem=local, path=/home/vincenzo/warprec/experiment/haltgrand/lastfm_emotion_gemini/lastfm_emotion_gemini/ray_results/ray_train_trial_id=30675_00000/checkpoint_2026-07-30_09-50-20.666789), metrics={'nDCG@10': 0.13295748829841614, 'Recall@10': 0.18351292610168457, 'EPC@10': 0.05499154329299927, 'Gini@10': 0.8398007154464722, 'best_nDCG@10': 0.13295748829841614, 'loss': 0.014576425775885582, 'ram_peak_mb': 5153.3828125, 'vram_peak_mb': 671.07861328125, 'epoch': 224, 'step': 37350}, validation_spec=None)
[36m(RayTrainWorker pid=785207)[0m Checkpoint successfully created at: Checkpoint(filesystem=local, path=/home/vincenzo/warprec/experiment/haltgrand/lastfm_emotion_gemini/lastfm_emotion_gemini/ray_results/ray_train_trial_id=30675_00000/checkpoint_2026-07-30_09-50-30.770617)
[36m(RayTrainWorker pid=785207)[0m Reporting training result 226: TrainingReport(checkpoint=Checkpoint(filesystem=local, path=/home/vincenzo/warprec/experiment/haltgrand/lastfm_emotion_gemini/lastfm_emotion_gemini/ray_results/ray_train_trial_id=30675_00000/checkpoint_2026-07-30_09-50-30.770617), metrics={'nDCG@10': 0.1328238695859909, 'Recall@10': 0.18365401029586792, 'EPC@10': 0.05492224916815758, 'Gini@10': 0.8398627042770386, 'best_nDCG@10': 0.13295748829841614, 'loss': 0.014448652043938637, 'ram_peak_mb': 5153.40234375, 'vram_peak_mb': 671.07861328125, 'epoch': 225, 'step': 37516}, validation_spec=None)
[36m(RayTrainWorker pid=785207)[0m Checkpoint successfully created at: Checkpoint(filesystem=local, path=/home/vincenzo/warprec/experiment/haltgrand/lastfm_emotion_gemini/lastfm_emotion_gemini/ray_results/ray_train_trial_id=30675_00000/checkpoint_2026-07-30_09-50-40.417998)
[36m(RayTrainWorker pid=785207)[0m Reporting training result 227: TrainingReport(checkpoint=Checkpoint(filesystem=local, path=/home/vincenzo/warprec/experiment/haltgrand/lastfm_emotion_gemini/lastfm_emotion_gemini/ray_results/ray_train_trial_id=30675_00000/checkpoint_2026-07-30_09-50-40.417998), metrics={'nDCG@10': 0.13308943808078766, 'Recall@10': 0.18393048644065857, 'EPC@10': 0.0550532229244709, 'Gini@10': 0.839448094367981, 'best_nDCG@10': 0.13308943808078766, 'loss': 0.014502261765301228, 'ram_peak_mb': 5151.8828125, 'vram_peak_mb': 671.07861328125, 'epoch': 226, 'step': 37682}, validation_spec=None)
[36m(RayTrainWorker pid=785207)[0m Checkpoint successfully created at: Checkpoint(filesystem=local, path=/home/vincenzo/warprec/experiment/haltgrand/lastfm_emotion_gemini/lastfm_emotion_gemini/ray_results/ray_train_trial_id=30675_00000/checkpoint_2026-07-30_09-50-50.848586)
[36m(RayTrainWorker pid=785207)[0m Reporting training result 228: TrainingReport(checkpoint=Checkpoint(filesystem=local, path=/home/vincenzo/warprec/experiment/haltgrand/lastfm_emotion_gemini/lastfm_emotion_gemini/ray_results/ray_train_trial_id=30675_00000/checkpoint_2026-07-30_09-50-50.848586), metrics={'nDCG@10': 0.13326354324817657, 'Recall@10': 0.18415668606758118, 'EPC@10': 0.05507929250597954, 'Gini@10': 0.8390523791313171, 'best_nDCG@10': 0.13326354324817657, 'loss': 0.014615491032600403, 'ram_peak_mb': 5151.8984375, 'vram_peak_mb': 671.07861328125, 'epoch': 227, 'step': 37848}, validation_spec=None)
[36m(RayTrainWorker pid=785207)[0m Checkpoint successfully created at: Checkpoint(filesystem=local, path=/home/vincenzo/warprec/experiment/haltgrand/lastfm_emotion_gemini/lastfm_emotion_gemini/ray_results/ray_train_trial_id=30675_00000/checkpoint_2026-07-30_09-51-01.262084)
[36m(RayTrainWorker pid=785207)[0m Reporting training result 229: TrainingReport(checkpoint=Checkpoint(filesystem=local, path=/home/vincenzo/warprec/experiment/haltgrand/lastfm_emotion_gemini/lastfm_emotion_gemini/ray_results/ray_train_trial_id=30675_00000/checkpoint_2026-07-30_09-51-01.262084), metrics={'nDCG@10': 0.13344135880470276, 'Recall@10': 0.18445728719234467, 'EPC@10': 0.05513712018728256, 'Gini@10': 0.8384974002838135, 'best_nDCG@10': 0.13344135880470276, 'loss': 0.014404957182705402, 'ram_peak_mb': 5151.90234375, 'vram_peak_mb': 671.07861328125, 'epoch': 228, 'step': 38014}, validation_spec=None)
[36m(RayTrainWorker pid=785207)[0m Checkpoint successfully created at: Checkpoint(filesystem=local, path=/home/vincenzo/warprec/experiment/haltgrand/lastfm_emotion_gemini/lastfm_emotion_gemini/ray_results/ray_train_trial_id=30675_00000/checkpoint_2026-07-30_09-51-11.074858)
[36m(RayTrainWorker pid=785207)[0m Reporting training result 230: TrainingReport(checkpoint=Checkpoint(filesystem=local, path=/home/vincenzo/warprec/experiment/haltgrand/lastfm_emotion_gemini/lastfm_emotion_gemini/ray_results/ray_train_trial_id=30675_00000/checkpoint_2026-07-30_09-51-11.074858), metrics={'nDCG@10': 0.1336243450641632, 'Recall@10': 0.18467874825000763, 'EPC@10': 0.05522200092673302, 'Gini@10': 0.8380526900291443, 'best_nDCG@10': 0.1336243450641632, 'loss': 0.014469272457063198, 'ram_peak_mb': 5152.88671875, 'vram_peak_mb': 671.07861328125, 'epoch': 229, 'step': 38180}, validation_spec=None)

╭───────────────────────────────────────────────────────────────────────────────────────────────────────────────────────────────────────────────────────────────────────────────────────────────────────────────╮
│ Trial name                  status       embedding_size     n_layers     reg_weight     batch_size     epochs     learning_rate     iter     total time (s)     nDCG@10     Recall@10      EPC@10     Gini@10 │
├───────────────────────────────────────────────────────────────────────────────────────────────────────────────────────────────────────────────────────────────────────────────────────────────────────────────┤
│ LightGCN_QuaintOchreGoose   RUNNING                  64            3         0.0001           4096        300             0.001      221            2476.71     0.13217       0.18279   0.0546505    0.841194 │
╰───────────────────────────────────────────────────────────────────────────────────────────────────────────────────────────────────────────────────────────────────────────────────────────────────────────────╯
Trial status: 1 RUNNING
Current time: 2026-07-30 09:50:16. Total running time: 42min 4s
Logical resource usage: 0.05/12 CPUs, 0/2 GPUs (0.0/1.0 accelerator_type:G)
Current best trial: 30675_00000 with nDCG@10=0.1325942426919937 and params={'embedding_size': 64, 'n_layers': 3, 'reg_weight': 0.0001, 'batch_size': 4096, 'epochs': 300, 'learning_rate': 0.001}
╭───────────────────────────────────────────────────────────────────────────────────────────────────────────────────────────────────────────────────────────────────────────────────────────────────────────────╮
│ Trial name                  status       embedding_size     n_layers     reg_weight     batch_size     epochs     learning_rate     iter     total time (s)     nDCG@10     Recall@10      EPC@10     Gini@10 │
├───────────────────────────────────────────────────────────────────────────────────────────────────────────────────────────────────────────────────────────────────────────────────────────────────────────────┤
│ LightGCN_QuaintOchreGoose   RUNNING                  64            3         0.0001           4096        300             0.001      224            2507.12    0.132594      0.183188   0.0548259    0.839986 │
╰───────────────────────────────────────────────────────────────────────────────────────────────────────────────────────────────────────────────────────────────────────────────────────────────────────────────╯
Trial status: 1 RUNNING
Current time: 2026-07-30 09:50:46. Total running time: 42min 34s
Logical resource usage: 0.05/12 CPUs, 0/2 GPUs (0.0/1.0 accelerator_type:G)
Current best trial: 30675_00000 with nDCG@10=0.13308943808078766 and params={'embedding_size': 64, 'n_layers': 3, 'reg_weight': 0.0001, 'batch_size': 4096, 'epochs': 300, 'learning_rate': 0.001}
╭───────────────────────────────────────────────────────────────────────────────────────────────────────────────────────────────────────────────────────────────────────────────────────────────────────────────╮
│ Trial name                  status       embedding_size     n_layers     reg_weight     batch_size     epochs     learning_rate     iter     total time (s)     nDCG@10     Recall@10      EPC@10     Gini@10 │
├───────────────────────────────────────────────────────────────────────────────────────────────────────────────────────────────────────────────────────────────────────────────────────────────────────────────┤
│ LightGCN_QuaintOchreGoose   RUNNING                  64            3         0.0001           4096        300             0.001      227             2537.2    0.133089       0.18393   0.0550532    0.839448 │
╰───────────────────────────────────────────────────────────────────────────────────────────────────────────────────────────────────────────────────────────────────────────────────────────────────────────────╯
Trial status: 1 RUNNING
Current time: 2026-07-30 09:51:16. Total running time: 43min 4s
Logical resource usage: 0.05/12 CPUs, 0/2 GPUs (0.0/1.0 accelerator_type:G)
Current best trial: 30675_00000 with nDCG@10=0.1336243450641632 and params={'embedding_size': 64, 'n_layers': 3, 'reg_weight': 0.0001, 'batch_size': 4096, 'epochs': 300, 'learning_rate': 0.001}
╭──────────────────────────────────────────────────────────────────────────────────────────────────────────────────────────────────────────────────────────────────────────────────────────────────────────────╮
│ Trial name                  status       embedding_size     n_layers     reg_weight     batch_size     epochs     learning_rate     iter     total time (s)     nDCG@10     Recall@10     EPC@10     Gini@10 │
├──────────────────────────────────────────────────────────────────────────────────────────────────────────────────────────────────────────────────────────────────────────────────────────────────────────────┤
│ LightGCN_QuaintOchreGoose   RUNNING                  64            3         0.0001           4096        300             0.001      230             2567.6    0.133624      0.184679   0.055222    0.838053 │
╰──────────────────────────────────────────────────────────────────────────────────────────────────────────────────────────────────────────────────────────────────────────────────────────────────────────────╯[36m(RayTrainWorker pid=785207)[0m Checkpoint successfully created at: Checkpoint(filesystem=local, path=/home/vincenzo/warprec/experiment/haltgrand/lastfm_emotion_gemini/lastfm_emotion_gemini/ray_results/ray_train_trial_id=30675_00000/checkpoint_2026-07-30_09-51-21.274423)
[36m(RayTrainWorker pid=785207)[0m Reporting training result 231: TrainingReport(checkpoint=Checkpoint(filesystem=local, path=/home/vincenzo/warprec/experiment/haltgrand/lastfm_emotion_gemini/lastfm_emotion_gemini/ray_results/ray_train_trial_id=30675_00000/checkpoint_2026-07-30_09-51-21.274423), metrics={'nDCG@10': 0.13373108208179474, 'Recall@10': 0.18477579951286316, 'EPC@10': 0.05525830015540123, 'Gini@10': 0.8376213908195496, 'best_nDCG@10': 0.13373108208179474, 'loss': 0.014400390908122063, 'ram_peak_mb': 5152.41796875, 'vram_peak_mb': 671.07861328125, 'epoch': 230, 'step': 38346}, validation_spec=None)
[36m(RayTrainWorker pid=785207)[0m Checkpoint successfully created at: Checkpoint(filesystem=local, path=/home/vincenzo/warprec/experiment/haltgrand/lastfm_emotion_gemini/lastfm_emotion_gemini/ray_results/ray_train_trial_id=30675_00000/checkpoint_2026-07-30_09-51-31.087323)
[36m(RayTrainWorker pid=785207)[0m Reporting training result 232: TrainingReport(checkpoint=Checkpoint(filesystem=local, path=/home/vincenzo/warprec/experiment/haltgrand/lastfm_emotion_gemini/lastfm_emotion_gemini/ray_results/ray_train_trial_id=30675_00000/checkpoint_2026-07-30_09-51-31.087323), metrics={'nDCG@10': 0.1339113712310791, 'Recall@10': 0.18499527871608734, 'EPC@10': 0.05535006523132324, 'Gini@10': 0.837462842464447, 'best_nDCG@10': 0.1339113712310791, 'loss': 0.01430505607277155, 'ram_peak_mb': 5151.90625, 'vram_peak_mb': 671.07861328125, 'epoch': 231, 'step': 38512}, validation_spec=None)
[36m(RayTrainWorker pid=785207)[0m Checkpoint successfully created at: Checkpoint(filesystem=local, path=/home/vincenzo/warprec/experiment/haltgrand/lastfm_emotion_gemini/lastfm_emotion_gemini/ray_results/ray_train_trial_id=30675_00000/checkpoint_2026-07-30_09-51-41.938701)
[36m(RayTrainWorker pid=785207)[0m Reporting training result 233: TrainingReport(checkpoint=Checkpoint(filesystem=local, path=/home/vincenzo/warprec/experiment/haltgrand/lastfm_emotion_gemini/lastfm_emotion_gemini/ray_results/ray_train_trial_id=30675_00000/checkpoint_2026-07-30_09-51-41.938701), metrics={'nDCG@10': 0.1339975744485855, 'Recall@10': 0.1851709932088852, 'EPC@10': 0.05537661164999008, 'Gini@10': 0.8370299339294434, 'best_nDCG@10': 0.1339975744485855, 'loss': 0.014360256493091583, 'ram_peak_mb': 5151.890625, 'vram_peak_mb': 671.07861328125, 'epoch': 232, 'step': 38678}, validation_spec=None)
[36m(RayTrainWorker pid=785207)[0m Checkpoint successfully created at: Checkpoint(filesystem=local, path=/home/vincenzo/warprec/experiment/haltgrand/lastfm_emotion_gemini/lastfm_emotion_gemini/ray_results/ray_train_trial_id=30675_00000/checkpoint_2026-07-30_09-51-52.492351)
[36m(RayTrainWorker pid=785207)[0m Reporting training result 234: TrainingReport(checkpoint=Checkpoint(filesystem=local, path=/home/vincenzo/warprec/experiment/haltgrand/lastfm_emotion_gemini/lastfm_emotion_gemini/ray_results/ray_train_trial_id=30675_00000/checkpoint_2026-07-30_09-51-52.492351), metrics={'nDCG@10': 0.13403449952602386, 'Recall@10': 0.18497198820114136, 'EPC@10': 0.055437661707401276, 'Gini@10': 0.8368604779243469, 'best_nDCG@10': 0.13403449952602386, 'loss': 0.014281726442277431, 'ram_peak_mb': 5152.91015625, 'vram_peak_mb': 671.07861328125, 'epoch': 233, 'step': 38844}, validation_spec=None)
[36m(RayTrainWorker pid=785207)[0m Checkpoint successfully created at: Checkpoint(filesystem=local, path=/home/vincenzo/warprec/experiment/haltgrand/lastfm_emotion_gemini/lastfm_emotion_gemini/ray_results/ray_train_trial_id=30675_00000/checkpoint_2026-07-30_09-52-02.141214)
[36m(RayTrainWorker pid=785207)[0m Reporting training result 235: TrainingReport(checkpoint=Checkpoint(filesystem=local, path=/home/vincenzo/warprec/experiment/haltgrand/lastfm_emotion_gemini/lastfm_emotion_gemini/ray_results/ray_train_trial_id=30675_00000/checkpoint_2026-07-30_09-52-02.141214), metrics={'nDCG@10': 0.13413076102733612, 'Recall@10': 0.18488895893096924, 'EPC@10': 0.05548283830285072, 'Gini@10': 0.8362253904342651, 'best_nDCG@10': 0.13413076102733612, 'loss': 0.014308485202491283, 'ram_peak_mb': 5151.90234375, 'vram_peak_mb': 671.07861328125, 'epoch': 234, 'step': 39010}, validation_spec=None)
[36m(RayTrainWorker pid=785207)[0m Checkpoint successfully created at: Checkpoint(filesystem=local, path=/home/vincenzo/warprec/experiment/haltgrand/lastfm_emotion_gemini/lastfm_emotion_gemini/ray_results/ray_train_trial_id=30675_00000/checkpoint_2026-07-30_09-52-11.653150)
[36m(RayTrainWorker pid=785207)[0m Reporting training result 236: TrainingReport(checkpoint=Checkpoint(filesystem=local, path=/home/vincenzo/warprec/experiment/haltgrand/lastfm_emotion_gemini/lastfm_emotion_gemini/ray_results/ray_train_trial_id=30675_00000/checkpoint_2026-07-30_09-52-11.653150), metrics={'nDCG@10': 0.13415247201919556, 'Recall@10': 0.1849622279405594, 'EPC@10': 0.05550786107778549, 'Gini@10': 0.8361968398094177, 'best_nDCG@10': 0.13415247201919556, 'loss': 0.014220209792256355, 'ram_peak_mb': 5151.921875, 'vram_peak_mb': 671.07861328125, 'epoch': 235, 'step': 39176}, validation_spec=None)
[36m(RayTrainWorker pid=785207)[0m Checkpoint successfully created at: Checkpoint(filesystem=local, path=/home/vincenzo/warprec/experiment/haltgrand/lastfm_emotion_gemini/lastfm_emotion_gemini/ray_results/ray_train_trial_id=30675_00000/checkpoint_2026-07-30_09-52-21.505488)
[36m(RayTrainWorker pid=785207)[0m Reporting training result 237: TrainingReport(checkpoint=Checkpoint(filesystem=local, path=/home/vincenzo/warprec/experiment/haltgrand/lastfm_emotion_gemini/lastfm_emotion_gemini/ray_results/ray_train_trial_id=30675_00000/checkpoint_2026-07-30_09-52-21.505488), metrics={'nDCG@10': 0.13434624671936035, 'Recall@10': 0.18503497540950775, 'EPC@10': 0.05557156354188919, 'Gini@10': 0.8362505435943604, 'best_nDCG@10': 0.13434624671936035, 'loss': 0.014158296398818493, 'ram_peak_mb': 5152.44140625, 'vram_peak_mb': 671.07861328125, 'epoch': 236, 'step': 39342}, validation_spec=None)
[36m(RayTrainWorker pid=785207)[0m Checkpoint successfully created at: Checkpoint(filesystem=local, path=/home/vincenzo/warprec/experiment/haltgrand/lastfm_emotion_gemini/lastfm_emotion_gemini/ray_results/ray_train_trial_id=30675_00000/checkpoint_2026-07-30_09-52-31.482006)
[36m(RayTrainWorker pid=785207)[0m Reporting training result 238: TrainingReport(checkpoint=Checkpoint(filesystem=local, path=/home/vincenzo/warprec/experiment/haltgrand/lastfm_emotion_gemini/lastfm_emotion_gemini/ray_results/ray_train_trial_id=30675_00000/checkpoint_2026-07-30_09-52-31.482006), metrics={'nDCG@10': 0.13430681824684143, 'Recall@10': 0.1849353015422821, 'EPC@10': 0.05555189773440361, 'Gini@10': 0.8356050848960876, 'best_nDCG@10': 0.13434624671936035, 'loss': 0.014215455390512943, 'ram_peak_mb': 5151.9296875, 'vram_peak_mb': 671.07861328125, 'epoch': 237, 'step': 39508}, validation_spec=None)
[36m(RayTrainWorker pid=785207)[0m Checkpoint successfully created at: Checkpoint(filesystem=local, path=/home/vincenzo/warprec/experiment/haltgrand/lastfm_emotion_gemini/lastfm_emotion_gemini/ray_results/ray_train_trial_id=30675_00000/checkpoint_2026-07-30_09-52-41.563908)
[36m(RayTrainWorker pid=785207)[0m Reporting training result 239: TrainingReport(checkpoint=Checkpoint(filesystem=local, path=/home/vincenzo/warprec/experiment/haltgrand/lastfm_emotion_gemini/lastfm_emotion_gemini/ray_results/ray_train_trial_id=30675_00000/checkpoint_2026-07-30_09-52-41.563908), metrics={'nDCG@10': 0.13446718454360962, 'Recall@10': 0.18545252084732056, 'EPC@10': 0.055623859167099, 'Gini@10': 0.8355189561843872, 'best_nDCG@10': 0.13446718454360962, 'loss': 0.014133171178400517, 'ram_peak_mb': 5151.93359375, 'vram_peak_mb': 671.07861328125, 'epoch': 238, 'step': 39674}, validation_spec=None)
[36m(RayTrainWorker pid=785207)[0m Checkpoint successfully created at: Checkpoint(filesystem=local, path=/home/vincenzo/warprec/experiment/haltgrand/lastfm_emotion_gemini/lastfm_emotion_gemini/ray_results/ray_train_trial_id=30675_00000/checkpoint_2026-07-30_09-52-51.045040)
[36m(RayTrainWorker pid=785207)[0m Reporting training result 240: TrainingReport(checkpoint=Checkpoint(filesystem=local, path=/home/vincenzo/warprec/experiment/haltgrand/lastfm_emotion_gemini/lastfm_emotion_gemini/ray_results/ray_train_trial_id=30675_00000/checkpoint_2026-07-30_09-52-51.045040), metrics={'nDCG@10': 0.13464419543743134, 'Recall@10': 0.18604950606822968, 'EPC@10': 0.05570307746529579, 'Gini@10': 0.8351619243621826, 'best_nDCG@10': 0.13464419543743134, 'loss': 0.014189135283231735, 'ram_peak_mb': 5151.93359375, 'vram_peak_mb': 671.07861328125, 'epoch': 239, 'step': 39840}, validation_spec=None)
[36m(RayTrainWorker pid=785207)[0m Checkpoint successfully created at: Checkpoint(filesystem=local, path=/home/vincenzo/warprec/experiment/haltgrand/lastfm_emotion_gemini/lastfm_emotion_gemini/ray_results/ray_train_trial_id=30675_00000/checkpoint_2026-07-30_09-53-00.946570)
[36m(RayTrainWorker pid=785207)[0m Reporting training result 241: TrainingReport(checkpoint=Checkpoint(filesystem=local, path=/home/vincenzo/warprec/experiment/haltgrand/lastfm_emotion_gemini/lastfm_emotion_gemini/ray_results/ray_train_trial_id=30675_00000/checkpoint_2026-07-30_09-53-00.946570), metrics={'nDCG@10': 0.1346851885318756, 'Recall@10': 0.18560053408145905, 'EPC@10': 0.05573267489671707, 'Gini@10': 0.8346631526947021, 'best_nDCG@10': 0.1346851885318756, 'loss': 0.014020849950611591, 'ram_peak_mb': 5151.9296875, 'vram_peak_mb': 671.07861328125, 'epoch': 240, 'step': 40006}, validation_spec=None)
[36m(RayTrainWorker pid=785207)[0m Checkpoint successfully created at: Checkpoint(filesystem=local, path=/home/vincenzo/warprec/experiment/haltgrand/lastfm_emotion_gemini/lastfm_emotion_gemini/ray_results/ray_train_trial_id=30675_00000/checkpoint_2026-07-30_09-53-10.488627)
[36m(RayTrainWorker pid=785207)[0m Reporting training result 242: TrainingReport(checkpoint=Checkpoint(filesystem=local, path=/home/vincenzo/warprec/experiment/haltgrand/lastfm_emotion_gemini/lastfm_emotion_gemini/ray_results/ray_train_trial_id=30675_00000/checkpoint_2026-07-30_09-53-10.488627), metrics={'nDCG@10': 0.1347181499004364, 'Recall@10': 0.18571123480796814, 'EPC@10': 0.0557558499276638, 'Gini@10': 0.8343714475631714, 'best_nDCG@10': 0.1347181499004364, 'loss': 0.014052324928343296, 'ram_peak_mb': 5151.93359375, 'vram_peak_mb': 671.07861328125, 'epoch': 241, 'step': 40172}, validation_spec=None)

Trial status: 1 RUNNING
Current time: 2026-07-30 09:51:46. Total running time: 43min 34s
Logical resource usage: 0.05/12 CPUs, 0/2 GPUs (0.0/1.0 accelerator_type:G)
Current best trial: 30675_00000 with nDCG@10=0.1339975744485855 and params={'embedding_size': 64, 'n_layers': 3, 'reg_weight': 0.0001, 'batch_size': 4096, 'epochs': 300, 'learning_rate': 0.001}
╭───────────────────────────────────────────────────────────────────────────────────────────────────────────────────────────────────────────────────────────────────────────────────────────────────────────────╮
│ Trial name                  status       embedding_size     n_layers     reg_weight     batch_size     epochs     learning_rate     iter     total time (s)     nDCG@10     Recall@10      EPC@10     Gini@10 │
├───────────────────────────────────────────────────────────────────────────────────────────────────────────────────────────────────────────────────────────────────────────────────────────────────────────────┤
│ LightGCN_QuaintOchreGoose   RUNNING                  64            3         0.0001           4096        300             0.001      233            2597.69    0.133998      0.185171   0.0553766     0.83703 │
╰───────────────────────────────────────────────────────────────────────────────────────────────────────────────────────────────────────────────────────────────────────────────────────────────────────────────╯
Trial status: 1 RUNNING
Current time: 2026-07-30 09:52:16. Total running time: 44min 4s
Logical resource usage: 0.05/12 CPUs, 0/2 GPUs (0.0/1.0 accelerator_type:G)
Current best trial: 30675_00000 with nDCG@10=0.13415247201919556 and params={'embedding_size': 64, 'n_layers': 3, 'reg_weight': 0.0001, 'batch_size': 4096, 'epochs': 300, 'learning_rate': 0.001}
╭───────────────────────────────────────────────────────────────────────────────────────────────────────────────────────────────────────────────────────────────────────────────────────────────────────────────╮
│ Trial name                  status       embedding_size     n_layers     reg_weight     batch_size     epochs     learning_rate     iter     total time (s)     nDCG@10     Recall@10      EPC@10     Gini@10 │
├───────────────────────────────────────────────────────────────────────────────────────────────────────────────────────────────────────────────────────────────────────────────────────────────────────────────┤
│ LightGCN_QuaintOchreGoose   RUNNING                  64            3         0.0001           4096        300             0.001      236            2628.09    0.134152      0.184962   0.0555079    0.836197 │
╰───────────────────────────────────────────────────────────────────────────────────────────────────────────────────────────────────────────────────────────────────────────────────────────────────────────────╯
Trial status: 1 RUNNING
Current time: 2026-07-30 09:52:46. Total running time: 44min 34s
Logical resource usage: 0.05/12 CPUs, 0/2 GPUs (0.0/1.0 accelerator_type:G)
Current best trial: 30675_00000 with nDCG@10=0.13446718454360962 and params={'embedding_size': 64, 'n_layers': 3, 'reg_weight': 0.0001, 'batch_size': 4096, 'epochs': 300, 'learning_rate': 0.001}
╭───────────────────────────────────────────────────────────────────────────────────────────────────────────────────────────────────────────────────────────────────────────────────────────────────────────────╮
│ Trial name                  status       embedding_size     n_layers     reg_weight     batch_size     epochs     learning_rate     iter     total time (s)     nDCG@10     Recall@10      EPC@10     Gini@10 │
├───────────────────────────────────────────────────────────────────────────────────────────────────────────────────────────────────────────────────────────────────────────────────────────────────────────────┤
│ LightGCN_QuaintOchreGoose   RUNNING                  64            3         0.0001           4096        300             0.001      239            2658.21    0.134467      0.185453   0.0556239    0.835519 │
╰───────────────────────────────────────────────────────────────────────────────────────────────────────────────────────────────────────────────────────────────────────────────────────────────────────────────╯
Trial status: 1 RUNNING
Current time: 2026-07-30 09:53:16. Total running time: 45min 4s
Logical resource usage: 0.05/12 CPUs, 0/2 GPUs (0.0/1.0 accelerator_type:G)
Current best trial: 30675_00000 with nDCG@10=0.1347181499004364 and params={'embedding_size': 64, 'n_layers': 3, 'reg_weight': 0.0001, 'batch_size': 4096, 'epochs': 300, 'learning_rate': 0.001}[36m(RayTrainWorker pid=785207)[0m Checkpoint successfully created at: Checkpoint(filesystem=local, path=/home/vincenzo/warprec/experiment/haltgrand/lastfm_emotion_gemini/lastfm_emotion_gemini/ray_results/ray_train_trial_id=30675_00000/checkpoint_2026-07-30_09-53-20.507179)
[36m(RayTrainWorker pid=785207)[0m Reporting training result 243: TrainingReport(checkpoint=Checkpoint(filesystem=local, path=/home/vincenzo/warprec/experiment/haltgrand/lastfm_emotion_gemini/lastfm_emotion_gemini/ray_results/ray_train_trial_id=30675_00000/checkpoint_2026-07-30_09-53-20.507179), metrics={'nDCG@10': 0.13470681011676788, 'Recall@10': 0.1855834573507309, 'EPC@10': 0.0557548888027668, 'Gini@10': 0.8343174457550049, 'best_nDCG@10': 0.1347181499004364, 'loss': 0.013970288448035717, 'ram_peak_mb': 5151.953125, 'vram_peak_mb': 671.07861328125, 'epoch': 242, 'step': 40338}, validation_spec=None)
[36m(RayTrainWorker pid=785207)[0m Checkpoint successfully created at: Checkpoint(filesystem=local, path=/home/vincenzo/warprec/experiment/haltgrand/lastfm_emotion_gemini/lastfm_emotion_gemini/ray_results/ray_train_trial_id=30675_00000/checkpoint_2026-07-30_09-53-30.689327)
[36m(RayTrainWorker pid=785207)[0m Reporting training result 244: TrainingReport(checkpoint=Checkpoint(filesystem=local, path=/home/vincenzo/warprec/experiment/haltgrand/lastfm_emotion_gemini/lastfm_emotion_gemini/ray_results/ray_train_trial_id=30675_00000/checkpoint_2026-07-30_09-53-30.689327), metrics={'nDCG@10': 0.13492535054683685, 'Recall@10': 0.18580636382102966, 'EPC@10': 0.05582021549344063, 'Gini@10': 0.833919107913971, 'best_nDCG@10': 0.13492535054683685, 'loss': 0.014072056859731674, 'ram_peak_mb': 5151.96875, 'vram_peak_mb': 671.07861328125, 'epoch': 243, 'step': 40504}, validation_spec=None)
[36m(RayTrainWorker pid=785207)[0m Checkpoint successfully created at: Checkpoint(filesystem=local, path=/home/vincenzo/warprec/experiment/haltgrand/lastfm_emotion_gemini/lastfm_emotion_gemini/ray_results/ray_train_trial_id=30675_00000/checkpoint_2026-07-30_09-53-40.779690)
[36m(RayTrainWorker pid=785207)[0m Reporting training result 245: TrainingReport(checkpoint=Checkpoint(filesystem=local, path=/home/vincenzo/warprec/experiment/haltgrand/lastfm_emotion_gemini/lastfm_emotion_gemini/ray_results/ray_train_trial_id=30675_00000/checkpoint_2026-07-30_09-53-40.779690), metrics={'nDCG@10': 0.13493327796459198, 'Recall@10': 0.18568725883960724, 'EPC@10': 0.05584811419248581, 'Gini@10': 0.8340063095092773, 'best_nDCG@10': 0.13493327796459198, 'loss': 0.014020713046193123, 'ram_peak_mb': 5151.953125, 'vram_peak_mb': 671.07861328125, 'epoch': 244, 'step': 40670}, validation_spec=None)
[36m(RayTrainWorker pid=785207)[0m Checkpoint successfully created at: Checkpoint(filesystem=local, path=/home/vincenzo/warprec/experiment/haltgrand/lastfm_emotion_gemini/lastfm_emotion_gemini/ray_results/ray_train_trial_id=30675_00000/checkpoint_2026-07-30_09-53-50.649146)
[36m(RayTrainWorker pid=785207)[0m Reporting training result 246: TrainingReport(checkpoint=Checkpoint(filesystem=local, path=/home/vincenzo/warprec/experiment/haltgrand/lastfm_emotion_gemini/lastfm_emotion_gemini/ray_results/ray_train_trial_id=30675_00000/checkpoint_2026-07-30_09-53-50.649146), metrics={'nDCG@10': 0.13519157469272614, 'Recall@10': 0.18601113557815552, 'EPC@10': 0.05594246834516525, 'Gini@10': 0.833450436592102, 'best_nDCG@10': 0.13519157469272614, 'loss': 0.014046826399862766, 'ram_peak_mb': 5151.96875, 'vram_peak_mb': 671.07861328125, 'epoch': 245, 'step': 40836}, validation_spec=None)
[36m(RayTrainWorker pid=785207)[0m Checkpoint successfully created at: Checkpoint(filesystem=local, path=/home/vincenzo/warprec/experiment/haltgrand/lastfm_emotion_gemini/lastfm_emotion_gemini/ray_results/ray_train_trial_id=30675_00000/checkpoint_2026-07-30_09-54-00.317454)
[36m(RayTrainWorker pid=785207)[0m Reporting training result 247: TrainingReport(checkpoint=Checkpoint(filesystem=local, path=/home/vincenzo/warprec/experiment/haltgrand/lastfm_emotion_gemini/lastfm_emotion_gemini/ray_results/ray_train_trial_id=30675_00000/checkpoint_2026-07-30_09-54-00.317454), metrics={'nDCG@10': 0.13521629571914673, 'Recall@10': 0.18602541089057922, 'EPC@10': 0.055962223559617996, 'Gini@10': 0.8333370089530945, 'best_nDCG@10': 0.13521629571914673, 'loss': 0.013885565102100372, 'ram_peak_mb': 5151.9765625, 'vram_peak_mb': 671.07861328125, 'epoch': 246, 'step': 41002}, validation_spec=None)
[36m(RayTrainWorker pid=785207)[0m Checkpoint successfully created at: Checkpoint(filesystem=local, path=/home/vincenzo/warprec/experiment/haltgrand/lastfm_emotion_gemini/lastfm_emotion_gemini/ray_results/ray_train_trial_id=30675_00000/checkpoint_2026-07-30_09-54-09.940074)
[36m(RayTrainWorker pid=785207)[0m Reporting training result 248: TrainingReport(checkpoint=Checkpoint(filesystem=local, path=/home/vincenzo/warprec/experiment/haltgrand/lastfm_emotion_gemini/lastfm_emotion_gemini/ray_results/ray_train_trial_id=30675_00000/checkpoint_2026-07-30_09-54-09.940074), metrics={'nDCG@10': 0.13531529903411865, 'Recall@10': 0.18601639568805695, 'EPC@10': 0.055963389575481415, 'Gini@10': 0.8332675695419312, 'best_nDCG@10': 0.13531529903411865, 'loss': 0.013997397385537624, 'ram_peak_mb': 5152.00390625, 'vram_peak_mb': 671.07861328125, 'epoch': 247, 'step': 41168}, validation_spec=None)
[36m(RayTrainWorker pid=785207)[0m Checkpoint successfully created at: Checkpoint(filesystem=local, path=/home/vincenzo/warprec/experiment/haltgrand/lastfm_emotion_gemini/lastfm_emotion_gemini/ray_results/ray_train_trial_id=30675_00000/checkpoint_2026-07-30_09-54-19.655982)
[36m(RayTrainWorker pid=785207)[0m Reporting training result 249: TrainingReport(checkpoint=Checkpoint(filesystem=local, path=/home/vincenzo/warprec/experiment/haltgrand/lastfm_emotion_gemini/lastfm_emotion_gemini/ray_results/ray_train_trial_id=30675_00000/checkpoint_2026-07-30_09-54-19.655982), metrics={'nDCG@10': 0.1354598104953766, 'Recall@10': 0.18618567287921906, 'EPC@10': 0.05604070425033569, 'Gini@10': 0.8330255746841431, 'best_nDCG@10': 0.1354598104953766, 'loss': 0.013943449594080448, 'ram_peak_mb': 5152.98828125, 'vram_peak_mb': 671.07861328125, 'epoch': 248, 'step': 41334}, validation_spec=None)
[36m(RayTrainWorker pid=785207)[0m Checkpoint successfully created at: Checkpoint(filesystem=local, path=/home/vincenzo/warprec/experiment/haltgrand/lastfm_emotion_gemini/lastfm_emotion_gemini/ray_results/ray_train_trial_id=30675_00000/checkpoint_2026-07-30_09-54-29.493443)
[36m(RayTrainWorker pid=785207)[0m Reporting training result 250: TrainingReport(checkpoint=Checkpoint(filesystem=local, path=/home/vincenzo/warprec/experiment/haltgrand/lastfm_emotion_gemini/lastfm_emotion_gemini/ray_results/ray_train_trial_id=30675_00000/checkpoint_2026-07-30_09-54-29.493443), metrics={'nDCG@10': 0.13596530258655548, 'Recall@10': 0.18677502870559692, 'EPC@10': 0.05618852376937866, 'Gini@10': 0.8327913880348206, 'best_nDCG@10': 0.13596530258655548, 'loss': 0.013823512941598892, 'ram_peak_mb': 5151.984375, 'vram_peak_mb': 671.07861328125, 'epoch': 249, 'step': 41500}, validation_spec=None)
[36m(RayTrainWorker pid=785207)[0m Checkpoint successfully created at: Checkpoint(filesystem=local, path=/home/vincenzo/warprec/experiment/haltgrand/lastfm_emotion_gemini/lastfm_emotion_gemini/ray_results/ray_train_trial_id=30675_00000/checkpoint_2026-07-30_09-54-39.746742)
[36m(RayTrainWorker pid=785207)[0m Reporting training result 251: TrainingReport(checkpoint=Checkpoint(filesystem=local, path=/home/vincenzo/warprec/experiment/haltgrand/lastfm_emotion_gemini/lastfm_emotion_gemini/ray_results/ray_train_trial_id=30675_00000/checkpoint_2026-07-30_09-54-39.746742), metrics={'nDCG@10': 0.13579145073890686, 'Recall@10': 0.1866164654493332, 'EPC@10': 0.05615437775850296, 'Gini@10': 0.8327131271362305, 'best_nDCG@10': 0.13596530258655548, 'loss': 0.013831180520355701, 'ram_peak_mb': 5152.984375, 'vram_peak_mb': 671.07861328125, 'epoch': 250, 'step': 41666}, validation_spec=None)

╭───────────────────────────────────────────────────────────────────────────────────────────────────────────────────────────────────────────────────────────────────────────────────────────────────────────────╮
│ Trial name                  status       embedding_size     n_layers     reg_weight     batch_size     epochs     learning_rate     iter     total time (s)     nDCG@10     Recall@10      EPC@10     Gini@10 │
├───────────────────────────────────────────────────────────────────────────────────────────────────────────────────────────────────────────────────────────────────────────────────────────────────────────────┤
│ LightGCN_QuaintOchreGoose   RUNNING                  64            3         0.0001           4096        300             0.001      242            2686.63    0.134718      0.185711   0.0557558    0.834371 │
╰───────────────────────────────────────────────────────────────────────────────────────────────────────────────────────────────────────────────────────────────────────────────────────────────────────────────╯
Trial status: 1 RUNNING
Current time: 2026-07-30 09:53:46. Total running time: 45min 35s
Logical resource usage: 0.05/12 CPUs, 0/2 GPUs (0.0/1.0 accelerator_type:G)
Current best trial: 30675_00000 with nDCG@10=0.13493327796459198 and params={'embedding_size': 64, 'n_layers': 3, 'reg_weight': 0.0001, 'batch_size': 4096, 'epochs': 300, 'learning_rate': 0.001}
╭───────────────────────────────────────────────────────────────────────────────────────────────────────────────────────────────────────────────────────────────────────────────────────────────────────────────╮
│ Trial name                  status       embedding_size     n_layers     reg_weight     batch_size     epochs     learning_rate     iter     total time (s)     nDCG@10     Recall@10      EPC@10     Gini@10 │
├───────────────────────────────────────────────────────────────────────────────────────────────────────────────────────────────────────────────────────────────────────────────────────────────────────────────┤
│ LightGCN_QuaintOchreGoose   RUNNING                  64            3         0.0001           4096        300             0.001      245            2716.71    0.134933      0.185687   0.0558481    0.834006 │
╰───────────────────────────────────────────────────────────────────────────────────────────────────────────────────────────────────────────────────────────────────────────────────────────────────────────────╯
Trial status: 1 RUNNING
Current time: 2026-07-30 09:54:16. Total running time: 46min 5s
Logical resource usage: 0.05/12 CPUs, 0/2 GPUs (0.0/1.0 accelerator_type:G)
Current best trial: 30675_00000 with nDCG@10=0.13531529903411865 and params={'embedding_size': 64, 'n_layers': 3, 'reg_weight': 0.0001, 'batch_size': 4096, 'epochs': 300, 'learning_rate': 0.001}
╭───────────────────────────────────────────────────────────────────────────────────────────────────────────────────────────────────────────────────────────────────────────────────────────────────────────────╮
│ Trial name                  status       embedding_size     n_layers     reg_weight     batch_size     epochs     learning_rate     iter     total time (s)     nDCG@10     Recall@10      EPC@10     Gini@10 │
├───────────────────────────────────────────────────────────────────────────────────────────────────────────────────────────────────────────────────────────────────────────────────────────────────────────────┤
│ LightGCN_QuaintOchreGoose   RUNNING                  64            3         0.0001           4096        300             0.001      248            2745.09    0.135315      0.186016   0.0559634    0.833268 │
╰───────────────────────────────────────────────────────────────────────────────────────────────────────────────────────────────────────────────────────────────────────────────────────────────────────────────╯
Trial status: 1 RUNNING
Current time: 2026-07-30 09:54:46. Total running time: 46min 35s
Logical resource usage: 0.05/12 CPUs, 0/2 GPUs (0.0/1.0 accelerator_type:G)
Current best trial: 30675_00000 with nDCG@10=0.13579145073890686 and params={'embedding_size': 64, 'n_layers': 3, 'reg_weight': 0.0001, 'batch_size': 4096, 'epochs': 300, 'learning_rate': 0.001}
╭───────────────────────────────────────────────────────────────────────────────────────────────────────────────────────────────────────────────────────────────────────────────────────────────────────────────╮
│ Trial name                  status       embedding_size     n_layers     reg_weight     batch_size     epochs     learning_rate     iter     total time (s)     nDCG@10     Recall@10      EPC@10     Gini@10 │
├───────────────────────────────────────────────────────────────────────────────────────────────────────────────────────────────────────────────────────────────────────────────────────────────────────────────┤
│ LightGCN_QuaintOchreGoose   RUNNING                  64            3         0.0001           4096        300             0.001      251            2775.18    0.135791      0.186616   0.0561544    0.832713 │
╰───────────────────────────────────────────────────────────────────────────────────────────────────────────────────────────────────────────────────────────────────────────────────────────────────────────────╯[36m(RayTrainWorker pid=785207)[0m Checkpoint successfully created at: Checkpoint(filesystem=local, path=/home/vincenzo/warprec/experiment/haltgrand/lastfm_emotion_gemini/lastfm_emotion_gemini/ray_results/ray_train_trial_id=30675_00000/checkpoint_2026-07-30_09-54-49.452614)
[36m(RayTrainWorker pid=785207)[0m Reporting training result 252: TrainingReport(checkpoint=Checkpoint(filesystem=local, path=/home/vincenzo/warprec/experiment/haltgrand/lastfm_emotion_gemini/lastfm_emotion_gemini/ray_results/ray_train_trial_id=30675_00000/checkpoint_2026-07-30_09-54-49.452614), metrics={'nDCG@10': 0.13599185645580292, 'Recall@10': 0.1869201958179474, 'EPC@10': 0.05622634291648865, 'Gini@10': 0.832516074180603, 'best_nDCG@10': 0.13599185645580292, 'loss': 0.013822076842188835, 'ram_peak_mb': 5153.46875, 'vram_peak_mb': 671.07861328125, 'epoch': 251, 'step': 41832}, validation_spec=None)
[36m(RayTrainWorker pid=785207)[0m Checkpoint successfully created at: Checkpoint(filesystem=local, path=/home/vincenzo/warprec/experiment/haltgrand/lastfm_emotion_gemini/lastfm_emotion_gemini/ray_results/ray_train_trial_id=30675_00000/checkpoint_2026-07-30_09-54-59.201416)
[36m(RayTrainWorker pid=785207)[0m Reporting training result 253: TrainingReport(checkpoint=Checkpoint(filesystem=local, path=/home/vincenzo/warprec/experiment/haltgrand/lastfm_emotion_gemini/lastfm_emotion_gemini/ray_results/ray_train_trial_id=30675_00000/checkpoint_2026-07-30_09-54-59.201416), metrics={'nDCG@10': 0.13623198866844177, 'Recall@10': 0.1870703548192978, 'EPC@10': 0.05630829930305481, 'Gini@10': 0.8322730660438538, 'best_nDCG@10': 0.13623198866844177, 'loss': 0.013770341873168945, 'ram_peak_mb': 5152.03125, 'vram_peak_mb': 671.07861328125, 'epoch': 252, 'step': 41998}, validation_spec=None)
[36m(RayTrainWorker pid=785207)[0m Checkpoint successfully created at: Checkpoint(filesystem=local, path=/home/vincenzo/warprec/experiment/haltgrand/lastfm_emotion_gemini/lastfm_emotion_gemini/ray_results/ray_train_trial_id=30675_00000/checkpoint_2026-07-30_09-55-09.402668)
[36m(RayTrainWorker pid=785207)[0m Reporting training result 254: TrainingReport(checkpoint=Checkpoint(filesystem=local, path=/home/vincenzo/warprec/experiment/haltgrand/lastfm_emotion_gemini/lastfm_emotion_gemini/ray_results/ray_train_trial_id=30675_00000/checkpoint_2026-07-30_09-55-09.402668), metrics={'nDCG@10': 0.1365721970796585, 'Recall@10': 0.18763554096221924, 'EPC@10': 0.056421972811222076, 'Gini@10': 0.8320419192314148, 'best_nDCG@10': 0.1365721970796585, 'loss': 0.013798093423247337, 'ram_peak_mb': 5152.02734375, 'vram_peak_mb': 671.07861328125, 'epoch': 253, 'step': 42164}, validation_spec=None)
[36m(RayTrainWorker pid=785207)[0m Checkpoint successfully created at: Checkpoint(filesystem=local, path=/home/vincenzo/warprec/experiment/haltgrand/lastfm_emotion_gemini/lastfm_emotion_gemini/ray_results/ray_train_trial_id=30675_00000/checkpoint_2026-07-30_09-55-19.625779)
[36m(RayTrainWorker pid=785207)[0m Reporting training result 255: TrainingReport(checkpoint=Checkpoint(filesystem=local, path=/home/vincenzo/warprec/experiment/haltgrand/lastfm_emotion_gemini/lastfm_emotion_gemini/ray_results/ray_train_trial_id=30675_00000/checkpoint_2026-07-30_09-55-19.625779), metrics={'nDCG@10': 0.13649554550647736, 'Recall@10': 0.18771621584892273, 'EPC@10': 0.05640270560979843, 'Gini@10': 0.8316516280174255, 'best_nDCG@10': 0.1365721970796585, 'loss': 0.01362043060362339, 'ram_peak_mb': 5152.05859375, 'vram_peak_mb': 671.07861328125, 'epoch': 254, 'step': 42330}, validation_spec=None)
[36m(RayTrainWorker pid=785207)[0m Checkpoint successfully created at: Checkpoint(filesystem=local, path=/home/vincenzo/warprec/experiment/haltgrand/lastfm_emotion_gemini/lastfm_emotion_gemini/ray_results/ray_train_trial_id=30675_00000/checkpoint_2026-07-30_09-55-29.683838)
[36m(RayTrainWorker pid=785207)[0m Reporting training result 256: TrainingReport(checkpoint=Checkpoint(filesystem=local, path=/home/vincenzo/warprec/experiment/haltgrand/lastfm_emotion_gemini/lastfm_emotion_gemini/ray_results/ray_train_trial_id=30675_00000/checkpoint_2026-07-30_09-55-29.683838), metrics={'nDCG@10': 0.13667146861553192, 'Recall@10': 0.18773244321346283, 'EPC@10': 0.05649198964238167, 'Gini@10': 0.8317764401435852, 'best_nDCG@10': 0.13667146861553192, 'loss': 0.013636060059070587, 'ram_peak_mb': 5152.04296875, 'vram_peak_mb': 671.07861328125, 'epoch': 255, 'step': 42496}, validation_spec=None)
[36m(RayTrainWorker pid=785207)[0m Checkpoint successfully created at: Checkpoint(filesystem=local, path=/home/vincenzo/warprec/experiment/haltgrand/lastfm_emotion_gemini/lastfm_emotion_gemini/ray_results/ray_train_trial_id=30675_00000/checkpoint_2026-07-30_09-55-39.503251)
[36m(RayTrainWorker pid=785207)[0m Reporting training result 257: TrainingReport(checkpoint=Checkpoint(filesystem=local, path=/home/vincenzo/warprec/experiment/haltgrand/lastfm_emotion_gemini/lastfm_emotion_gemini/ray_results/ray_train_trial_id=30675_00000/checkpoint_2026-07-30_09-55-39.503251), metrics={'nDCG@10': 0.13654717803001404, 'Recall@10': 0.18794827163219452, 'EPC@10': 0.056442953646183014, 'Gini@10': 0.8313727974891663, 'best_nDCG@10': 0.13667146861553192, 'loss': 0.013716094195842743, 'ram_peak_mb': 5152.0703125, 'vram_peak_mb': 671.07861328125, 'epoch': 256, 'step': 42662}, validation_spec=None)
[36m(RayTrainWorker pid=785207)[0m Checkpoint successfully created at: Checkpoint(filesystem=local, path=/home/vincenzo/warprec/experiment/haltgrand/lastfm_emotion_gemini/lastfm_emotion_gemini/ray_results/ray_train_trial_id=30675_00000/checkpoint_2026-07-30_09-55-49.589030)
[36m(RayTrainWorker pid=785207)[0m Reporting training result 258: TrainingReport(checkpoint=Checkpoint(filesystem=local, path=/home/vincenzo/warprec/experiment/haltgrand/lastfm_emotion_gemini/lastfm_emotion_gemini/ray_results/ray_train_trial_id=30675_00000/checkpoint_2026-07-30_09-55-49.589030), metrics={'nDCG@10': 0.13662433624267578, 'Recall@10': 0.1883005052804947, 'EPC@10': 0.056438058614730835, 'Gini@10': 0.8311596512794495, 'best_nDCG@10': 0.13667146861553192, 'loss': 0.013738684356212616, 'ram_peak_mb': 5152.06640625, 'vram_peak_mb': 671.07861328125, 'epoch': 257, 'step': 42828}, validation_spec=None)
[36m(RayTrainWorker pid=785207)[0m Checkpoint successfully created at: Checkpoint(filesystem=local, path=/home/vincenzo/warprec/experiment/haltgrand/lastfm_emotion_gemini/lastfm_emotion_gemini/ray_results/ray_train_trial_id=30675_00000/checkpoint_2026-07-30_09-55-59.472468)
[36m(RayTrainWorker pid=785207)[0m Reporting training result 259: TrainingReport(checkpoint=Checkpoint(filesystem=local, path=/home/vincenzo/warprec/experiment/haltgrand/lastfm_emotion_gemini/lastfm_emotion_gemini/ray_results/ray_train_trial_id=30675_00000/checkpoint_2026-07-30_09-55-59.472468), metrics={'nDCG@10': 0.1366661787033081, 'Recall@10': 0.1879909634590149, 'EPC@10': 0.05645202845335007, 'Gini@10': 0.8308089971542358, 'best_nDCG@10': 0.13667146861553192, 'loss': 0.01370157115161419, 'ram_peak_mb': 5152.08984375, 'vram_peak_mb': 671.07861328125, 'epoch': 258, 'step': 42994}, validation_spec=None)
[36m(RayTrainWorker pid=785207)[0m Checkpoint successfully created at: Checkpoint(filesystem=local, path=/home/vincenzo/warprec/experiment/haltgrand/lastfm_emotion_gemini/lastfm_emotion_gemini/ray_results/ray_train_trial_id=30675_00000/checkpoint_2026-07-30_09-56-09.668490)
[36m(RayTrainWorker pid=785207)[0m Reporting training result 260: TrainingReport(checkpoint=Checkpoint(filesystem=local, path=/home/vincenzo/warprec/experiment/haltgrand/lastfm_emotion_gemini/lastfm_emotion_gemini/ray_results/ray_train_trial_id=30675_00000/checkpoint_2026-07-30_09-56-09.668490), metrics={'nDCG@10': 0.13654401898384094, 'Recall@10': 0.1876951903104782, 'EPC@10': 0.05642382800579071, 'Gini@10': 0.8307092189788818, 'best_nDCG@10': 0.13667146861553192, 'loss': 0.013621232472360134, 'ram_peak_mb': 5152.07421875, 'vram_peak_mb': 671.07861328125, 'epoch': 259, 'step': 43160}, validation_spec=None)
[36m(RayTrainWorker pid=785207)[0m Checkpoint successfully created at: Checkpoint(filesystem=local, path=/home/vincenzo/warprec/experiment/haltgrand/lastfm_emotion_gemini/lastfm_emotion_gemini/ray_results/ray_train_trial_id=30675_00000/checkpoint_2026-07-30_09-56-19.863107)
[36m(RayTrainWorker pid=785207)[0m Reporting training result 261: TrainingReport(checkpoint=Checkpoint(filesystem=local, path=/home/vincenzo/warprec/experiment/haltgrand/lastfm_emotion_gemini/lastfm_emotion_gemini/ray_results/ray_train_trial_id=30675_00000/checkpoint_2026-07-30_09-56-19.863107), metrics={'nDCG@10': 0.13664555549621582, 'Recall@10': 0.18836766481399536, 'EPC@10': 0.05646061524748802, 'Gini@10': 0.8301750421524048, 'best_nDCG@10': 0.13667146861553192, 'loss': 0.013601592741906643, 'ram_peak_mb': 5152.109375, 'vram_peak_mb': 671.07861328125, 'epoch': 260, 'step': 43326}, validation_spec=None)
[36m(RayTrainWorker pid=785207)[0m Checkpoint successfully created at: Checkpoint(filesystem=local, path=/home/vincenzo/warprec/experiment/haltgrand/lastfm_emotion_gemini/lastfm_emotion_gemini/ray_results/ray_train_trial_id=30675_00000/checkpoint_2026-07-30_09-56-29.796115)
[36m(RayTrainWorker pid=785207)[0m Reporting training result 262: TrainingReport(checkpoint=Checkpoint(filesystem=local, path=/home/vincenzo/warprec/experiment/haltgrand/lastfm_emotion_gemini/lastfm_emotion_gemini/ray_results/ray_train_trial_id=30675_00000/checkpoint_2026-07-30_09-56-29.796115), metrics={'nDCG@10': 0.13666920363903046, 'Recall@10': 0.18837739527225494, 'EPC@10': 0.05648409575223923, 'Gini@10': 0.8297803997993469, 'best_nDCG@10': 0.13667146861553192, 'loss': 0.013614410534501076, 'ram_peak_mb': 5153.0859375, 'vram_peak_mb': 671.07861328125, 'epoch': 261, 'step': 43492}, validation_spec=None)
[36m(RayTrainWorker pid=785207)[0m Checkpoint successfully created at: Checkpoint(filesystem=local, path=/home/vincenzo/warprec/experiment/haltgrand/lastfm_emotion_gemini/lastfm_emotion_gemini/ray_results/ray_train_trial_id=30675_00000/checkpoint_2026-07-30_09-56-39.633214)
[36m(RayTrainWorker pid=785207)[0m Reporting training result 263: TrainingReport(checkpoint=Checkpoint(filesystem=local, path=/home/vincenzo/warprec/experiment/haltgrand/lastfm_emotion_gemini/lastfm_emotion_gemini/ray_results/ray_train_trial_id=30675_00000/checkpoint_2026-07-30_09-56-39.633214), metrics={'nDCG@10': 0.13685199618339539, 'Recall@10': 0.18846116960048676, 'EPC@10': 0.05655921250581741, 'Gini@10': 0.8296987414360046, 'best_nDCG@10': 0.13685199618339539, 'loss': 0.013617527671158314, 'ram_peak_mb': 5154.57421875, 'vram_peak_mb': 671.07861328125, 'epoch': 262, 'step': 43658}, validation_spec=None)

Trial status: 1 RUNNING
Current time: 2026-07-30 09:55:16. Total running time: 47min 5s
Logical resource usage: 0.05/12 CPUs, 0/2 GPUs (0.0/1.0 accelerator_type:G)
Current best trial: 30675_00000 with nDCG@10=0.1365721970796585 and params={'embedding_size': 64, 'n_layers': 3, 'reg_weight': 0.0001, 'batch_size': 4096, 'epochs': 300, 'learning_rate': 0.001}
╭──────────────────────────────────────────────────────────────────────────────────────────────────────────────────────────────────────────────────────────────────────────────────────────────────────────────╮
│ Trial name                  status       embedding_size     n_layers     reg_weight     batch_size     epochs     learning_rate     iter     total time (s)     nDCG@10     Recall@10     EPC@10     Gini@10 │
├──────────────────────────────────────────────────────────────────────────────────────────────────────────────────────────────────────────────────────────────────────────────────────────────────────────────┤
│ LightGCN_QuaintOchreGoose   RUNNING                  64            3         0.0001           4096        300             0.001      254            2805.57    0.136572      0.187636   0.056422    0.832042 │
╰──────────────────────────────────────────────────────────────────────────────────────────────────────────────────────────────────────────────────────────────────────────────────────────────────────────────╯
Trial status: 1 RUNNING
Current time: 2026-07-30 09:55:46. Total running time: 47min 35s
Logical resource usage: 0.05/12 CPUs, 0/2 GPUs (0.0/1.0 accelerator_type:G)
Current best trial: 30675_00000 with nDCG@10=0.13654717803001404 and params={'embedding_size': 64, 'n_layers': 3, 'reg_weight': 0.0001, 'batch_size': 4096, 'epochs': 300, 'learning_rate': 0.001}
╭──────────────────────────────────────────────────────────────────────────────────────────────────────────────────────────────────────────────────────────────────────────────────────────────────────────────╮
│ Trial name                  status       embedding_size     n_layers     reg_weight     batch_size     epochs     learning_rate     iter     total time (s)     nDCG@10     Recall@10     EPC@10     Gini@10 │
├──────────────────────────────────────────────────────────────────────────────────────────────────────────────────────────────────────────────────────────────────────────────────────────────────────────────┤
│ LightGCN_QuaintOchreGoose   RUNNING                  64            3         0.0001           4096        300             0.001      257            2835.65    0.136547      0.187948   0.056443    0.831373 │
╰──────────────────────────────────────────────────────────────────────────────────────────────────────────────────────────────────────────────────────────────────────────────────────────────────────────────╯
Trial status: 1 RUNNING
Current time: 2026-07-30 09:56:16. Total running time: 48min 5s
Logical resource usage: 0.05/12 CPUs, 0/2 GPUs (0.0/1.0 accelerator_type:G)
Current best trial: 30675_00000 with nDCG@10=0.13654401898384094 and params={'embedding_size': 64, 'n_layers': 3, 'reg_weight': 0.0001, 'batch_size': 4096, 'epochs': 300, 'learning_rate': 0.001}
╭───────────────────────────────────────────────────────────────────────────────────────────────────────────────────────────────────────────────────────────────────────────────────────────────────────────────╮
│ Trial name                  status       embedding_size     n_layers     reg_weight     batch_size     epochs     learning_rate     iter     total time (s)     nDCG@10     Recall@10      EPC@10     Gini@10 │
├───────────────────────────────────────────────────────────────────────────────────────────────────────────────────────────────────────────────────────────────────────────────────────────────────────────────┤
│ LightGCN_QuaintOchreGoose   RUNNING                  64            3         0.0001           4096        300             0.001      260            2866.05    0.136544      0.187695   0.0564238    0.830709 │
╰───────────────────────────────────────────────────────────────────────────────────────────────────────────────────────────────────────────────────────────────────────────────────────────────────────────────╯
Trial status: 1 RUNNING
Current time: 2026-07-30 09:56:46. Total running time: 48min 35s
Logical resource usage: 0.05/12 CPUs, 0/2 GPUs (0.0/1.0 accelerator_type:G)
Current best trial: 30675_00000 with nDCG@10=0.13685199618339539 and params={'embedding_size': 64, 'n_layers': 3, 'reg_weight': 0.0001, 'batch_size': 4096, 'epochs': 300, 'learning_rate': 0.001}[36m(RayTrainWorker pid=785207)[0m Checkpoint successfully created at: Checkpoint(filesystem=local, path=/home/vincenzo/warprec/experiment/haltgrand/lastfm_emotion_gemini/lastfm_emotion_gemini/ray_results/ray_train_trial_id=30675_00000/checkpoint_2026-07-30_09-56-49.920071)
[36m(RayTrainWorker pid=785207)[0m Reporting training result 264: TrainingReport(checkpoint=Checkpoint(filesystem=local, path=/home/vincenzo/warprec/experiment/haltgrand/lastfm_emotion_gemini/lastfm_emotion_gemini/ray_results/ray_train_trial_id=30675_00000/checkpoint_2026-07-30_09-56-49.920071), metrics={'nDCG@10': 0.13688960671424866, 'Recall@10': 0.18851812183856964, 'EPC@10': 0.05658874660730362, 'Gini@10': 0.8298024535179138, 'best_nDCG@10': 0.13688960671424866, 'loss': 0.013518044725060463, 'ram_peak_mb': 5153.59765625, 'vram_peak_mb': 671.07861328125, 'epoch': 263, 'step': 43824}, validation_spec=None)
[36m(RayTrainWorker pid=785207)[0m Checkpoint successfully created at: Checkpoint(filesystem=local, path=/home/vincenzo/warprec/experiment/haltgrand/lastfm_emotion_gemini/lastfm_emotion_gemini/ray_results/ray_train_trial_id=30675_00000/checkpoint_2026-07-30_09-56-59.976410)
[36m(RayTrainWorker pid=785207)[0m Reporting training result 265: TrainingReport(checkpoint=Checkpoint(filesystem=local, path=/home/vincenzo/warprec/experiment/haltgrand/lastfm_emotion_gemini/lastfm_emotion_gemini/ray_results/ray_train_trial_id=30675_00000/checkpoint_2026-07-30_09-56-59.976410), metrics={'nDCG@10': 0.13706834614276886, 'Recall@10': 0.18879759311676025, 'EPC@10': 0.05667104572057724, 'Gini@10': 0.8293563723564148, 'best_nDCG@10': 0.13706834614276886, 'loss': 0.013650083914399147, 'ram_peak_mb': 5153.59765625, 'vram_peak_mb': 671.07861328125, 'epoch': 264, 'step': 43990}, validation_spec=None)
[36m(RayTrainWorker pid=785207)[0m Checkpoint successfully created at: Checkpoint(filesystem=local, path=/home/vincenzo/warprec/experiment/haltgrand/lastfm_emotion_gemini/lastfm_emotion_gemini/ray_results/ray_train_trial_id=30675_00000/checkpoint_2026-07-30_09-57-09.603503)
[36m(RayTrainWorker pid=785207)[0m Reporting training result 266: TrainingReport(checkpoint=Checkpoint(filesystem=local, path=/home/vincenzo/warprec/experiment/haltgrand/lastfm_emotion_gemini/lastfm_emotion_gemini/ray_results/ray_train_trial_id=30675_00000/checkpoint_2026-07-30_09-57-09.603503), metrics={'nDCG@10': 0.1373814195394516, 'Recall@10': 0.18920756876468658, 'EPC@10': 0.056745029985904694, 'Gini@10': 0.8292900919914246, 'best_nDCG@10': 0.1373814195394516, 'loss': 0.013564533554017544, 'ram_peak_mb': 5153.11328125, 'vram_peak_mb': 671.07861328125, 'epoch': 265, 'step': 44156}, validation_spec=None)
[36m(RayTrainWorker pid=785207)[0m Checkpoint successfully created at: Checkpoint(filesystem=local, path=/home/vincenzo/warprec/experiment/haltgrand/lastfm_emotion_gemini/lastfm_emotion_gemini/ray_results/ray_train_trial_id=30675_00000/checkpoint_2026-07-30_09-57-20.502591)
[36m(RayTrainWorker pid=785207)[0m Reporting training result 267: TrainingReport(checkpoint=Checkpoint(filesystem=local, path=/home/vincenzo/warprec/experiment/haltgrand/lastfm_emotion_gemini/lastfm_emotion_gemini/ray_results/ray_train_trial_id=30675_00000/checkpoint_2026-07-30_09-57-20.502591), metrics={'nDCG@10': 0.13751034438610077, 'Recall@10': 0.18955211341381073, 'EPC@10': 0.056824855506420135, 'Gini@10': 0.8290292024612427, 'best_nDCG@10': 0.13751034438610077, 'loss': 0.013561639003455639, 'ram_peak_mb': 5152.140625, 'vram_peak_mb': 671.07861328125, 'epoch': 266, 'step': 44322}, validation_spec=None)
[36m(RayTrainWorker pid=785207)[0m Checkpoint successfully created at: Checkpoint(filesystem=local, path=/home/vincenzo/warprec/experiment/haltgrand/lastfm_emotion_gemini/lastfm_emotion_gemini/ray_results/ray_train_trial_id=30675_00000/checkpoint_2026-07-30_09-57-30.460116)
[36m(RayTrainWorker pid=785207)[0m Reporting training result 268: TrainingReport(checkpoint=Checkpoint(filesystem=local, path=/home/vincenzo/warprec/experiment/haltgrand/lastfm_emotion_gemini/lastfm_emotion_gemini/ray_results/ray_train_trial_id=30675_00000/checkpoint_2026-07-30_09-57-30.460116), metrics={'nDCG@10': 0.13729707896709442, 'Recall@10': 0.18914233148097992, 'EPC@10': 0.05675484985113144, 'Gini@10': 0.8292802572250366, 'best_nDCG@10': 0.13751034438610077, 'loss': 0.01346827857196331, 'ram_peak_mb': 5153.09765625, 'vram_peak_mb': 671.07861328125, 'epoch': 267, 'step': 44488}, validation_spec=None)
[36m(RayTrainWorker pid=785207)[0m Checkpoint successfully created at: Checkpoint(filesystem=local, path=/home/vincenzo/warprec/experiment/haltgrand/lastfm_emotion_gemini/lastfm_emotion_gemini/ray_results/ray_train_trial_id=30675_00000/checkpoint_2026-07-30_09-57-40.135906)
[36m(RayTrainWorker pid=785207)[0m Reporting training result 269: TrainingReport(checkpoint=Checkpoint(filesystem=local, path=/home/vincenzo/warprec/experiment/haltgrand/lastfm_emotion_gemini/lastfm_emotion_gemini/ray_results/ray_train_trial_id=30675_00000/checkpoint_2026-07-30_09-57-40.135906), metrics={'nDCG@10': 0.13718575239181519, 'Recall@10': 0.18880151212215424, 'EPC@10': 0.05669889226555824, 'Gini@10': 0.8291624784469604, 'best_nDCG@10': 0.13751034438610077, 'loss': 0.013568326830863953, 'ram_peak_mb': 5152.1171875, 'vram_peak_mb': 671.07861328125, 'epoch': 268, 'step': 44654}, validation_spec=None)
[36m(RayTrainWorker pid=785207)[0m Checkpoint successfully created at: Checkpoint(filesystem=local, path=/home/vincenzo/warprec/experiment/haltgrand/lastfm_emotion_gemini/lastfm_emotion_gemini/ray_results/ray_train_trial_id=30675_00000/checkpoint_2026-07-30_09-57-50.103596)
[36m(RayTrainWorker pid=785207)[0m Reporting training result 270: TrainingReport(checkpoint=Checkpoint(filesystem=local, path=/home/vincenzo/warprec/experiment/haltgrand/lastfm_emotion_gemini/lastfm_emotion_gemini/ray_results/ray_train_trial_id=30675_00000/checkpoint_2026-07-30_09-57-50.103596), metrics={'nDCG@10': 0.13745245337486267, 'Recall@10': 0.18907243013381958, 'EPC@10': 0.05680907145142555, 'Gini@10': 0.8285800218582153, 'best_nDCG@10': 0.13751034438610077, 'loss': 0.013594990596175194, 'ram_peak_mb': 5152.11328125, 'vram_peak_mb': 671.07861328125, 'epoch': 269, 'step': 44820}, validation_spec=None)
[36m(RayTrainWorker pid=785207)[0m Checkpoint successfully created at: Checkpoint(filesystem=local, path=/home/vincenzo/warprec/experiment/haltgrand/lastfm_emotion_gemini/lastfm_emotion_gemini/ray_results/ray_train_trial_id=30675_00000/checkpoint_2026-07-30_09-57-59.987145)
[36m(RayTrainWorker pid=785207)[0m Reporting training result 271: TrainingReport(checkpoint=Checkpoint(filesystem=local, path=/home/vincenzo/warprec/experiment/haltgrand/lastfm_emotion_gemini/lastfm_emotion_gemini/ray_results/ray_train_trial_id=30675_00000/checkpoint_2026-07-30_09-57-59.987145), metrics={'nDCG@10': 0.13765938580036163, 'Recall@10': 0.18944962322711945, 'EPC@10': 0.05689030513167381, 'Gini@10': 0.8288044333457947, 'best_nDCG@10': 0.13765938580036163, 'loss': 0.013331018388271332, 'ram_peak_mb': 5152.12890625, 'vram_peak_mb': 671.07861328125, 'epoch': 270, 'step': 44986}, validation_spec=None)
[36m(RayTrainWorker pid=785207)[0m Checkpoint successfully created at: Checkpoint(filesystem=local, path=/home/vincenzo/warprec/experiment/haltgrand/lastfm_emotion_gemini/lastfm_emotion_gemini/ray_results/ray_train_trial_id=30675_00000/checkpoint_2026-07-30_09-58-10.162814)
[36m(RayTrainWorker pid=785207)[0m Reporting training result 272: TrainingReport(checkpoint=Checkpoint(filesystem=local, path=/home/vincenzo/warprec/experiment/haltgrand/lastfm_emotion_gemini/lastfm_emotion_gemini/ray_results/ray_train_trial_id=30675_00000/checkpoint_2026-07-30_09-58-10.162814), metrics={'nDCG@10': 0.13748353719711304, 'Recall@10': 0.18911337852478027, 'EPC@10': 0.05682772025465965, 'Gini@10': 0.8290508389472961, 'best_nDCG@10': 0.13765938580036163, 'loss': 0.013298442587256432, 'ram_peak_mb': 5152.1171875, 'vram_peak_mb': 671.07861328125, 'epoch': 271, 'step': 45152}, validation_spec=None)

╭───────────────────────────────────────────────────────────────────────────────────────────────────────────────────────────────────────────────────────────────────────────────────────────────────────────────╮
│ Trial name                  status       embedding_size     n_layers     reg_weight     batch_size     epochs     learning_rate     iter     total time (s)     nDCG@10     Recall@10      EPC@10     Gini@10 │
├───────────────────────────────────────────────────────────────────────────────────────────────────────────────────────────────────────────────────────────────────────────────────────────────────────────────┤
│ LightGCN_QuaintOchreGoose   RUNNING                  64            3         0.0001           4096        300             0.001      263            2896.11    0.136852      0.188461   0.0565592    0.829699 │
╰───────────────────────────────────────────────────────────────────────────────────────────────────────────────────────────────────────────────────────────────────────────────────────────────────────────────╯
Trial status: 1 RUNNING
Current time: 2026-07-30 09:57:17. Total running time: 49min 5s
Logical resource usage: 0.05/12 CPUs, 0/2 GPUs (0.0/1.0 accelerator_type:G)
Current best trial: 30675_00000 with nDCG@10=0.1373814195394516 and params={'embedding_size': 64, 'n_layers': 3, 'reg_weight': 0.0001, 'batch_size': 4096, 'epochs': 300, 'learning_rate': 0.001}
╭──────────────────────────────────────────────────────────────────────────────────────────────────────────────────────────────────────────────────────────────────────────────────────────────────────────────╮
│ Trial name                  status       embedding_size     n_layers     reg_weight     batch_size     epochs     learning_rate     iter     total time (s)     nDCG@10     Recall@10     EPC@10     Gini@10 │
├──────────────────────────────────────────────────────────────────────────────────────────────────────────────────────────────────────────────────────────────────────────────────────────────────────────────┤
│ LightGCN_QuaintOchreGoose   RUNNING                  64            3         0.0001           4096        300             0.001      266            2924.47    0.137381      0.189208   0.056745     0.82929 │
╰──────────────────────────────────────────────────────────────────────────────────────────────────────────────────────────────────────────────────────────────────────────────────────────────────────────────╯
Trial status: 1 RUNNING
Current time: 2026-07-30 09:57:47. Total running time: 49min 35s
Logical resource usage: 0.05/12 CPUs, 0/2 GPUs (0.0/1.0 accelerator_type:G)
Current best trial: 30675_00000 with nDCG@10=0.13718575239181519 and params={'embedding_size': 64, 'n_layers': 3, 'reg_weight': 0.0001, 'batch_size': 4096, 'epochs': 300, 'learning_rate': 0.001}
╭───────────────────────────────────────────────────────────────────────────────────────────────────────────────────────────────────────────────────────────────────────────────────────────────────────────────╮
│ Trial name                  status       embedding_size     n_layers     reg_weight     batch_size     epochs     learning_rate     iter     total time (s)     nDCG@10     Recall@10      EPC@10     Gini@10 │
├───────────────────────────────────────────────────────────────────────────────────────────────────────────────────────────────────────────────────────────────────────────────────────────────────────────────┤
│ LightGCN_QuaintOchreGoose   RUNNING                  64            3         0.0001           4096        300             0.001      269             2956.6    0.137186      0.188802   0.0566989    0.829162 │
╰───────────────────────────────────────────────────────────────────────────────────────────────────────────────────────────────────────────────────────────────────────────────────────────────────────────────╯
Trial status: 1 RUNNING
Current time: 2026-07-30 09:58:17. Total running time: 50min 5s
Logical resource usage: 0.05/12 CPUs, 0/2 GPUs (0.0/1.0 accelerator_type:G)
Current best trial: 30675_00000 with nDCG@10=0.13748353719711304 and params={'embedding_size': 64, 'n_layers': 3, 'reg_weight': 0.0001, 'batch_size': 4096, 'epochs': 300, 'learning_rate': 0.001}
╭───────────────────────────────────────────────────────────────────────────────────────────────────────────────────────────────────────────────────────────────────────────────────────────────────────────────╮
│ Trial name                  status       embedding_size     n_layers     reg_weight     batch_size     epochs     learning_rate     iter     total time (s)     nDCG@10     Recall@10      EPC@10     Gini@10 │
├───────────────────────────────────────────────────────────────────────────────────────────────────────────────────────────────────────────────────────────────────────────────────────────────────────────────┤
│ LightGCN_QuaintOchreGoose   RUNNING                  64            3         0.0001           4096        300             0.001      272            2985.01    0.137484      0.189113   0.0568277    0.829051 │
╰───────────────────────────────────────────────────────────────────────────────────────────────────────────────────────────────────────────────────────────────────────────────────────────────────────────────╯[36m(RayTrainWorker pid=785207)[0m Checkpoint successfully created at: Checkpoint(filesystem=local, path=/home/vincenzo/warprec/experiment/haltgrand/lastfm_emotion_gemini/lastfm_emotion_gemini/ray_results/ray_train_trial_id=30675_00000/checkpoint_2026-07-30_09-58-20.036945)
[36m(RayTrainWorker pid=785207)[0m Reporting training result 273: TrainingReport(checkpoint=Checkpoint(filesystem=local, path=/home/vincenzo/warprec/experiment/haltgrand/lastfm_emotion_gemini/lastfm_emotion_gemini/ray_results/ray_train_trial_id=30675_00000/checkpoint_2026-07-30_09-58-20.036945), metrics={'nDCG@10': 0.13778643310070038, 'Recall@10': 0.1896536499261856, 'EPC@10': 0.056963443756103516, 'Gini@10': 0.8285855054855347, 'best_nDCG@10': 0.13778643310070038, 'loss': 0.013542432337999344, 'ram_peak_mb': 5152.12109375, 'vram_peak_mb': 671.07861328125, 'epoch': 272, 'step': 45318}, validation_spec=None)
[36m(RayTrainWorker pid=785207)[0m Checkpoint successfully created at: Checkpoint(filesystem=local, path=/home/vincenzo/warprec/experiment/haltgrand/lastfm_emotion_gemini/lastfm_emotion_gemini/ray_results/ray_train_trial_id=30675_00000/checkpoint_2026-07-30_09-58-30.588778)
[36m(RayTrainWorker pid=785207)[0m Reporting training result 274: TrainingReport(checkpoint=Checkpoint(filesystem=local, path=/home/vincenzo/warprec/experiment/haltgrand/lastfm_emotion_gemini/lastfm_emotion_gemini/ray_results/ray_train_trial_id=30675_00000/checkpoint_2026-07-30_09-58-30.588778), metrics={'nDCG@10': 0.1379120945930481, 'Recall@10': 0.18995608389377594, 'EPC@10': 0.057014238089323044, 'Gini@10': 0.8280388712882996, 'best_nDCG@10': 0.1379120945930481, 'loss': 0.01346434187144041, 'ram_peak_mb': 5152.1171875, 'vram_peak_mb': 671.07861328125, 'epoch': 273, 'step': 45484}, validation_spec=None)
[36m(RayTrainWorker pid=785207)[0m Checkpoint successfully created at: Checkpoint(filesystem=local, path=/home/vincenzo/warprec/experiment/haltgrand/lastfm_emotion_gemini/lastfm_emotion_gemini/ray_results/ray_train_trial_id=30675_00000/checkpoint_2026-07-30_09-58-40.911822)
[36m(RayTrainWorker pid=785207)[0m Reporting training result 275: TrainingReport(checkpoint=Checkpoint(filesystem=local, path=/home/vincenzo/warprec/experiment/haltgrand/lastfm_emotion_gemini/lastfm_emotion_gemini/ray_results/ray_train_trial_id=30675_00000/checkpoint_2026-07-30_09-58-40.911822), metrics={'nDCG@10': 0.13799181580543518, 'Recall@10': 0.1901840716600418, 'EPC@10': 0.057028237730264664, 'Gini@10': 0.8279557228088379, 'best_nDCG@10': 0.13799181580543518, 'loss': 0.013427910394966602, 'ram_peak_mb': 5152.16796875, 'vram_peak_mb': 671.07861328125, 'epoch': 274, 'step': 45650}, validation_spec=None)
[36m(RayTrainWorker pid=785207)[0m Checkpoint successfully created at: Checkpoint(filesystem=local, path=/home/vincenzo/warprec/experiment/haltgrand/lastfm_emotion_gemini/lastfm_emotion_gemini/ray_results/ray_train_trial_id=30675_00000/checkpoint_2026-07-30_09-58-50.554814)
[36m(RayTrainWorker pid=785207)[0m Reporting training result 276: TrainingReport(checkpoint=Checkpoint(filesystem=local, path=/home/vincenzo/warprec/experiment/haltgrand/lastfm_emotion_gemini/lastfm_emotion_gemini/ray_results/ray_train_trial_id=30675_00000/checkpoint_2026-07-30_09-58-50.554814), metrics={'nDCG@10': 0.13802814483642578, 'Recall@10': 0.1899922639131546, 'EPC@10': 0.05707349255681038, 'Gini@10': 0.8275855183601379, 'best_nDCG@10': 0.13802814483642578, 'loss': 0.013454282656311989, 'ram_peak_mb': 5153.15625, 'vram_peak_mb': 671.07861328125, 'epoch': 275, 'step': 45816}, validation_spec=None)
[36m(RayTrainWorker pid=785207)[0m Checkpoint successfully created at: Checkpoint(filesystem=local, path=/home/vincenzo/warprec/experiment/haltgrand/lastfm_emotion_gemini/lastfm_emotion_gemini/ray_results/ray_train_trial_id=30675_00000/checkpoint_2026-07-30_09-59-00.508322)
[36m(RayTrainWorker pid=785207)[0m Reporting training result 277: TrainingReport(checkpoint=Checkpoint(filesystem=local, path=/home/vincenzo/warprec/experiment/haltgrand/lastfm_emotion_gemini/lastfm_emotion_gemini/ray_results/ray_train_trial_id=30675_00000/checkpoint_2026-07-30_09-59-00.508322), metrics={'nDCG@10': 0.13788087666034698, 'Recall@10': 0.18989495933055878, 'EPC@10': 0.056983012706041336, 'Gini@10': 0.8278179168701172, 'best_nDCG@10': 0.13802814483642578, 'loss': 0.01335746981203556, 'ram_peak_mb': 5153.14453125, 'vram_peak_mb': 671.07861328125, 'epoch': 276, 'step': 45982}, validation_spec=None)
[36m(RayTrainWorker pid=785207)[0m Checkpoint successfully created at: Checkpoint(filesystem=local, path=/home/vincenzo/warprec/experiment/haltgrand/lastfm_emotion_gemini/lastfm_emotion_gemini/ray_results/ray_train_trial_id=30675_00000/checkpoint_2026-07-30_09-59-10.246566)
[36m(RayTrainWorker pid=785207)[0m Reporting training result 278: TrainingReport(checkpoint=Checkpoint(filesystem=local, path=/home/vincenzo/warprec/experiment/haltgrand/lastfm_emotion_gemini/lastfm_emotion_gemini/ray_results/ray_train_trial_id=30675_00000/checkpoint_2026-07-30_09-59-10.246566), metrics={'nDCG@10': 0.13797353208065033, 'Recall@10': 0.19002479314804077, 'EPC@10': 0.05702819675207138, 'Gini@10': 0.8277937173843384, 'best_nDCG@10': 0.13802814483642578, 'loss': 0.01339248288422823, 'ram_peak_mb': 5152.1640625, 'vram_peak_mb': 671.07861328125, 'epoch': 277, 'step': 46148}, validation_spec=None)
[36m(RayTrainWorker pid=785207)[0m Checkpoint successfully created at: Checkpoint(filesystem=local, path=/home/vincenzo/warprec/experiment/haltgrand/lastfm_emotion_gemini/lastfm_emotion_gemini/ray_results/ray_train_trial_id=30675_00000/checkpoint_2026-07-30_09-59-19.993419)
[36m(RayTrainWorker pid=785207)[0m Reporting training result 279: TrainingReport(checkpoint=Checkpoint(filesystem=local, path=/home/vincenzo/warprec/experiment/haltgrand/lastfm_emotion_gemini/lastfm_emotion_gemini/ray_results/ray_train_trial_id=30675_00000/checkpoint_2026-07-30_09-59-19.993419), metrics={'nDCG@10': 0.13821536302566528, 'Recall@10': 0.1902344524860382, 'EPC@10': 0.05713136866688728, 'Gini@10': 0.8276514410972595, 'best_nDCG@10': 0.13821536302566528, 'loss': 0.013360782526433468, 'ram_peak_mb': 5153.1484375, 'vram_peak_mb': 671.07861328125, 'epoch': 278, 'step': 46314}, validation_spec=None)
[36m(RayTrainWorker pid=785207)[0m Checkpoint successfully created at: Checkpoint(filesystem=local, path=/home/vincenzo/warprec/experiment/haltgrand/lastfm_emotion_gemini/lastfm_emotion_gemini/ray_results/ray_train_trial_id=30675_00000/checkpoint_2026-07-30_09-59-29.915577)
[36m(RayTrainWorker pid=785207)[0m Reporting training result 280: TrainingReport(checkpoint=Checkpoint(filesystem=local, path=/home/vincenzo/warprec/experiment/haltgrand/lastfm_emotion_gemini/lastfm_emotion_gemini/ray_results/ray_train_trial_id=30675_00000/checkpoint_2026-07-30_09-59-29.915577), metrics={'nDCG@10': 0.13855762779712677, 'Recall@10': 0.1909448504447937, 'EPC@10': 0.057270657271146774, 'Gini@10': 0.8275118470191956, 'best_nDCG@10': 0.13855762779712677, 'loss': 0.013255570083856583, 'ram_peak_mb': 5152.1484375, 'vram_peak_mb': 671.07861328125, 'epoch': 279, 'step': 46480}, validation_spec=None)
[36m(RayTrainWorker pid=785207)[0m Checkpoint successfully created at: Checkpoint(filesystem=local, path=/home/vincenzo/warprec/experiment/haltgrand/lastfm_emotion_gemini/lastfm_emotion_gemini/ray_results/ray_train_trial_id=30675_00000/checkpoint_2026-07-30_09-59-39.563878)
[36m(RayTrainWorker pid=785207)[0m Reporting training result 281: TrainingReport(checkpoint=Checkpoint(filesystem=local, path=/home/vincenzo/warprec/experiment/haltgrand/lastfm_emotion_gemini/lastfm_emotion_gemini/ray_results/ray_train_trial_id=30675_00000/checkpoint_2026-07-30_09-59-39.563878), metrics={'nDCG@10': 0.13845771551132202, 'Recall@10': 0.1907721608877182, 'EPC@10': 0.05725640803575516, 'Gini@10': 0.8270741701126099, 'best_nDCG@10': 0.13855762779712677, 'loss': 0.013323737308382988, 'ram_peak_mb': 5152.16796875, 'vram_peak_mb': 671.07861328125, 'epoch': 280, 'step': 46646}, validation_spec=None)
[36m(RayTrainWorker pid=785207)[0m Checkpoint successfully created at: Checkpoint(filesystem=local, path=/home/vincenzo/warprec/experiment/haltgrand/lastfm_emotion_gemini/lastfm_emotion_gemini/ray_results/ray_train_trial_id=30675_00000/checkpoint_2026-07-30_09-59-49.216957)
[36m(RayTrainWorker pid=785207)[0m Reporting training result 282: TrainingReport(checkpoint=Checkpoint(filesystem=local, path=/home/vincenzo/warprec/experiment/haltgrand/lastfm_emotion_gemini/lastfm_emotion_gemini/ray_results/ray_train_trial_id=30675_00000/checkpoint_2026-07-30_09-59-49.216957), metrics={'nDCG@10': 0.1384703814983368, 'Recall@10': 0.19034916162490845, 'EPC@10': 0.057264238595962524, 'Gini@10': 0.827043354511261, 'best_nDCG@10': 0.13855762779712677, 'loss': 0.013306348584592342, 'ram_peak_mb': 5153.171875, 'vram_peak_mb': 671.07861328125, 'epoch': 281, 'step': 46812}, validation_spec=None)
[36m(RayTrainWorker pid=785207)[0m Checkpoint successfully created at: Checkpoint(filesystem=local, path=/home/vincenzo/warprec/experiment/haltgrand/lastfm_emotion_gemini/lastfm_emotion_gemini/ray_results/ray_train_trial_id=30675_00000/checkpoint_2026-07-30_09-59-59.561727)
[36m(RayTrainWorker pid=785207)[0m Reporting training result 283: TrainingReport(checkpoint=Checkpoint(filesystem=local, path=/home/vincenzo/warprec/experiment/haltgrand/lastfm_emotion_gemini/lastfm_emotion_gemini/ray_results/ray_train_trial_id=30675_00000/checkpoint_2026-07-30_09-59-59.561727), metrics={'nDCG@10': 0.13867035508155823, 'Recall@10': 0.19092518091201782, 'EPC@10': 0.05734756961464882, 'Gini@10': 0.8265691995620728, 'best_nDCG@10': 0.13867035508155823, 'loss': 0.01315641775727272, 'ram_peak_mb': 5152.1796875, 'vram_peak_mb': 671.07861328125, 'epoch': 282, 'step': 46978}, validation_spec=None)
[36m(RayTrainWorker pid=785207)[0m Checkpoint successfully created at: Checkpoint(filesystem=local, path=/home/vincenzo/warprec/experiment/haltgrand/lastfm_emotion_gemini/lastfm_emotion_gemini/ray_results/ray_train_trial_id=30675_00000/checkpoint_2026-07-30_10-00-11.310184)
[36m(RayTrainWorker pid=785207)[0m Reporting training result 284: TrainingReport(checkpoint=Checkpoint(filesystem=local, path=/home/vincenzo/warprec/experiment/haltgrand/lastfm_emotion_gemini/lastfm_emotion_gemini/ray_results/ray_train_trial_id=30675_00000/checkpoint_2026-07-30_10-00-11.310184), metrics={'nDCG@10': 0.1386648714542389, 'Recall@10': 0.19097666442394257, 'EPC@10': 0.05733664706349373, 'Gini@10': 0.8262820839881897, 'best_nDCG@10': 0.13867035508155823, 'loss': 0.013127932325005531, 'ram_peak_mb': 5152.1875, 'vram_peak_mb': 671.07861328125, 'epoch': 283, 'step': 47144}, validation_spec=None)

Trial status: 1 RUNNING
Current time: 2026-07-30 09:58:47. Total running time: 50min 35s
Logical resource usage: 0.05/12 CPUs, 0/2 GPUs (0.0/1.0 accelerator_type:G)
Current best trial: 30675_00000 with nDCG@10=0.13799181580543518 and params={'embedding_size': 64, 'n_layers': 3, 'reg_weight': 0.0001, 'batch_size': 4096, 'epochs': 300, 'learning_rate': 0.001}
╭───────────────────────────────────────────────────────────────────────────────────────────────────────────────────────────────────────────────────────────────────────────────────────────────────────────────╮
│ Trial name                  status       embedding_size     n_layers     reg_weight     batch_size     epochs     learning_rate     iter     total time (s)     nDCG@10     Recall@10      EPC@10     Gini@10 │
├───────────────────────────────────────────────────────────────────────────────────────────────────────────────────────────────────────────────────────────────────────────────────────────────────────────────┤
│ LightGCN_QuaintOchreGoose   RUNNING                  64            3         0.0001           4096        300             0.001      275            3017.09    0.137992      0.190184   0.0570282    0.827956 │
╰───────────────────────────────────────────────────────────────────────────────────────────────────────────────────────────────────────────────────────────────────────────────────────────────────────────────╯
Trial status: 1 RUNNING
Current time: 2026-07-30 09:59:17. Total running time: 51min 5s
Logical resource usage: 0.05/12 CPUs, 0/2 GPUs (0.0/1.0 accelerator_type:G)
Current best trial: 30675_00000 with nDCG@10=0.13797353208065033 and params={'embedding_size': 64, 'n_layers': 3, 'reg_weight': 0.0001, 'batch_size': 4096, 'epochs': 300, 'learning_rate': 0.001}
╭───────────────────────────────────────────────────────────────────────────────────────────────────────────────────────────────────────────────────────────────────────────────────────────────────────────────╮
│ Trial name                  status       embedding_size     n_layers     reg_weight     batch_size     epochs     learning_rate     iter     total time (s)     nDCG@10     Recall@10      EPC@10     Gini@10 │
├───────────────────────────────────────────────────────────────────────────────────────────────────────────────────────────────────────────────────────────────────────────────────────────────────────────────┤
│ LightGCN_QuaintOchreGoose   RUNNING                  64            3         0.0001           4096        300             0.001      278            3045.49    0.137974      0.190025   0.0570282    0.827794 │
╰───────────────────────────────────────────────────────────────────────────────────────────────────────────────────────────────────────────────────────────────────────────────────────────────────────────────╯
Trial status: 1 RUNNING
Current time: 2026-07-30 09:59:47. Total running time: 51min 35s
Logical resource usage: 0.05/12 CPUs, 0/2 GPUs (0.0/1.0 accelerator_type:G)
Current best trial: 30675_00000 with nDCG@10=0.13845771551132202 and params={'embedding_size': 64, 'n_layers': 3, 'reg_weight': 0.0001, 'batch_size': 4096, 'epochs': 300, 'learning_rate': 0.001}
╭───────────────────────────────────────────────────────────────────────────────────────────────────────────────────────────────────────────────────────────────────────────────────────────────────────────────╮
│ Trial name                  status       embedding_size     n_layers     reg_weight     batch_size     epochs     learning_rate     iter     total time (s)     nDCG@10     Recall@10      EPC@10     Gini@10 │
├───────────────────────────────────────────────────────────────────────────────────────────────────────────────────────────────────────────────────────────────────────────────────────────────────────────────┤
│ LightGCN_QuaintOchreGoose   RUNNING                  64            3         0.0001           4096        300             0.001      281            3075.59    0.138458      0.190772   0.0572564    0.827074 │
╰───────────────────────────────────────────────────────────────────────────────────────────────────────────────────────────────────────────────────────────────────────────────────────────────────────────────╯
Trial status: 1 RUNNING
Current time: 2026-07-30 10:00:17. Total running time: 52min 5s
Logical resource usage: 0.05/12 CPUs, 0/2 GPUs (0.0/1.0 accelerator_type:G)
Current best trial: 30675_00000 with nDCG@10=0.1386648714542389 and params={'embedding_size': 64, 'n_layers': 3, 'reg_weight': 0.0001, 'batch_size': 4096, 'epochs': 300, 'learning_rate': 0.001}[36m(RayTrainWorker pid=785207)[0m Checkpoint successfully created at: Checkpoint(filesystem=local, path=/home/vincenzo/warprec/experiment/haltgrand/lastfm_emotion_gemini/lastfm_emotion_gemini/ray_results/ray_train_trial_id=30675_00000/checkpoint_2026-07-30_10-00-21.533897)
[36m(RayTrainWorker pid=785207)[0m Reporting training result 285: TrainingReport(checkpoint=Checkpoint(filesystem=local, path=/home/vincenzo/warprec/experiment/haltgrand/lastfm_emotion_gemini/lastfm_emotion_gemini/ray_results/ray_train_trial_id=30675_00000/checkpoint_2026-07-30_10-00-21.533897), metrics={'nDCG@10': 0.13882452249526978, 'Recall@10': 0.1911574900150299, 'EPC@10': 0.05740518122911453, 'Gini@10': 0.8260899782180786, 'best_nDCG@10': 0.13882452249526978, 'loss': 0.01324775256216526, 'ram_peak_mb': 5152.17578125, 'vram_peak_mb': 671.07861328125, 'epoch': 284, 'step': 47310}, validation_spec=None)
[36m(RayTrainWorker pid=785207)[0m Checkpoint successfully created at: Checkpoint(filesystem=local, path=/home/vincenzo/warprec/experiment/haltgrand/lastfm_emotion_gemini/lastfm_emotion_gemini/ray_results/ray_train_trial_id=30675_00000/checkpoint_2026-07-30_10-00-31.782672)
[36m(RayTrainWorker pid=785207)[0m Reporting training result 286: TrainingReport(checkpoint=Checkpoint(filesystem=local, path=/home/vincenzo/warprec/experiment/haltgrand/lastfm_emotion_gemini/lastfm_emotion_gemini/ray_results/ray_train_trial_id=30675_00000/checkpoint_2026-07-30_10-00-31.782672), metrics={'nDCG@10': 0.13884449005126953, 'Recall@10': 0.19092611968517303, 'EPC@10': 0.05744856968522072, 'Gini@10': 0.8259880542755127, 'best_nDCG@10': 0.13884449005126953, 'loss': 0.013182258233428001, 'ram_peak_mb': 5152.1953125, 'vram_peak_mb': 671.07861328125, 'epoch': 285, 'step': 47476}, validation_spec=None)
[36m(RayTrainWorker pid=785207)[0m Checkpoint successfully created at: Checkpoint(filesystem=local, path=/home/vincenzo/warprec/experiment/haltgrand/lastfm_emotion_gemini/lastfm_emotion_gemini/ray_results/ray_train_trial_id=30675_00000/checkpoint_2026-07-30_10-00-41.786876)
[36m(RayTrainWorker pid=785207)[0m Reporting training result 287: TrainingReport(checkpoint=Checkpoint(filesystem=local, path=/home/vincenzo/warprec/experiment/haltgrand/lastfm_emotion_gemini/lastfm_emotion_gemini/ray_results/ray_train_trial_id=30675_00000/checkpoint_2026-07-30_10-00-41.786876), metrics={'nDCG@10': 0.13912391662597656, 'Recall@10': 0.19137699902057648, 'EPC@10': 0.05755281075835228, 'Gini@10': 0.8257843852043152, 'best_nDCG@10': 0.13912391662597656, 'loss': 0.013216079212725163, 'ram_peak_mb': 5152.19921875, 'vram_peak_mb': 671.07861328125, 'epoch': 286, 'step': 47642}, validation_spec=None)
[36m(RayTrainWorker pid=785207)[0m Checkpoint successfully created at: Checkpoint(filesystem=local, path=/home/vincenzo/warprec/experiment/haltgrand/lastfm_emotion_gemini/lastfm_emotion_gemini/ray_results/ray_train_trial_id=30675_00000/checkpoint_2026-07-30_10-00-51.075750)
[36m(RayTrainWorker pid=785207)[0m Reporting training result 288: TrainingReport(checkpoint=Checkpoint(filesystem=local, path=/home/vincenzo/warprec/experiment/haltgrand/lastfm_emotion_gemini/lastfm_emotion_gemini/ray_results/ray_train_trial_id=30675_00000/checkpoint_2026-07-30_10-00-51.075750), metrics={'nDCG@10': 0.1392197459936142, 'Recall@10': 0.19147324562072754, 'EPC@10': 0.05760709568858147, 'Gini@10': 0.8255306482315063, 'best_nDCG@10': 0.1392197459936142, 'loss': 0.013203760609030724, 'ram_peak_mb': 5152.21484375, 'vram_peak_mb': 671.07861328125, 'epoch': 287, 'step': 47808}, validation_spec=None)
[36m(RayTrainWorker pid=785207)[0m Checkpoint successfully created at: Checkpoint(filesystem=local, path=/home/vincenzo/warprec/experiment/haltgrand/lastfm_emotion_gemini/lastfm_emotion_gemini/ray_results/ray_train_trial_id=30675_00000/checkpoint_2026-07-30_10-01-01.188362)
[36m(RayTrainWorker pid=785207)[0m Reporting training result 289: TrainingReport(checkpoint=Checkpoint(filesystem=local, path=/home/vincenzo/warprec/experiment/haltgrand/lastfm_emotion_gemini/lastfm_emotion_gemini/ray_results/ray_train_trial_id=30675_00000/checkpoint_2026-07-30_10-01-01.188362), metrics={'nDCG@10': 0.13917317986488342, 'Recall@10': 0.19148026406764984, 'EPC@10': 0.057553526014089584, 'Gini@10': 0.8254489898681641, 'best_nDCG@10': 0.1392197459936142, 'loss': 0.013137619011104107, 'ram_peak_mb': 5152.21484375, 'vram_peak_mb': 671.07861328125, 'epoch': 288, 'step': 47974}, validation_spec=None)
[36m(RayTrainWorker pid=785207)[0m Checkpoint successfully created at: Checkpoint(filesystem=local, path=/home/vincenzo/warprec/experiment/haltgrand/lastfm_emotion_gemini/lastfm_emotion_gemini/ray_results/ray_train_trial_id=30675_00000/checkpoint_2026-07-30_10-01-11.398003)
[36m(RayTrainWorker pid=785207)[0m Reporting training result 290: TrainingReport(checkpoint=Checkpoint(filesystem=local, path=/home/vincenzo/warprec/experiment/haltgrand/lastfm_emotion_gemini/lastfm_emotion_gemini/ray_results/ray_train_trial_id=30675_00000/checkpoint_2026-07-30_10-01-11.398003), metrics={'nDCG@10': 0.13915805518627167, 'Recall@10': 0.19154664874076843, 'EPC@10': 0.05754729360342026, 'Gini@10': 0.8252670764923096, 'best_nDCG@10': 0.1392197459936142, 'loss': 0.013190490193665028, 'ram_peak_mb': 5152.2109375, 'vram_peak_mb': 671.07861328125, 'epoch': 289, 'step': 48140}, validation_spec=None)
[36m(RayTrainWorker pid=785207)[0m Checkpoint successfully created at: Checkpoint(filesystem=local, path=/home/vincenzo/warprec/experiment/haltgrand/lastfm_emotion_gemini/lastfm_emotion_gemini/ray_results/ray_train_trial_id=30675_00000/checkpoint_2026-07-30_10-01-21.333538)
[36m(RayTrainWorker pid=785207)[0m Reporting training result 291: TrainingReport(checkpoint=Checkpoint(filesystem=local, path=/home/vincenzo/warprec/experiment/haltgrand/lastfm_emotion_gemini/lastfm_emotion_gemini/ray_results/ray_train_trial_id=30675_00000/checkpoint_2026-07-30_10-01-21.333538), metrics={'nDCG@10': 0.13927164673805237, 'Recall@10': 0.1916745901107788, 'EPC@10': 0.05760093405842781, 'Gini@10': 0.8253141045570374, 'best_nDCG@10': 0.13927164673805237, 'loss': 0.01314531359821558, 'ram_peak_mb': 5152.20703125, 'vram_peak_mb': 671.07861328125, 'epoch': 290, 'step': 48306}, validation_spec=None)
[36m(RayTrainWorker pid=785207)[0m Checkpoint successfully created at: Checkpoint(filesystem=local, path=/home/vincenzo/warprec/experiment/haltgrand/lastfm_emotion_gemini/lastfm_emotion_gemini/ray_results/ray_train_trial_id=30675_00000/checkpoint_2026-07-30_10-01-31.103601)
[36m(RayTrainWorker pid=785207)[0m Reporting training result 292: TrainingReport(checkpoint=Checkpoint(filesystem=local, path=/home/vincenzo/warprec/experiment/haltgrand/lastfm_emotion_gemini/lastfm_emotion_gemini/ray_results/ray_train_trial_id=30675_00000/checkpoint_2026-07-30_10-01-31.103601), metrics={'nDCG@10': 0.13934247195720673, 'Recall@10': 0.19185958802700043, 'EPC@10': 0.05762770399451256, 'Gini@10': 0.8250596523284912, 'best_nDCG@10': 0.13934247195720673, 'loss': 0.013028492219746113, 'ram_peak_mb': 5152.23046875, 'vram_peak_mb': 671.07861328125, 'epoch': 291, 'step': 48472}, validation_spec=None)
[36m(RayTrainWorker pid=785207)[0m Checkpoint successfully created at: Checkpoint(filesystem=local, path=/home/vincenzo/warprec/experiment/haltgrand/lastfm_emotion_gemini/lastfm_emotion_gemini/ray_results/ray_train_trial_id=30675_00000/checkpoint_2026-07-30_10-01-41.182899)
[36m(RayTrainWorker pid=785207)[0m Reporting training result 293: TrainingReport(checkpoint=Checkpoint(filesystem=local, path=/home/vincenzo/warprec/experiment/haltgrand/lastfm_emotion_gemini/lastfm_emotion_gemini/ray_results/ray_train_trial_id=30675_00000/checkpoint_2026-07-30_10-01-41.182899), metrics={'nDCG@10': 0.1395004391670227, 'Recall@10': 0.192208394408226, 'EPC@10': 0.05769834294915199, 'Gini@10': 0.8248075246810913, 'best_nDCG@10': 0.1395004391670227, 'loss': 0.013020426034927368, 'ram_peak_mb': 5152.20703125, 'vram_peak_mb': 671.07861328125, 'epoch': 292, 'step': 48638}, validation_spec=None)

╭───────────────────────────────────────────────────────────────────────────────────────────────────────────────────────────────────────────────────────────────────────────────────────────────────────────────╮
│ Trial name                  status       embedding_size     n_layers     reg_weight     batch_size     epochs     learning_rate     iter     total time (s)     nDCG@10     Recall@10      EPC@10     Gini@10 │
├───────────────────────────────────────────────────────────────────────────────────────────────────────────────────────────────────────────────────────────────────────────────────────────────────────────────┤
│ LightGCN_QuaintOchreGoose   RUNNING                  64            3         0.0001           4096        300             0.001      284               3106    0.138665      0.190977   0.0573366    0.826282 │
╰───────────────────────────────────────────────────────────────────────────────────────────────────────────────────────────────────────────────────────────────────────────────────────────────────────────────╯
Trial status: 1 RUNNING
Current time: 2026-07-30 10:00:47. Total running time: 52min 35s
Logical resource usage: 0.05/12 CPUs, 0/2 GPUs (0.0/1.0 accelerator_type:G)
Current best trial: 30675_00000 with nDCG@10=0.13912391662597656 and params={'embedding_size': 64, 'n_layers': 3, 'reg_weight': 0.0001, 'batch_size': 4096, 'epochs': 300, 'learning_rate': 0.001}
╭───────────────────────────────────────────────────────────────────────────────────────────────────────────────────────────────────────────────────────────────────────────────────────────────────────────────╮
│ Trial name                  status       embedding_size     n_layers     reg_weight     batch_size     epochs     learning_rate     iter     total time (s)     nDCG@10     Recall@10      EPC@10     Gini@10 │
├───────────────────────────────────────────────────────────────────────────────────────────────────────────────────────────────────────────────────────────────────────────────────────────────────────────────┤
│ LightGCN_QuaintOchreGoose   RUNNING                  64            3         0.0001           4096        300             0.001      287            3138.38    0.139124      0.191377   0.0575528    0.825784 │
╰───────────────────────────────────────────────────────────────────────────────────────────────────────────────────────────────────────────────────────────────────────────────────────────────────────────────╯
Trial status: 1 RUNNING
Current time: 2026-07-30 10:01:17. Total running time: 53min 5s
Logical resource usage: 0.05/12 CPUs, 0/2 GPUs (0.0/1.0 accelerator_type:G)
Current best trial: 30675_00000 with nDCG@10=0.13915805518627167 and params={'embedding_size': 64, 'n_layers': 3, 'reg_weight': 0.0001, 'batch_size': 4096, 'epochs': 300, 'learning_rate': 0.001}
╭───────────────────────────────────────────────────────────────────────────────────────────────────────────────────────────────────────────────────────────────────────────────────────────────────────────────╮
│ Trial name                  status       embedding_size     n_layers     reg_weight     batch_size     epochs     learning_rate     iter     total time (s)     nDCG@10     Recall@10      EPC@10     Gini@10 │
├───────────────────────────────────────────────────────────────────────────────────────────────────────────────────────────────────────────────────────────────────────────────────────────────────────────────┤
│ LightGCN_QuaintOchreGoose   RUNNING                  64            3         0.0001           4096        300             0.001      290             3166.4    0.139158      0.191547   0.0575473    0.825267 │
╰───────────────────────────────────────────────────────────────────────────────────────────────────────────────────────────────────────────────────────────────────────────────────────────────────────────────╯
Trial status: 1 RUNNING
Current time: 2026-07-30 10:01:47. Total running time: 53min 35s
Logical resource usage: 0.05/12 CPUs, 0/2 GPUs (0.0/1.0 accelerator_type:G)
Current best trial: 30675_00000 with nDCG@10=0.1395004391670227 and params={'embedding_size': 64, 'n_layers': 3, 'reg_weight': 0.0001, 'batch_size': 4096, 'epochs': 300, 'learning_rate': 0.001}
╭───────────────────────────────────────────────────────────────────────────────────────────────────────────────────────────────────────────────────────────────────────────────────────────────────────────────╮
│ Trial name                  status       embedding_size     n_layers     reg_weight     batch_size     epochs     learning_rate     iter     total time (s)     nDCG@10     Recall@10      EPC@10     Gini@10 │
├───────────────────────────────────────────────────────────────────────────────────────────────────────────────────────────────────────────────────────────────────────────────────────────────────────────────┤
│ LightGCN_QuaintOchreGoose   RUNNING                  64            3         0.0001           4096        300             0.001      293            3196.78      0.1395      0.192208   0.0576983    0.824808 │
╰───────────────────────────────────────────────────────────────────────────────────────────────────────────────────────────────────────────────────────────────────────────────────────────────────────────────╯[36m(RayTrainWorker pid=785207)[0m Checkpoint successfully created at: Checkpoint(filesystem=local, path=/home/vincenzo/warprec/experiment/haltgrand/lastfm_emotion_gemini/lastfm_emotion_gemini/ray_results/ray_train_trial_id=30675_00000/checkpoint_2026-07-30_10-01-51.193253)
[36m(RayTrainWorker pid=785207)[0m Reporting training result 294: TrainingReport(checkpoint=Checkpoint(filesystem=local, path=/home/vincenzo/warprec/experiment/haltgrand/lastfm_emotion_gemini/lastfm_emotion_gemini/ray_results/ray_train_trial_id=30675_00000/checkpoint_2026-07-30_10-01-51.193253), metrics={'nDCG@10': 0.1396433264017105, 'Recall@10': 0.19236256182193756, 'EPC@10': 0.05778537318110466, 'Gini@10': 0.8244726657867432, 'best_nDCG@10': 0.1396433264017105, 'loss': 0.01316122617572546, 'ram_peak_mb': 5153.23046875, 'vram_peak_mb': 671.07861328125, 'epoch': 293, 'step': 48804}, validation_spec=None)
[36m(RayTrainWorker pid=785207)[0m Checkpoint successfully created at: Checkpoint(filesystem=local, path=/home/vincenzo/warprec/experiment/haltgrand/lastfm_emotion_gemini/lastfm_emotion_gemini/ray_results/ray_train_trial_id=30675_00000/checkpoint_2026-07-30_10-02-01.113486)
[36m(RayTrainWorker pid=785207)[0m Reporting training result 295: TrainingReport(checkpoint=Checkpoint(filesystem=local, path=/home/vincenzo/warprec/experiment/haltgrand/lastfm_emotion_gemini/lastfm_emotion_gemini/ray_results/ray_train_trial_id=30675_00000/checkpoint_2026-07-30_10-02-01.113486), metrics={'nDCG@10': 0.1396549493074417, 'Recall@10': 0.19216600060462952, 'EPC@10': 0.05778305232524872, 'Gini@10': 0.8245885372161865, 'best_nDCG@10': 0.1396549493074417, 'loss': 0.013018481433391571, 'ram_peak_mb': 5154.21875, 'vram_peak_mb': 671.07861328125, 'epoch': 294, 'step': 48970}, validation_spec=None)
[36m(RayTrainWorker pid=785207)[0m Checkpoint successfully created at: Checkpoint(filesystem=local, path=/home/vincenzo/warprec/experiment/haltgrand/lastfm_emotion_gemini/lastfm_emotion_gemini/ray_results/ray_train_trial_id=30675_00000/checkpoint_2026-07-30_10-02-11.684011)
[36m(RayTrainWorker pid=785207)[0m Reporting training result 296: TrainingReport(checkpoint=Checkpoint(filesystem=local, path=/home/vincenzo/warprec/experiment/haltgrand/lastfm_emotion_gemini/lastfm_emotion_gemini/ray_results/ray_train_trial_id=30675_00000/checkpoint_2026-07-30_10-02-11.684011), metrics={'nDCG@10': 0.13985808193683624, 'Recall@10': 0.19298383593559265, 'EPC@10': 0.05786541476845741, 'Gini@10': 0.8244719505310059, 'best_nDCG@10': 0.13985808193683624, 'loss': 0.01307286974042654, 'ram_peak_mb': 5152.70703125, 'vram_peak_mb': 671.07861328125, 'epoch': 295, 'step': 49136}, validation_spec=None)
[36m(RayTrainWorker pid=785207)[0m Checkpoint successfully created at: Checkpoint(filesystem=local, path=/home/vincenzo/warprec/experiment/haltgrand/lastfm_emotion_gemini/lastfm_emotion_gemini/ray_results/ray_train_trial_id=30675_00000/checkpoint_2026-07-30_10-02-21.921073)
[36m(RayTrainWorker pid=785207)[0m Reporting training result 297: TrainingReport(checkpoint=Checkpoint(filesystem=local, path=/home/vincenzo/warprec/experiment/haltgrand/lastfm_emotion_gemini/lastfm_emotion_gemini/ray_results/ray_train_trial_id=30675_00000/checkpoint_2026-07-30_10-02-21.921073), metrics={'nDCG@10': 0.13965435326099396, 'Recall@10': 0.1927814930677414, 'EPC@10': 0.05776418372988701, 'Gini@10': 0.8242106437683105, 'best_nDCG@10': 0.13985808193683624, 'loss': 0.013101146556437016, 'ram_peak_mb': 5153.23828125, 'vram_peak_mb': 671.07861328125, 'epoch': 296, 'step': 49302}, validation_spec=None)
[36m(RayTrainWorker pid=785207)[0m Checkpoint successfully created at: Checkpoint(filesystem=local, path=/home/vincenzo/warprec/experiment/haltgrand/lastfm_emotion_gemini/lastfm_emotion_gemini/ray_results/ray_train_trial_id=30675_00000/checkpoint_2026-07-30_10-02-31.537841)
[36m(RayTrainWorker pid=785207)[0m Reporting training result 298: TrainingReport(checkpoint=Checkpoint(filesystem=local, path=/home/vincenzo/warprec/experiment/haltgrand/lastfm_emotion_gemini/lastfm_emotion_gemini/ray_results/ray_train_trial_id=30675_00000/checkpoint_2026-07-30_10-02-31.537841), metrics={'nDCG@10': 0.13973334431648254, 'Recall@10': 0.1926947385072708, 'EPC@10': 0.057817328721284866, 'Gini@10': 0.8238750100135803, 'best_nDCG@10': 0.13985808193683624, 'loss': 0.01306587178260088, 'ram_peak_mb': 5153.23828125, 'vram_peak_mb': 671.07861328125, 'epoch': 297, 'step': 49468}, validation_spec=None)
[36m(RayTrainWorker pid=785207)[0m Checkpoint successfully created at: Checkpoint(filesystem=local, path=/home/vincenzo/warprec/experiment/haltgrand/lastfm_emotion_gemini/lastfm_emotion_gemini/ray_results/ray_train_trial_id=30675_00000/checkpoint_2026-07-30_10-02-41.379024)
[36m(RayTrainWorker pid=785207)[0m Reporting training result 299: TrainingReport(checkpoint=Checkpoint(filesystem=local, path=/home/vincenzo/warprec/experiment/haltgrand/lastfm_emotion_gemini/lastfm_emotion_gemini/ray_results/ray_train_trial_id=30675_00000/checkpoint_2026-07-30_10-02-41.379024), metrics={'nDCG@10': 0.13984796404838562, 'Recall@10': 0.1926962286233902, 'EPC@10': 0.05784868821501732, 'Gini@10': 0.8239765167236328, 'best_nDCG@10': 0.13985808193683624, 'loss': 0.012897467240691185, 'ram_peak_mb': 5153.25390625, 'vram_peak_mb': 671.07861328125, 'epoch': 298, 'step': 49634}, validation_spec=None)
[36m(RayTrainWorker pid=785207)[0m Checkpoint successfully created at: Checkpoint(filesystem=local, path=/home/vincenzo/warprec/experiment/haltgrand/lastfm_emotion_gemini/lastfm_emotion_gemini/ray_results/ray_train_trial_id=30675_00000/checkpoint_2026-07-30_10-02-51.681479)
[36m(RayTrainWorker pid=785207)[0m Reporting training result 300: TrainingReport(checkpoint=Checkpoint(filesystem=local, path=/home/vincenzo/warprec/experiment/haltgrand/lastfm_emotion_gemini/lastfm_emotion_gemini/ray_results/ray_train_trial_id=30675_00000/checkpoint_2026-07-30_10-02-51.681479), metrics={'nDCG@10': 0.1399247795343399, 'Recall@10': 0.19262386858463287, 'EPC@10': 0.0578530952334404, 'Gini@10': 0.8242260217666626, 'best_nDCG@10': 0.1399247795343399, 'loss': 0.012971499934792519, 'ram_peak_mb': 5152.265625, 'vram_peak_mb': 671.07861328125, 'epoch': 299, 'step': 49800}, validation_spec=None)
2026-07-30 10:02:54,877	INFO tune.py:1009 -- Wrote the latest version of all result files and experiment state to '/home/vincenzo/warprec/experiment/haltgrand/lastfm_emotion_gemini/lastfm_emotion_gemini/ray_results/train_driver_fn_2026-07-30_09-08-11' in 0.0128s.

Trial status: 1 RUNNING
Current time: 2026-07-30 10:02:17. Total running time: 54min 5s
Logical resource usage: 0.05/12 CPUs, 0/2 GPUs (0.0/1.0 accelerator_type:G)
Current best trial: 30675_00000 with nDCG@10=0.13985808193683624 and params={'embedding_size': 64, 'n_layers': 3, 'reg_weight': 0.0001, 'batch_size': 4096, 'epochs': 300, 'learning_rate': 0.001}
╭───────────────────────────────────────────────────────────────────────────────────────────────────────────────────────────────────────────────────────────────────────────────────────────────────────────────╮
│ Trial name                  status       embedding_size     n_layers     reg_weight     batch_size     epochs     learning_rate     iter     total time (s)     nDCG@10     Recall@10      EPC@10     Gini@10 │
├───────────────────────────────────────────────────────────────────────────────────────────────────────────────────────────────────────────────────────────────────────────────────────────────────────────────┤
│ LightGCN_QuaintOchreGoose   RUNNING                  64            3         0.0001           4096        300             0.001      296             3226.8    0.139858      0.192984   0.0578654    0.824472 │
╰───────────────────────────────────────────────────────────────────────────────────────────────────────────────────────────────────────────────────────────────────────────────────────────────────────────────╯
Trial status: 1 RUNNING
Current time: 2026-07-30 10:02:47. Total running time: 54min 35s
Logical resource usage: 0.05/12 CPUs, 0/2 GPUs (0.0/1.0 accelerator_type:G)
Current best trial: 30675_00000 with nDCG@10=0.13984796404838562 and params={'embedding_size': 64, 'n_layers': 3, 'reg_weight': 0.0001, 'batch_size': 4096, 'epochs': 300, 'learning_rate': 0.001}
╭───────────────────────────────────────────────────────────────────────────────────────────────────────────────────────────────────────────────────────────────────────────────────────────────────────────────╮
│ Trial name                  status       embedding_size     n_layers     reg_weight     batch_size     epochs     learning_rate     iter     total time (s)     nDCG@10     Recall@10      EPC@10     Gini@10 │
├───────────────────────────────────────────────────────────────────────────────────────────────────────────────────────────────────────────────────────────────────────────────────────────────────────────────┤
│ LightGCN_QuaintOchreGoose   RUNNING                  64            3         0.0001           4096        300             0.001      299            3257.23    0.139848      0.192696   0.0578487    0.823977 │
╰───────────────────────────────────────────────────────────────────────────────────────────────────────────────────────────────────────────────────────────────────────────────────────────────────────────────╯

Trial LightGCN_QuaintOchreGoose completed after 300 iterations at 2026-07-30 10:02:54. Total running time: 54min 43s
╭─────────────────────────────────────────────────────────────────╮
│ Trial LightGCN_QuaintOchreGoose result                          │
├─────────────────────────────────────────────────────────────────┤
│ checkpoint_dir_name                                             │
│ time_this_iter_s                                        9.88615 │
│ time_total_s                                         3267.11937 │
│ training_iteration                                          300 │
│ EPC@10                                                  0.05785 │
│ Gini@10                                                 0.82423 │
│ Recall@10                                               0.19262 │
│ best_nDCG@10                                            0.13992 │
│ checkpoint_path                            ...0_10-02-51.681479 │
│ epoch                                                       299 │
│ loss                                                    0.01297 │
│ nDCG@10                                                 0.13992 │
│ ram_peak_mb                                          5152.26562 │
│ step                                                      49800 │
│ vram_peak_mb                                          671.07861 │
╰─────────────────────────────────────────────────────────────────╯

Trial status: 1 TERMINATED
Current time: 2026-07-30 10:02:54. Total running time: 54min 43s
Logical resource usage: 0.05/12 CPUs, 0/2 GPUs (0.0/1.0 accelerator_type:G)
Current best trial: 30675_00000 with nDCG@10=0.1399247795343399 and params={'embedding_size': 64, 'n_layers': 3, 'reg_weight': 0.0001, 'batch_size': 4096, 'epochs': 300, 'learning_rate': 0.001}
╭─────────────────────────────────────────────────────────────────────────────────────────────────────────────────────────────────────────────────────────────────────────────────────────────────────────────────╮
│ Trial name                  status         embedding_size     n_layers     reg_weight     batch_size     epochs     learning_rate     iter     total time (s)     nDCG@10     Recall@10      EPC@10     Gini@10 │
├─────────────────────────────────────────────────────────────────────────────────────────────────────────────────────────────────────────────────────────────────────────────────────────────────────────────────┤
│ LightGCN_QuaintOchreGoose   TERMINATED                 64            3         0.0001           4096        300             0.001      300            3267.12    0.139925      0.192624   0.0578531    0.824226 │
╰─────────────────────────────────────────────────────────────────────────────────────────────────────────────────────────────────────────────────────────────────────────────────────────────────────────────────╯

30-07-2026 10:02:54 - WarpRec - 📝 [37mBest params: {'embedding_size': 64, 'n_layers': 3, 'reg_weight': 0.0001, 'batch_size': 4096, 'epochs': 300, 'learning_rate': 0.001} | Score (nDCG@10): 0.1399247795343399 | Iteration: 300[0m
30-07-2026 10:02:54 - WarpRec - ✅ [32mHPO for LightGCN ended successfully.[0m
30-07-2026 10:02:55 - WarpRec - 📝 [37mDelegating evaluation of LightGCN model to Ray cluster[0m
[36m(RayTrainWorker pid=785207)[0m [rank0]:[W730 10:02:55.139593399 ProcessGroupNCCL.cpp:1476] Warning: WARNING: destroy_process_group() was not called before program exit, which can leak resources. For more info, please see https://pytorch.org/docs/stable/distributed.html#shutdown (function operator())
[36m(pid=839047)[0m /opt/miniconda3/envs/warprec/lib/python3.12/site-packages/hyperopt/atpe.py:19: UserWarning: pkg_resources is deprecated as an API. See https://setuptools.pypa.io/en/latest/pkg_resources.html. The pkg_resources package is slated for removal as early as 2025-11-30. Refrain from using this package or pin to Setuptools<81.
[36m(pid=839047)[0m   import pkg_resources
[36m(remote_evaluation_and_timing pid=839047)[0m 30-07-2026 10:03:06 - WarpRec - 📝 [37mStarting evaluation process for model LightGCN.[0m
30-07-2026 10:03:10 - WarpRec - 📝 [37m---------------------------Test--------------------------[0m
30-07-2026 10:03:10 - WarpRec - 📝 [37m+----------+----------+----------+-----------+----------+[0m
30-07-2026 10:03:10 - WarpRec - 📝 [37m| Cutoff   |     nDCG |   Recall |       EPC |     Gini |[0m
30-07-2026 10:03:10 - WarpRec - 📝 [37m+==========+==========+==========+===========+==========+[0m
30-07-2026 10:03:10 - WarpRec - 📝 [37m| Top@10   | 0.139925 | 0.192624 | 0.0578531 | 0.824226 |[0m
30-07-2026 10:03:10 - WarpRec - 📝 [37m+----------+----------+----------+-----------+----------+[0m
[36m(remote_evaluation_and_timing pid=839047)[0m 30-07-2026 10:03:10 - WarpRec - ✅ [32mEvaluation completed for model LightGCN. Time: 00:00:03[0m
30-07-2026 10:03:10 - WarpRec - 📝 [37mResults successfully written to experiment/haltgrand/lastfm_emotion_gemini/lastfm_emotion_gemini/evaluation/Overall_Results_30.07.2026_09-07-59.tsv[0m
30-07-2026 10:03:10 - WarpRec - 📝 [37mParameters successfully written to experiment/haltgrand/lastfm_emotion_gemini/lastfm_emotion_gemini/params/Overall_Params_30.07.2026_09-07-59.json[0m
30-07-2026 10:03:10 - WarpRec - ✅ [32mAll experiments concluded. WarpRec is shutting down.[0m
